from_vtd10,district,weight
120010001,3,1.0000000000
120010002,3,1.0000000000
120010003,3,1.0000000000
120010004,3,1.0000000000
120010005,3,1.0000000000
120010006,3,1.0000000000
120010007,3,1.0000000000
120010008,3,1.0000000000
120010009,3,1.0000000000
120010010,3,1.0000000000
120010011,3,1.0000000000
120010012,3,1.0000000000
120010013,3,1.0000000000
120010014,3,1.0000000000
120010015,3,1.0000000000
120010016,3,1.0000000000
120010017,3,1.0000000000
120010018,3,1.0000000000
120010019,3,1.0000000000
120010020,3,1.0000000000
120010021,3,1.0000000000
120010022,3,1.0000000000
120010023,3,1.0000000000
120010024,3,1.0000000000
120010025,3,1.0000000000
120010026,3,1.0000000000
120010027,3,1.0000000000
120010028,3,1.0000000000
120010029,3,1.0000000000
120010030,3,1.0000000000
120010031,3,1.0000000000
120010032,3,1.0000000000
120010033,3,1.0000000000
120010034,3,1.0000000000
120010035,3,1.0000000000
120010036,3,1.0000000000
120010037,3,1.0000000000
120010038,3,1.0000000000
120010039,3,1.0000000000
120010040,3,1.0000000000
120010041,3,1.0000000000
120010042,3,1.0000000000
120010043,3,1.0000000000
120010044,3,1.0000000000
120010045,3,1.0000000000
120010046,3,1.0000000000
120010047,3,1.0000000000
120010048,3,1.0000000000
120010049,3,1.0000000000
120010050,3,1.0000000000
120010051,3,1.0000000000
120010052,3,1.0000000000
120010053,3,1.0000000000
120010054,3,1.0000000000
120010055,3,1.0000000000
120010056,3,1.0000000000
120010057,3,1.0000000000
120010058,3,1.0000000000
120010059,3,1.0000000000
120010060,3,1.0000000000
120010061,3,1.0000000000
120010062,3,1.0000000000
120010063,3,1.0000000000
120010064,3,1.0000000000
120010065,3,1.0000000000
120010066,3,1.0000000000
120010067,3,1.0000000000
120010068,3,1.0000000000
120010069,3,1.0000000000
120010070,3,1.0000000000
120010071,3,1.0000000000
120030001,3,1.0000000000
120030002,3,1.0000000000
120030003,3,1.0000000000
120030004,3,1.0000000000
120030005,3,1.0000000000
120030006,3,1.0000000000
120030007,3,1.0000000000
120030008,3,1.0000000000
120030009,3,1.0000000000
120050001,2,1.0000000000
120050002,2,1.0000000000
120050003,2,1.0000000000
120050004,2,1.0000000000
120050005,2,1.0000000000
120050006,2,1.0000000000
120050007,2,1.0000000000
120050008,2,1.0000000000
120050009,2,1.0000000000
120050010,2,1.0000000000
120050011,2,1.0000000000
120050012,2,1.0000000000
120050013,2,1.0000000000
120050014,2,1.0000000000
120050015,2,1.0000000000
120050016,2,1.0000000000
120050017,2,1.0000000000
120050018,2,1.0000000000
120050019,2,1.0000000000
120050020,2,1.0000000000
120050021,2,1.0000000000
120050022,2,1.0000000000
120050023,2,1.0000000000
120050024,2,1.0000000000
120050025,2,1.0000000000
120050026,2,1.0000000000
120050027,2,1.0000000000
120050028,2,1.0000000000
120050029,2,1.0000000000
120050030,2,1.0000000000
120050031,2,1.0000000000
120050032,2,1.0000000000
120050033,2,1.0000000000
120050034,2,1.0000000000
120050035,2,1.0000000000
120050036,2,1.0000000000
120050037,2,1.0000000000
120050038,2,1.0000000000
120050039,2,1.0000000000
120050040,2,1.0000000000
120050041,2,1.0000000000
120050042,2,1.0000000000
120050043,2,1.0000000000
120050044,2,1.0000000000
120050045,2,1.0000000000
120050046,2,1.0000000000
120050047,2,1.0000000000
120050048,2,1.0000000000
120050049,2,1.0000000000
120050050,2,1.0000000000
120050051,2,1.0000000000
120050052,2,1.0000000000
120050053,2,1.0000000000
120050054,2,1.0000000000
120050055,2,1.0000000000
120050056,2,1.0000000000
120050057,2,1.0000000000
120050058,2,1.0000000000
120070001,3,1.0000000000
120070002,3,1.0000000000
120070003,3,1.0000000000
120070004,3,1.0000000000
120070005,3,1.0000000000
120070006,3,1.0000000000
120070007,3,1.0000000000
120070008,3,1.0000000000
120070009,3,1.0000000000
120070010,3,1.0000000000
120070011,3,1.0000000000
120070012,3,1.0000000000
120070013,3,1.0000000000
120070014,3,1.0000000000
120070015,3,1.0000000000
120070016,3,1.0000000000
120070017,3,1.0000000000
120070018,3,1.0000000000
120070019,3,1.0000000000
120070020,3,1.0000000000
120090001,8,1.0000000000
120090002,8,1.0000000000
120090003,8,1.0000000000
120090004,8,1.0000000000
120090005,8,1.0000000000
120090006,8,1.0000000000
120090007,8,1.0000000000
120090008,8,1.0000000000
120090009,8,1.0000000000
120090010,8,1.0000000000
120090011,8,1.0000000000
120090012,8,1.0000000000
120090013,8,1.0000000000
120090014,8,1.0000000000
120090015,8,1.0000000000
120090016,8,1.0000000000
120090017,8,1.0000000000
120090018,8,1.0000000000
120090019,8,1.0000000000
120090020,8,1.0000000000
120090021,8,1.0000000000
120090022,8,1.0000000000
120090023,8,1.0000000000
120090024,8,1.0000000000
120090025,8,1.0000000000
120090026,8,1.0000000000
120090027,8,1.0000000000
120090028,8,1.0000000000
120090029,8,1.0000000000
120090030,8,1.0000000000
120090031,8,1.0000000000
120090032,8,1.0000000000
120090033,8,1.0000000000
120090034,8,1.0000000000
120090035,8,1.0000000000
120090036,8,1.0000000000
120090037,8,1.0000000000
120090038,8,1.0000000000
120090039,8,1.0000000000
120090040,8,1.0000000000
120090041,8,1.0000000000
120090042,8,1.0000000000
120090043,8,1.0000000000
120090044,8,1.0000000000
120090045,8,1.0000000000
120090046,8,1.0000000000
120090047,8,1.0000000000
120090048,8,1.0000000000
120090049,8,1.0000000000
120090050,8,1.0000000000
120090051,8,1.0000000000
120090052,8,1.0000000000
120090053,8,1.0000000000
120090054,8,1.0000000000
120090055,8,1.0000000000
120090056,8,1.0000000000
120090057,8,1.0000000000
120090058,8,1.0000000000
120090059,8,1.0000000000
120090060,8,1.0000000000
120090061,8,1.0000000000
120090062,8,1.0000000000
120090063,8,1.0000000000
120090064,8,1.0000000000
120090065,8,1.0000000000
120090066,8,1.0000000000
120090067,8,1.0000000000
120090068,8,1.0000000000
120090069,8,1.0000000000
120090070,8,1.0000000000
120090071,8,1.0000000000
120090072,8,1.0000000000
120090073,8,1.0000000000
120090074,8,1.0000000000
120090075,8,1.0000000000
120090076,8,1.0000000000
120090077,8,1.0000000000
120090078,8,1.0000000000
120090079,8,1.0000000000
120090080,8,1.0000000000
120090081,8,1.0000000000
120090082,8,1.0000000000
120090083,8,1.0000000000
120090084,8,1.0000000000
120090085,8,1.0000000000
120090086,8,1.0000000000
120090087,8,1.0000000000
120090088,8,1.0000000000
120090089,8,1.0000000000
120090090,8,1.0000000000
120090091,8,1.0000000000
120090092,8,1.0000000000
120090093,8,1.0000000000
120090094,8,1.0000000000
120090095,8,1.0000000000
120090096,8,1.0000000000
120090097,8,1.0000000000
120090098,8,1.0000000000
120090099,8,1.0000000000
120090100,8,1.0000000000
120090101,8,1.0000000000
120090102,8,1.0000000000
120090103,8,1.0000000000
120090104,8,1.0000000000
120090105,8,1.0000000000
120090106,8,1.0000000000
120090107,8,1.0000000000
120090108,8,1.0000000000
120090109,8,1.0000000000
120090110,8,1.0000000000
120090111,8,1.0000000000
120090112,8,1.0000000000
120090113,8,1.0000000000
120090114,8,1.0000000000
120090115,8,1.0000000000
120090116,8,1.0000000000
120090117,8,1.0000000000
120090118,8,1.0000000000
120090119,8,1.0000000000
120090120,8,1.0000000000
120090121,8,1.0000000000
120090122,8,1.0000000000
120090123,8,1.0000000000
120090124,8,1.0000000000
120090125,8,1.0000000000
120090126,8,1.0000000000
120090127,8,1.0000000000
120090128,8,1.0000000000
120090129,8,1.0000000000
120090130,8,1.0000000000
120090131,8,1.0000000000
120090132,8,1.0000000000
120090133,8,1.0000000000
120090134,8,1.0000000000
120090135,8,1.0000000000
120090136,8,1.0000000000
120090137,8,1.0000000000
120090138,8,1.0000000000
120090139,8,1.0000000000
120090140,8,1.0000000000
120090141,8,1.0000000000
120090142,8,1.0000000000
120090143,8,1.0000000000
120090144,8,1.0000000000
120090145,8,1.0000000000
120090146,8,1.0000000000
120090147,8,1.0000000000
120090148,8,1.0000000000
120090149,8,1.0000000000
120090150,8,1.0000000000
120090151,8,1.0000000000
120090152,8,1.0000000000
120090153,8,1.0000000000
120090154,8,1.0000000000
120090155,8,1.0000000000
120090156,8,1.0000000000
120090157,8,1.0000000000
120090158,8,1.0000000000
120090159,8,1.0000000000
120090160,8,1.0000000000
120090161,8,1.0000000000
120090162,8,1.0000000000
120090163,8,1.0000000000
120090164,8,1.0000000000
120090165,8,1.0000000000
120090166,8,1.0000000000
120090167,8,1.0000000000
120090168,8,1.0000000000
120090169,8,1.0000000000
120090170,8,1.0000000000
120090171,8,1.0000000000
120090172,8,1.0000000000
120090173,8,1.0000000000
120090174,8,1.0000000000
120090175,8,1.0000000000
120090176,8,1.0000000000
120090177,8,1.0000000000
120090178,8,1.0000000000
120090179,8,1.0000000000
120090180,8,1.0000000000
120090181,8,1.0000000000
120090182,8,1.0000000000
120090183,8,1.0000000000
120090184,8,1.0000000000
120090185,8,1.0000000000
120090186,8,1.0000000000
120090187,8,1.0000000000
120090188,8,1.0000000000
120090189,8,1.0000000000
120090190,8,1.0000000000
120090191,8,1.0000000000
120090192,8,1.0000000000
120090193,8,1.0000000000
120090194,8,1.0000000000
120090195,8,1.0000000000
120090196,8,1.0000000000
120090197,8,1.0000000000
120090198,8,1.0000000000
120090199,8,1.0000000000
120090200,8,1.0000000000
120090201,8,1.0000000000
120090202,8,1.0000000000
120090203,8,1.0000000000
120090204,8,1.0000000000
120090205,8,1.0000000000
120090206,8,1.0000000000
120090207,8,1.0000000000
120090208,8,1.0000000000
120090209,8,1.0000000000
120090210,8,1.0000000000
120090211,8,1.0000000000
120090212,8,1.0000000000
120090213,8,1.0000000000
120090214,8,1.0000000000
120090215,8,1.0000000000
120090216,8,1.0000000000
120090217,8,1.0000000000
120090218,8,1.0000000000
120090219,8,1.0000000000
120090220,8,1.0000000000
120090221,8,1.0000000000
120090222,8,1.0000000000
120090223,8,1.0000000000
120090224,8,1.0000000000
120090225,8,1.0000000000
120090226,8,1.0000000000
120090227,8,1.0000000000
120090228,8,1.0000000000
120090229,8,1.0000000000
120090230,8,1.0000000000
120090231,8,1.0000000000
120090232,8,1.0000000000
120090233,8,1.0000000000
120090234,8,1.0000000000
120090235,8,1.0000000000
120090236,8,1.0000000000
120090237,8,1.0000000000
120090238,8,1.0000000000
120090239,8,1.0000000000
120090240,8,1.0000000000
120090241,8,1.0000000000
120090242,8,1.0000000000
120090243,8,1.0000000000
120090244,8,1.0000000000
120090245,8,1.0000000000
120090246,8,1.0000000000
120090247,8,1.0000000000
120090248,8,1.0000000000
120090249,8,1.0000000000
120090250,8,1.0000000000
120090251,8,1.0000000000
120090252,8,1.0000000000
120090253,8,1.0000000000
120090254,8,1.0000000000
120090255,8,1.0000000000
120090256,8,1.0000000000
120090257,8,1.0000000000
120090258,8,1.0000000000
120090259,8,1.0000000000
120090260,8,1.0000000000
120090261,8,1.0000000000
120090262,8,1.0000000000
120090263,8,1.0000000000
120090264,8,1.0000000000
120090265,8,1.0000000000
120090266,8,1.0000000000
120090267,8,1.0000000000
120090268,8,1.0000000000
120090269,8,1.0000000000
120090270,8,1.0000000000
120090271,8,1.0000000000
120090272,8,1.0000000000
120090273,8,1.0000000000
120090274,8,1.0000000000
120090275,8,1.0000000000
120090276,8,1.0000000000
120090277,8,1.0000000000
120090278,8,1.0000000000
120090279,8,1.0000000000
120090280,8,1.0000000000
120090281,8,1.0000000000
120090282,8,1.0000000000
120090283,8,1.0000000000
120090284,8,1.0000000000
120090285,8,1.0000000000
120090286,8,1.0000000000
120090287,8,1.0000000000
120090288,8,1.0000000000
120090289,8,1.0000000000
120090290,8,1.0000000000
120090291,8,1.0000000000
120090292,8,1.0000000000
120090293,8,1.0000000000
120090294,8,1.0000000000
120090295,8,1.0000000000
120090296,8,1.0000000000
120090297,8,1.0000000000
120090298,8,1.0000000000
120090299,8,1.0000000000
120090300,8,1.0000000000
120090301,8,1.0000000000
120090302,8,1.0000000000
120090303,8,1.0000000000
120090304,8,1.0000000000
120090305,8,1.0000000000
120090306,8,1.0000000000
120090307,8,1.0000000000
120090308,8,1.0000000000
120090309,8,1.0000000000
120090310,8,1.0000000000
120090311,8,1.0000000000
120090312,8,1.0000000000
120090313,8,1.0000000000
120090314,8,1.0000000000
120090315,8,1.0000000000
120090316,8,1.0000000000
120090317,8,1.0000000000
120090318,8,1.0000000000
120090319,8,1.0000000000
120090320,8,1.0000000000
120090321,8,1.0000000000
120090322,8,1.0000000000
120090323,8,1.0000000000
120090324,8,1.0000000000
120090325,8,1.0000000000
120090326,8,1.0000000000
120090327,8,1.0000000000
120090328,8,1.0000000000
120090329,8,1.0000000000
120090330,8,1.0000000000
120090331,8,1.0000000000
120090332,8,1.0000000000
120090333,8,1.0000000000
120090334,8,1.0000000000
120090335,8,1.0000000000
120090336,8,1.0000000000
120090337,8,1.0000000000
120090338,8,1.0000000000
120090339,8,1.0000000000
120090340,8,1.0000000000
120090342,8,1.0000000000
120090343,8,1.0000000000
120090344,8,1.0000000000
120090345,8,1.0000000000
120110001,23,1.0000000000
120110002,23,1.0000000000
120110003,23,1.0000000000
120110004,23,1.0000000000
120110005,20,0.0204081633
120110005,23,0.9795918367
120110006,23,1.0000000000
120110007,20,0.9677419355
120110007,23,0.0322580645
120110008,23,1.0000000000
120110009,23,1.0000000000
120110010,20,0.8720056554
120110010,23,0.1279943446
120110011,23,1.0000000000
120110012,23,1.0000000000
120110013,23,1.0000000000
120110014,23,1.0000000000
120110015,20,0.9038461538
120110015,23,0.0961538462
120110016,23,1.0000000000
120110017,23,1.0000000000
120110018,23,1.0000000000
120110019,23,1.0000000000
120110020,23,1.0000000000
120110021,23,1.0000000000
120110022,23,1.0000000000
120110023,20,1.0000000000
120110024,23,1.0000000000
120110025,23,1.0000000000
120110026,23,1.0000000000
120110027,20,0.3333333333
120110027,23,0.6666666667
120110028,23,1.0000000000
120110029,20,0.2500000000
120110029,23,0.7500000000
120110030,20,0.0789473684
120110030,23,0.9210526316
120110031,20,1.0000000000
120110032,20,1.0000000000
120110033,23,1.0000000000
120110034,23,1.0000000000
120110035,20,0.5333333333
120110035,23,0.4666666667
120110036,23,1.0000000000
120110037,20,1.0000000000
120110038,20,1.0000000000
120110039,20,1.0000000000
120110040,20,1.0000000000
120110041,23,1.0000000000
120110042,23,1.0000000000
120110043,23,1.0000000000
120110044,25,1.0000000000
120110045,25,1.0000000000
120110046,23,1.0000000000
120110047,23,1.0000000000
120110048,23,1.0000000000
120110049,23,1.0000000000
120110050,23,1.0000000000
120110051,23,1.0000000000
120110052,23,1.0000000000
120110053,23,1.0000000000
120110054,23,1.0000000000
120110055,23,1.0000000000
120110056,23,1.0000000000
120110057,23,1.0000000000
120110058,20,1.0000000000
120110059,20,1.0000000000
120110060,23,1.0000000000
120110061,23,1.0000000000
120110062,20,0.7727272727
120110062,23,0.2272727273
120110063,23,1.0000000000
120110064,23,1.0000000000
120110065,23,1.0000000000
120110066,23,1.0000000000
120110067,23,1.0000000000
120110068,23,1.0000000000
120110069,20,1.0000000000
120110070,20,1.0000000000
120110071,23,1.0000000000
120110072,23,1.0000000000
120110073,23,1.0000000000
120110074,23,1.0000000000
120110075,23,1.0000000000
120110076,23,1.0000000000
120110077,23,1.0000000000
120110078,23,1.0000000000
120110079,20,1.0000000000
120110080,23,1.0000000000
120110081,20,1.0000000000
120110082,20,1.0000000000
120110083,20,1.0000000000
120110084,20,1.0000000000
120110085,20,1.0000000000
120110086,23,1.0000000000
120110087,20,1.0000000000
120110088,23,1.0000000000
120110089,20,1.0000000000
120110090,20,1.0000000000
120110092,23,1.0000000000
120110093,23,1.0000000000
120110094,23,1.0000000000
120110095,20,1.0000000000
120110096,20,1.0000000000
120110097,20,1.0000000000
120110098,20,1.0000000000
120110099,20,1.0000000000
120110100,20,1.0000000000
120110101,23,1.0000000000
120110102,20,1.0000000000
120110103,23,1.0000000000
120110104,20,0.0212765957
120110104,23,0.9787234043
120110105,20,1.0000000000
120110106,20,0.0454545455
120110106,23,0.9545454545
120110107,23,1.0000000000
120110108,20,0.0135135135
120110108,23,0.9864864865
120110109,20,1.0000000000
120110110,20,1.0000000000
120110111,20,1.0000000000
120110112,23,1.0000000000
120110113,23,1.0000000000
120110114,23,1.0000000000
120110115,23,1.0000000000
120110116,23,1.0000000000
120110117,20,1.0000000000
120110118,20,1.0000000000
120110119,23,1.0000000000
120110120,23,1.0000000000
120110121,20,1.0000000000
120110122,23,1.0000000000
120110123,20,1.0000000000
120110124,20,1.0000000000
120110125,20,1.0000000000
120110126,23,1.0000000000
120110127,23,1.0000000000
120110128,20,1.0000000000
120110129,20,1.0000000000
120110131,23,1.0000000000
120110132,23,1.0000000000
120110133,23,1.0000000000
120110134,20,0.0166666667
120110134,23,0.9833333333
120110135,23,1.0000000000
120110136,23,1.0000000000
120110137,20,1.0000000000
120110138,23,1.0000000000
120110139,23,1.0000000000
120110140,23,1.0000000000
120110141,23,1.0000000000
120110142,23,1.0000000000
120110143,23,1.0000000000
120110144,23,1.0000000000
120110145,23,1.0000000000
120110146,20,0.0833333333
120110146,23,0.9166666667
120110147,20,0.0789473684
120110147,23,0.9210526316
120110148,23,1.0000000000
120110149,23,1.0000000000
120110150,23,1.0000000000
120110151,23,1.0000000000
120110152,23,1.0000000000
120110153,23,1.0000000000
120110154,23,1.0000000000
120110155,23,1.0000000000
120110156,23,1.0000000000
120110157,23,1.0000000000
120110158,23,1.0000000000
120110159,23,1.0000000000
120110160,23,1.0000000000
120110161,23,1.0000000000
120110163,23,1.0000000000
120110164,23,1.0000000000
120110165,23,1.0000000000
120110166,23,1.0000000000
120110167,23,1.0000000000
120110168,23,1.0000000000
120110169,23,1.0000000000
120110170,23,1.0000000000
120110171,23,1.0000000000
120110172,20,0.1706262830
120110172,23,0.8293737170
120110173,23,1.0000000000
120110174,23,1.0000000000
120110175,23,1.0000000000
120110176,23,1.0000000000
120110177,23,1.0000000000
120110178,23,1.0000000000
120110179,23,1.0000000000
120110180,20,0.0333333333
120110180,23,0.9666666667
120110181,23,1.0000000000
120110182,20,0.1714285714
120110182,23,0.8285714286
120110183,23,1.0000000000
120110184,23,1.0000000000
120110185,23,1.0000000000
120110186,23,1.0000000000
120110187,20,0.7957367046
120110187,25,0.2042632954
120110188,23,1.0000000000
120110189,20,0.0200000000
120110189,23,0.9800000000
120110190,23,1.0000000000
120110191,23,1.0000000000
120110192,23,1.0000000000
120110193,23,1.0000000000
120110194,23,1.0000000000
120110195,20,0.1052631579
120110195,23,0.8947368421
120110196,23,1.0000000000
120110197,23,1.0000000000
120110198,23,1.0000000000
120110199,23,1.0000000000
120110200,23,1.0000000000
120110201,23,1.0000000000
120110202,23,1.0000000000
120110203,23,1.0000000000
120110204,23,1.0000000000
120110205,23,1.0000000000
120110206,23,1.0000000000
120110207,23,1.0000000000
120110208,23,1.0000000000
120110209,23,1.0000000000
120110210,23,1.0000000000
120110211,23,1.0000000000
120110212,23,1.0000000000
120110213,23,1.0000000000
120110214,20,1.0000000000
120110215,23,1.0000000000
120110216,23,1.0000000000
120110217,20,0.9999129712
120110217,23,0.0000870288
120110218,20,1.0000000000
120110219,20,1.0000000000
120110220,23,1.0000000000
120110221,23,1.0000000000
120110222,23,1.0000000000
120110223,20,1.0000000000
120110224,23,1.0000000000
120110225,23,1.0000000000
120110226,20,1.0000000000
120110227,23,1.0000000000
120110228,20,1.0000000000
120110229,20,1.0000000000
120110230,20,1.0000000000
120110231,20,1.0000000000
120110232,20,1.0000000000
120110233,20,1.0000000000
120110234,20,1.0000000000
120110235,20,1.0000000000
120110236,20,1.0000000000
120110237,20,1.0000000000
120110238,20,1.0000000000
120110239,20,1.0000000000
120110240,20,1.0000000000
120110241,20,1.0000000000
120110242,20,1.0000000000
120110243,20,1.0000000000
120110244,20,1.0000000000
120110245,20,1.0000000000
120110246,20,1.0000000000
120110247,20,1.0000000000
120110248,20,1.0000000000
120110249,20,1.0000000000
120110250,20,1.0000000000
120110251,20,1.0000000000
120110252,20,1.0000000000
120110253,20,1.0000000000
120110254,20,1.0000000000
120110255,20,1.0000000000
120110256,20,1.0000000000
120110257,20,1.0000000000
120110258,20,1.0000000000
120110259,20,1.0000000000
120110260,20,1.0000000000
120110261,20,1.0000000000
120110262,20,1.0000000000
120110263,20,1.0000000000
120110264,20,1.0000000000
120110265,20,1.0000000000
120110266,20,1.0000000000
120110267,20,1.0000000000
120110268,20,1.0000000000
120110269,20,1.0000000000
120110270,20,1.0000000000
120110271,20,1.0000000000
120110272,20,1.0000000000
120110273,20,1.0000000000
120110274,20,1.0000000000
120110275,20,1.0000000000
120110276,20,1.0000000000
120110277,20,1.0000000000
120110278,20,1.0000000000
120110279,20,1.0000000000
120110280,20,1.0000000000
120110281,20,1.0000000000
120110282,20,1.0000000000
120110283,20,1.0000000000
120110284,20,1.0000000000
120110287,20,1.0000000000
120110288,20,1.0000000000
120110289,20,1.0000000000
120110290,20,1.0000000000
120110291,20,1.0000000000
120110292,20,1.0000000000
120110293,20,1.0000000000
120110294,20,1.0000000000
120110295,20,1.0000000000
120110296,20,1.0000000000
120110297,20,1.0000000000
120110298,20,1.0000000000
120110299,20,1.0000000000
120110300,20,1.0000000000
120110301,20,1.0000000000
120110302,20,1.0000000000
120110303,20,1.0000000000
120110304,20,1.0000000000
120110305,20,1.0000000000
120110306,20,1.0000000000
120110307,20,1.0000000000
120110308,20,1.0000000000
120110309,20,1.0000000000
120110310,20,1.0000000000
120110311,20,1.0000000000
120110312,20,1.0000000000
120110313,20,1.0000000000
120110314,20,1.0000000000
120110315,20,1.0000000000
120110316,20,1.0000000000
120110317,20,1.0000000000
120110318,20,1.0000000000
120110319,20,1.0000000000
120110320,20,1.0000000000
120110321,20,1.0000000000
120110322,20,1.0000000000
120110323,20,1.0000000000
120110324,20,1.0000000000
120110325,20,1.0000000000
120110326,20,1.0000000000
120110327,20,1.0000000000
120110328,20,1.0000000000
120110329,20,1.0000000000
120110330,20,1.0000000000
120110331,20,0.9962109757
120110331,25,0.0037890243
120110332,20,1.0000000000
120110333,20,1.0000000000
120110334,20,1.0000000000
120110335,20,1.0000000000
120110336,20,1.0000000000
120110337,20,1.0000000000
120110338,20,0.9995478165
120110338,25,0.0004521835
120110339,20,1.0000000000
120110340,20,1.0000000000
120110341,20,1.0000000000
120110342,20,1.0000000000
120110343,20,0.9882894704
120110343,25,0.0117105296
120110344,20,1.0000000000
120110345,20,1.0000000000
120110346,20,0.9921611020
120110346,25,0.0078388980
120110347,20,1.0000000000
120110348,20,0.9075030797
120110348,25,0.0924969203
120110349,20,1.0000000000
120110350,20,1.0000000000
120110351,20,1.0000000000
120110352,20,1.0000000000
120110353,20,1.0000000000
120110354,20,0.9947756497
120110354,25,0.0052243503
120110355,20,1.0000000000
120110356,20,1.0000000000
120110357,20,1.0000000000
120110358,20,1.0000000000
120110359,20,1.0000000000
120110360,20,1.0000000000
120110361,20,1.0000000000
120110362,20,0.0000265523
120110362,25,0.9999734477
120110363,20,1.0000000000
120110364,20,0.9230769231
120110364,25,0.0769230769
120110365,20,0.0227272727
120110365,25,0.9772727273
120110366,20,1.0000000000
120110367,20,1.0000000000
120110368,20,0.5483870968
120110368,25,0.4516129032
120110369,25,1.0000000000
120110370,25,1.0000000000
120110371,20,0.9962832783
120110371,25,0.0037167217
120110372,20,1.0000000000
120110373,20,1.0000000000
120110374,20,1.0000000000
120110375,20,0.0384615385
120110375,25,0.9615384615
120110376,25,1.0000000000
120110377,20,1.0000000000
120110378,20,0.2653131527
120110378,25,0.7346868473
120110379,20,1.0000000000
120110380,20,1.0000000000
120110381,20,0.9791666667
120110381,25,0.0208333333
120110382,25,1.0000000000
120110383,20,1.0000000000
120110384,25,1.0000000000
120110385,25,1.0000000000
120110386,20,1.0000000000
120110387,25,1.0000000000
120110388,20,0.4736842105
120110388,25,0.5263157895
120110389,20,1.0000000000
120110390,25,1.0000000000
120110391,20,1.0000000000
120110392,25,1.0000000000
120110393,25,1.0000000000
120110394,25,1.0000000000
120110395,25,1.0000000000
120110396,20,0.6666666667
120110396,25,0.3333333333
120110397,20,1.0000000000
120110398,25,1.0000000000
120110399,25,1.0000000000
120110400,23,1.0000000000
120110401,23,1.0000000000
120110402,23,1.0000000000
120110403,20,0.0434782609
120110403,23,0.9565217391
120110404,23,1.0000000000
120110405,23,1.0000000000
120110406,23,1.0000000000
120110407,23,1.0000000000
120110408,23,1.0000000000
120110409,23,1.0000000000
120110410,23,1.0000000000
120110411,23,1.0000000000
120110412,23,1.0000000000
120110413,23,1.0000000000
120110414,23,1.0000000000
120110415,23,1.0000000000
120110416,23,1.0000000000
120110417,23,1.0000000000
120110418,20,0.0561694724
120110418,23,0.9438305276
120110419,23,1.0000000000
120110420,23,1.0000000000
120110421,23,1.0000000000
120110422,24,1.0000000000
120110423,24,1.0000000000
120110424,24,1.0000000000
120110425,25,1.0000000000
120110426,25,1.0000000000
120110427,25,1.0000000000
120110428,25,1.0000000000
120110429,25,1.0000000000
120110430,25,1.0000000000
120110431,25,1.0000000000
120110432,25,1.0000000000
120110433,25,1.0000000000
120110434,20,0.2062598832
120110434,25,0.7937401168
120110435,25,1.0000000000
120110436,25,1.0000000000
120110437,25,1.0000000000
120110438,25,1.0000000000
120110439,25,1.0000000000
120110440,25,1.0000000000
120110441,25,1.0000000000
120110442,25,1.0000000000
120110443,25,1.0000000000
120110444,24,1.0000000000
120110445,24,1.0000000000
120110446,24,1.0000000000
120110447,24,1.0000000000
120110448,24,1.0000000000
120110449,25,1.0000000000
120110450,25,1.0000000000
120110451,25,1.0000000000
120110452,25,1.0000000000
120110453,20,0.1516069912
120110453,25,0.8483930088
120110454,25,1.0000000000
120110455,25,1.0000000000
120110456,25,1.0000000000
120110457,25,1.0000000000
120110458,23,1.0000000000
120110459,23,1.0000000000
120110460,20,1.0000000000
120110461,20,1.0000000000
120110462,23,1.0000000000
120110463,23,1.0000000000
120110464,23,1.0000000000
120110465,23,1.0000000000
120110466,23,1.0000000000
120110467,23,1.0000000000
120110468,23,1.0000000000
120110469,23,1.0000000000
120110470,23,1.0000000000
120110471,23,1.0000000000
120110472,23,1.0000000000
120110473,20,1.0000000000
120110474,20,0.9032258065
120110474,23,0.0967741935
120110475,23,1.0000000000
120110476,23,1.0000000000
120110477,23,1.0000000000
120110478,23,1.0000000000
120110479,23,0.2500000000
120110479,25,0.7500000000
120110480,23,1.0000000000
120110481,23,1.0000000000
120110482,23,1.0000000000
120110483,23,1.0000000000
120110484,23,1.0000000000
120110485,23,1.0000000000
120110486,23,1.0000000000
120110487,23,1.0000000000
120110488,23,1.0000000000
120110489,23,1.0000000000
120110490,23,1.0000000000
120110491,23,1.0000000000
120110492,20,1.0000000000
120110493,20,1.0000000000
120110494,20,1.0000000000
120110495,20,0.9714285714
120110495,23,0.0285714286
120110496,20,1.0000000000
120110497,20,0.6060606061
120110497,23,0.3939393939
120110498,20,1.0000000000
120110499,20,1.0000000000
120110500,20,1.0000000000
120110501,23,1.0000000000
120110502,23,1.0000000000
120110503,23,1.0000000000
120110504,20,0.6642335766
120110504,23,0.3357664234
120110505,23,1.0000000000
120110506,23,1.0000000000
120110507,23,1.0000000000
120110508,23,1.0000000000
120110509,23,1.0000000000
120110510,23,1.0000000000
120110511,23,0.9990226848
120110511,25,0.0009773152
120110512,23,1.0000000000
120110513,23,0.8071356162
120110513,25,0.1928643838
120110514,23,1.0000000000
120110515,23,1.0000000000
120110516,23,1.0000000000
120110517,23,0.0784476982
120110517,25,0.9215523018
120110518,23,1.0000000000
120110519,23,1.0000000000
120110520,23,1.0000000000
120110521,23,0.5789473684
120110521,25,0.4210526316
120110522,23,1.0000000000
120110523,25,1.0000000000
120110524,25,1.0000000000
120110525,25,1.0000000000
120110526,20,0.0172413793
120110526,25,0.9827586207
120110527,20,0.8823529412
120110527,25,0.1176470588
120110528,20,1.0000000000
120110529,20,1.0000000000
120110530,20,1.0000000000
120110531,20,1.0000000000
120110532,20,1.0000000000
120110533,20,1.0000000000
120110534,23,1.0000000000
120110535,23,1.0000000000
120110536,23,1.0000000000
120110537,20,0.7500000000
120110537,23,0.2500000000
120110538,20,0.0588235294
120110538,23,0.9411764706
120110539,23,1.0000000000
120110540,23,1.0000000000
120110541,23,1.0000000000
120110542,23,1.0000000000
120110543,20,0.0769230769
120110543,23,0.9230769231
120110544,23,1.0000000000
120110545,23,1.0000000000
120110546,23,1.0000000000
120110547,23,1.0000000000
120110548,25,1.0000000000
120110549,25,1.0000000000
120110550,25,1.0000000000
120110551,23,1.0000000000
120110552,20,0.5000000000
120110552,23,0.5000000000
120110553,20,1.0000000000
120110554,23,1.0000000000
120110555,20,1.0000000000
120110556,20,1.0000000000
120110557,20,1.0000000000
120110558,20,1.0000000000
120110559,20,0.9000000000
120110559,25,0.1000000000
120110560,20,0.9302583300
120110560,23,0.0394736842
120110560,25,0.0302679857
120110561,25,1.0000000000
120110562,25,1.0000000000
120110563,25,1.0000000000
120110564,25,1.0000000000
120110565,20,1.0000000000
120110566,25,1.0000000000
120110567,25,1.0000000000
120110568,25,1.0000000000
120110569,20,1.0000000000
120110570,25,1.0000000000
120110571,25,1.0000000000
120110572,25,1.0000000000
120110573,25,1.0000000000
120110574,25,1.0000000000
120110575,25,1.0000000000
120110576,25,1.0000000000
120110577,25,1.0000000000
120110578,25,1.0000000000
120110579,25,1.0000000000
120110580,25,1.0000000000
120110581,25,1.0000000000
120110582,25,1.0000000000
120110583,25,1.0000000000
120110584,25,1.0000000000
120110585,25,1.0000000000
120110586,25,1.0000000000
120110587,25,1.0000000000
120110588,25,1.0000000000
120110589,25,1.0000000000
120110590,25,1.0000000000
120110591,25,1.0000000000
120110592,25,1.0000000000
120110593,25,1.0000000000
120110595,25,1.0000000000
120110596,25,1.0000000000
120110597,20,0.0833333333
120110597,25,0.9166666667
120110598,25,1.0000000000
120110599,25,1.0000000000
120110600,25,1.0000000000
120110601,25,1.0000000000
120110602,25,1.0000000000
120110603,25,1.0000000000
120110604,25,1.0000000000
120110605,25,1.0000000000
120110606,25,1.0000000000
120110607,25,1.0000000000
120110608,25,1.0000000000
120110609,25,1.0000000000
120110610,25,1.0000000000
120110612,25,1.0000000000
120110613,25,1.0000000000
120110614,25,1.0000000000
120110615,25,1.0000000000
120110616,25,1.0000000000
120110617,25,1.0000000000
120110618,25,1.0000000000
120110619,25,1.0000000000
120110620,25,1.0000000000
120110621,25,1.0000000000
120110622,25,1.0000000000
120110623,25,1.0000000000
120110624,25,1.0000000000
120110625,25,1.0000000000
120110626,25,1.0000000000
120110627,25,1.0000000000
120110629,25,1.0000000000
120110631,25,1.0000000000
120110632,25,1.0000000000
120110633,25,1.0000000000
120110634,25,1.0000000000
120110635,25,1.0000000000
120110636,25,1.0000000000
120110637,25,1.0000000000
120110638,25,1.0000000000
120110639,25,1.0000000000
120110640,25,1.0000000000
120110641,25,1.0000000000
120110642,25,1.0000000000
120110643,25,1.0000000000
120110644,25,1.0000000000
120110645,25,1.0000000000
120110646,25,1.0000000000
120110647,25,1.0000000000
120110648,25,1.0000000000
120110649,25,1.0000000000
120110650,25,1.0000000000
120110651,25,1.0000000000
120110652,25,1.0000000000
120110653,25,1.0000000000
120110654,25,1.0000000000
120110655,25,1.0000000000
120110656,25,1.0000000000
120110657,25,1.0000000000
120110658,25,1.0000000000
120110659,25,1.0000000000
120110660,25,1.0000000000
120110661,25,1.0000000000
120110662,25,1.0000000000
120110663,25,1.0000000000
120110664,25,1.0000000000
120110665,25,1.0000000000
120110666,25,1.0000000000
120110667,25,1.0000000000
120110668,25,1.0000000000
120110669,25,1.0000000000
120110670,25,1.0000000000
120110671,25,1.0000000000
120110672,25,1.0000000000
120110673,25,1.0000000000
120110674,25,1.0000000000
120110675,25,1.0000000000
120110676,25,1.0000000000
120110677,25,1.0000000000
120110678,25,1.0000000000
120110679,25,1.0000000000
120110680,25,1.0000000000
120110681,25,1.0000000000
120110682,25,1.0000000000
120110683,25,1.0000000000
120110684,25,1.0000000000
120110685,25,1.0000000000
120110686,25,1.0000000000
120110687,25,1.0000000000
120110688,25,1.0000000000
120110689,25,1.0000000000
120110690,25,1.0000000000
120110691,25,1.0000000000
120110692,25,1.0000000000
120110693,25,1.0000000000
120110694,25,1.0000000000
120110695,25,1.0000000000
120110696,25,1.0000000000
120110697,25,1.0000000000
120110698,25,1.0000000000
120110699,25,1.0000000000
120110700,25,1.0000000000
120110701,25,1.0000000000
120110702,25,1.0000000000
120110703,25,1.0000000000
120110704,25,1.0000000000
120110705,25,1.0000000000
120110706,25,1.0000000000
120110707,25,1.0000000000
120110708,25,1.0000000000
120110709,25,1.0000000000
120110710,25,1.0000000000
120110711,25,1.0000000000
120110712,25,1.0000000000
120110713,25,1.0000000000
120110714,25,1.0000000000
120110715,25,1.0000000000
120110716,25,1.0000000000
120110717,25,1.0000000000
120110718,25,1.0000000000
120110719,25,1.0000000000
120110720,25,1.0000000000
120110721,25,1.0000000000
120110722,25,1.0000000000
120110723,25,1.0000000000
120110724,25,1.0000000000
120110725,25,1.0000000000
120110726,25,1.0000000000
120110727,25,1.0000000000
120110728,25,1.0000000000
120110729,25,1.0000000000
120110730,25,1.0000000000
120110731,25,1.0000000000
120110732,25,1.0000000000
120110733,25,1.0000000000
120110734,25,1.0000000000
120110735,25,1.0000000000
120110736,25,1.0000000000
120110737,25,1.0000000000
120110738,25,1.0000000000
120110739,25,1.0000000000
120110740,25,1.0000000000
120110741,25,1.0000000000
120110742,25,1.0000000000
120110743,25,1.0000000000
120110744,25,1.0000000000
120110745,24,1.0000000000
120110746,25,1.0000000000
120110747,24,1.0000000000
120110748,24,1.0000000000
120110749,24,1.0000000000
120110750,24,1.0000000000
120110751,24,0.9030817370
120110751,25,0.0969182630
120110752,24,1.0000000000
120110753,24,1.0000000000
120110754,24,1.0000000000
120110755,24,1.0000000000
120110756,24,1.0000000000
120110757,24,1.0000000000
120110758,24,1.0000000000
120110759,25,1.0000000000
120110760,24,0.7000000000
120110760,25,0.3000000000
120110761,24,1.0000000000
120110762,24,0.6800000000
120110762,25,0.3200000000
120110763,24,1.0000000000
120110764,25,1.0000000000
120110765,20,0.1176470588
120110765,25,0.8823529412
120110766,25,1.0000000000
120110767,25,1.0000000000
120110768,25,1.0000000000
120110769,25,1.0000000000
120110770,25,1.0000000000
120110771,25,1.0000000000
120110772,25,1.0000000000
120110773,25,1.0000000000
120110774,24,0.0277777778
120110774,25,0.9722222222
120110775,25,1.0000000000
120110776,24,0.7931034483
120110776,25,0.2068965517
120110777,24,1.0000000000
120110778,25,1.0000000000
120110779,25,1.0000000000
120110780,25,1.0000000000
120110781,25,1.0000000000
120110782,25,1.0000000000
120110783,25,1.0000000000
120110784,25,1.0000000000
120110785,25,1.0000000000
120110786,25,1.0000000000
120110787,25,1.0000000000
120110788,25,1.0000000000
120110789,25,1.0000000000
120110790,25,1.0000000000
120110791,25,1.0000000000
120110792,25,1.0000000000
120110793,25,1.0000000000
120110794,25,1.0000000000
120110795,25,1.0000000000
120110796,25,1.0000000000
120110797,25,1.0000000000
120110798,25,1.0000000000
120110799,25,1.0000000000
120110800,25,1.0000000000
120110801,25,1.0000000000
120110802,25,1.0000000000
120110803,25,1.0000000000
120110804,25,1.0000000000
120110805,25,1.0000000000
120110806,25,1.0000000000
120110807,25,1.0000000000
120110808,25,1.0000000000
120110809,20,0.1666666667
120110809,25,0.8333333333
120110810,25,1.0000000000
120110811,25,1.0000000000
120110812,25,1.0000000000
120110813,25,1.0000000000
120110814,25,1.0000000000
120110815,25,1.0000000000
120110816,25,1.0000000000
120110817,25,1.0000000000
120110818,25,1.0000000000
120110819,25,1.0000000000
120110820,25,1.0000000000
120110821,25,1.0000000000
120110822,25,1.0000000000
120110823,25,1.0000000000
120110824,25,1.0000000000
120110825,25,1.0000000000
120110826,25,1.0000000000
120110827,25,1.0000000000
120110828,25,1.0000000000
120110829,25,1.0000000000
120110830,25,1.0000000000
120110831,25,1.0000000000
120110832,25,1.0000000000
120110833,25,1.0000000000
120110834,25,1.0000000000
120110835,25,1.0000000000
120110836,25,1.0000000000
120110837,25,1.0000000000
120110838,25,1.0000000000
120110839,25,1.0000000000
120110840,25,1.0000000000
120110841,25,1.0000000000
120110842,25,1.0000000000
120110843,25,1.0000000000
120110844,25,1.0000000000
120110845,25,1.0000000000
120110846,25,1.0000000000
120110847,25,1.0000000000
120110848,25,1.0000000000
120110849,25,1.0000000000
120110850,24,0.0004282105
120110850,25,0.9995717895
120110851,25,1.0000000000
120110852,25,1.0000000000
120110853,25,1.0000000000
120110854,25,1.0000000000
120110855,25,1.0000000000
120110856,25,1.0000000000
120110857,25,1.0000000000
120110858,25,1.0000000000
120110859,25,1.0000000000
120110860,25,1.0000000000
120110861,25,1.0000000000
120110862,24,0.0222222222
120110862,25,0.9777777778
120110863,24,0.0540540541
120110863,25,0.9459459459
120110865,20,1.0000000000
120110866,20,1.0000000000
120110867,25,1.0000000000
120110868,25,1.0000000000
120110869,25,1.0000000000
120110870,25,1.0000000000
120110871,25,1.0000000000
120110872,20,0.2272727273
120110872,25,0.7727272727
120110873,25,1.0000000000
120110874,25,1.0000000000
120130001,2,1.0000000000
120130002,2,1.0000000000
120130003,2,1.0000000000
120130004,2,1.0000000000
120130005,2,1.0000000000
120130006,2,1.0000000000
120130007,2,1.0000000000
120130008,2,1.0000000000
120130009,2,1.0000000000
120130010,2,1.0000000000
120130011,2,1.0000000000
120130012,2,1.0000000000
120130013,2,1.0000000000
120130014,2,1.0000000000
120150001,17,1.0000000000
120150002,17,1.0000000000
120150003,17,1.0000000000
120150004,17,1.0000000000
120150005,17,1.0000000000
120150006,17,1.0000000000
120150007,17,1.0000000000
120150008,17,1.0000000000
120150009,17,1.0000000000
120150010,17,1.0000000000
120150011,17,1.0000000000
120150012,17,1.0000000000
120150013,17,1.0000000000
120150014,17,1.0000000000
120150015,17,1.0000000000
120150016,17,1.0000000000
120150017,17,1.0000000000
120150018,17,1.0000000000
120150019,17,1.0000000000
120150020,17,1.0000000000
120150021,17,1.0000000000
120150022,17,1.0000000000
120150023,17,1.0000000000
120150024,17,1.0000000000
120150025,17,1.0000000000
120150026,17,1.0000000000
120150027,17,1.0000000000
120150028,17,1.0000000000
120150029,17,1.0000000000
120150030,17,1.0000000000
120150031,17,1.0000000000
120150032,17,1.0000000000
120150033,17,1.0000000000
120150034,17,1.0000000000
120150035,17,1.0000000000
120150036,17,1.0000000000
120150037,17,1.0000000000
120150038,17,1.0000000000
120150039,17,1.0000000000
120150040,17,1.0000000000
120150041,17,1.0000000000
120150042,17,1.0000000000
120150043,17,1.0000000000
120150044,17,1.0000000000
120150045,17,1.0000000000
120150046,17,1.0000000000
120150047,17,1.0000000000
120150048,17,1.0000000000
120150049,17,1.0000000000
120150050,17,1.0000000000
120150051,17,1.0000000000
120150052,17,1.0000000000
120150053,17,1.0000000000
120150054,17,1.0000000000
120150055,17,1.0000000000
120150056,17,1.0000000000
120150057,17,1.0000000000
120150058,17,1.0000000000
120150059,17,1.0000000000
120150060,17,1.0000000000
120150061,17,1.0000000000
120150062,17,1.0000000000
120150063,17,1.0000000000
120150064,17,1.0000000000
120150065,17,1.0000000000
120150066,17,1.0000000000
120150067,17,1.0000000000
120150068,17,1.0000000000
120150069,17,1.0000000000
120150070,17,1.0000000000
120150071,17,1.0000000000
120150072,17,1.0000000000
120150073,17,1.0000000000
120150074,17,1.0000000000
120150075,17,1.0000000000
120150076,17,1.0000000000
120150077,17,1.0000000000
120150078,17,1.0000000000
120150079,17,1.0000000000
120150080,17,1.0000000000
120150081,17,1.0000000000
120150082,17,1.0000000000
120150083,17,1.0000000000
120150084,17,1.0000000000
120150085,17,1.0000000000
120150086,17,1.0000000000
120150087,17,1.0000000000
120150088,17,1.0000000000
120150089,17,1.0000000000
120150090,17,1.0000000000
120150091,17,1.0000000000
120150092,17,1.0000000000
120150093,17,1.0000000000
120150094,17,1.0000000000
120150095,17,1.0000000000
120150096,17,1.0000000000
120150097,17,1.0000000000
120150098,17,1.0000000000
120150099,17,1.0000000000
120150100,17,1.0000000000
120150101,17,1.0000000000
120150102,17,1.0000000000
120150103,17,1.0000000000
120150104,17,1.0000000000
120150105,17,1.0000000000
120150106,17,1.0000000000
120150107,17,1.0000000000
120150108,17,1.0000000000
120150109,17,1.0000000000
120150110,17,1.0000000000
120150111,17,1.0000000000
120150112,17,1.0000000000
120150113,17,1.0000000000
120150114,17,1.0000000000
120150115,17,1.0000000000
120150116,17,1.0000000000
120150117,17,1.0000000000
120150118,17,1.0000000000
120150119,17,1.0000000000
120150120,17,1.0000000000
120150121,17,1.0000000000
120150122,17,1.0000000000
120150123,17,1.0000000000
120150124,17,1.0000000000
120150125,17,1.0000000000
120150126,17,1.0000000000
120150127,17,1.0000000000
120150128,17,1.0000000000
120150129,17,1.0000000000
120150130,17,1.0000000000
120150131,17,1.0000000000
120150132,17,1.0000000000
120170001,12,1.0000000000
120170002,12,1.0000000000
120170003,12,1.0000000000
120170004,12,1.0000000000
120170005,12,1.0000000000
120170006,12,1.0000000000
120170007,12,0.9960193113
120170007,3,0.0039806887
120170008,12,1.0000000000
120170009,12,1.0000000000
120170010,12,1.0000000000
120170011,12,1.0000000000
120170012,12,1.0000000000
120170013,12,1.0000000000
120170014,12,1.0000000000
120170015,12,1.0000000000
120170016,12,1.0000000000
120170017,12,1.0000000000
120170018,12,1.0000000000
120170019,12,1.0000000000
120170020,12,1.0000000000
120170021,12,1.0000000000
120170022,12,1.0000000000
120170023,12,1.0000000000
120170024,12,1.0000000000
120170025,12,1.0000000000
120170026,12,1.0000000000
120170027,12,1.0000000000
120170028,12,1.0000000000
120170029,12,1.0000000000
120170030,12,0.9999297541
120170030,3,0.0000702459
120170031,12,1.0000000000
120170032,12,1.0000000000
120170033,12,1.0000000000
120170034,12,1.0000000000
120170035,12,1.0000000000
120170036,12,1.0000000000
120170037,12,1.0000000000
120170038,12,0.9960657017
120170038,3,0.0039342983
120170039,12,1.0000000000
120170040,12,1.0000000000
120170041,12,1.0000000000
120170042,12,1.0000000000
120170043,12,1.0000000000
120170044,12,1.0000000000
120170045,12,1.0000000000
120170046,12,1.0000000000
120170047,12,1.0000000000
120170048,12,1.0000000000
120170049,12,1.0000000000
120170050,12,1.0000000000
120170051,12,1.0000000000
120170052,12,1.0000000000
120170053,12,1.0000000000
120170054,12,1.0000000000
120170055,12,1.0000000000
120170056,12,1.0000000000
120170057,12,1.0000000000
120170058,12,1.0000000000
120170059,12,1.0000000000
120170060,12,1.0000000000
120170061,12,1.0000000000
120170062,12,1.0000000000
120170063,12,1.0000000000
120170064,12,1.0000000000
120170065,12,1.0000000000
120170066,12,1.0000000000
120170067,12,1.0000000000
120170068,12,1.0000000000
120170069,12,1.0000000000
120170070,12,1.0000000000
120170071,12,1.0000000000
120170072,12,1.0000000000
120170073,12,1.0000000000
120170074,12,1.0000000000
120170075,12,1.0000000000
120170076,12,1.0000000000
120170077,12,1.0000000000
120170078,12,1.0000000000
120170079,12,1.0000000000
120170080,12,1.0000000000
120170081,12,1.0000000000
120170082,12,1.0000000000
120170083,12,1.0000000000
120170084,12,1.0000000000
120170085,12,1.0000000000
120170086,12,1.0000000000
120170087,12,1.0000000000
120170088,12,1.0000000000
120170089,12,1.0000000000
120170090,12,1.0000000000
120170091,12,1.0000000000
120170092,12,1.0000000000
120170093,12,1.0000000000
120170094,12,1.0000000000
120170095,12,1.0000000000
120170096,12,1.0000000000
120170097,12,1.0000000000
120170098,12,1.0000000000
120170099,12,1.0000000000
120170100,12,1.0000000000
120170101,12,1.0000000000
120170102,12,1.0000000000
120170103,12,1.0000000000
120170104,12,1.0000000000
120170105,12,1.0000000000
120170106,12,1.0000000000
120170107,12,1.0000000000
120170108,12,1.0000000000
120170109,12,1.0000000000
120170110,12,1.0000000000
120170111,12,1.0000000000
120170112,12,1.0000000000
120170113,12,1.0000000000
120170114,12,1.0000000000
120170115,12,1.0000000000
120170116,12,1.0000000000
120170117,12,1.0000000000
120170118,12,1.0000000000
120170119,12,1.0000000000
120170120,12,1.0000000000
120170121,12,1.0000000000
120190001,4,1.0000000000
120190002,4,1.0000000000
120190003,4,1.0000000000
120190004,4,1.0000000000
120190005,4,1.0000000000
120190006,4,1.0000000000
120190007,4,1.0000000000
120190008,4,1.0000000000
120190009,4,1.0000000000
120190010,4,1.0000000000
120190011,4,1.0000000000
120190012,4,1.0000000000
120190013,4,1.0000000000
120190014,4,1.0000000000
120190015,4,1.0000000000
120190016,4,1.0000000000
120190017,4,1.0000000000
120190018,4,1.0000000000
120190019,4,1.0000000000
120190020,4,1.0000000000
120190021,4,1.0000000000
120190022,4,1.0000000000
120190023,4,1.0000000000
120190024,4,1.0000000000
120190025,4,1.0000000000
120190026,4,1.0000000000
120190027,4,1.0000000000
120190028,4,1.0000000000
120190029,4,1.0000000000
120190030,4,1.0000000000
120190031,4,1.0000000000
120190032,4,1.0000000000
120190033,4,1.0000000000
120190034,4,1.0000000000
120190035,4,1.0000000000
120190036,4,1.0000000000
120190037,4,1.0000000000
120190038,4,1.0000000000
120190039,4,1.0000000000
120190040,4,1.0000000000
120190041,4,1.0000000000
120190042,4,1.0000000000
120190043,4,1.0000000000
120190044,4,1.0000000000
120190045,4,1.0000000000
120190046,4,1.0000000000
120190047,4,1.0000000000
120190048,4,1.0000000000
120190049,4,1.0000000000
120190050,4,1.0000000000
120190051,4,1.0000000000
120190052,4,1.0000000000
120190053,4,1.0000000000
120190054,4,1.0000000000
120190055,4,1.0000000000
120190056,4,1.0000000000
120190057,4,1.0000000000
120190058,4,1.0000000000
120190059,4,1.0000000000
120190060,4,1.0000000000
120190061,4,1.0000000000
120190062,4,1.0000000000
120190063,4,1.0000000000
120190064,4,1.0000000000
120190065,4,1.0000000000
120190066,4,1.0000000000
120190067,4,1.0000000000
120190068,4,1.0000000000
120190069,4,1.0000000000
120190071,4,1.0000000000
120190072,4,1.0000000000
120190073,4,1.0000000000
120190074,4,1.0000000000
120190075,4,1.0000000000
120190076,4,1.0000000000
120190077,4,1.0000000000
120190078,4,1.0000000000
120190079,4,1.0000000000
120190080,4,1.0000000000
120190081,4,1.0000000000
120190082,4,1.0000000000
120190083,4,1.0000000000
120190084,4,1.0000000000
120190085,4,1.0000000000
120190086,4,1.0000000000
120190087,4,1.0000000000
120190088,4,1.0000000000
120190089,4,1.0000000000
120190090,4,1.0000000000
120190091,4,1.0000000000
120190092,4,1.0000000000
120190093,4,1.0000000000
120190094,4,1.0000000000
120190095,4,1.0000000000
120190096,4,1.0000000000
120190097,4,1.0000000000
120190098,4,1.0000000000
120190099,4,1.0000000000
120190100,4,1.0000000000
120190101,4,1.0000000000
120190102,4,1.0000000000
120210001,19,1.0000000000
120210002,19,0.6486486486
120210002,26,0.3513513514
120210003,26,1.0000000000
120210004,19,1.0000000000
120210005,19,0.4643539749
120210005,26,0.5356460251
120210006,19,1.0000000000
120210007,26,1.0000000000
120210008,19,1.0000000000
120210009,19,1.0000000000
120210010,19,1.0000000000
120210011,26,1.0000000000
120210012,19,0.0769230769
120210012,26,0.9230769231
120210013,19,0.0124601135
120210013,26,0.9875398865
120210014,26,1.0000000000
120210015,26,1.0000000000
120210016,26,1.0000000000
120210017,19,1.0000000000
120210018,19,1.0000000000
120210019,19,1.0000000000
120210020,19,1.0000000000
120210021,19,1.0000000000
120210022,19,1.0000000000
120210023,19,1.0000000000
120210024,19,1.0000000000
120210025,19,1.0000000000
120210026,19,1.0000000000
120210027,19,1.0000000000
120210028,19,1.0000000000
120210029,19,1.0000000000
120210030,19,1.0000000000
120210031,19,1.0000000000
120210032,19,1.0000000000
120210033,19,1.0000000000
120210034,19,1.0000000000
120210035,19,1.0000000000
120210036,19,1.0000000000
120210037,19,1.0000000000
120210038,19,1.0000000000
120210039,19,1.0000000000
120210040,19,1.0000000000
120210041,19,1.0000000000
120210042,19,1.0000000000
120210043,19,1.0000000000
120210044,19,1.0000000000
120210045,19,1.0000000000
120210046,19,1.0000000000
120210047,19,1.0000000000
120210048,19,1.0000000000
120210049,19,1.0000000000
120210050,19,1.0000000000
120210051,19,1.0000000000
120210052,19,1.0000000000
120210053,19,1.0000000000
120210054,19,1.0000000000
120210055,19,1.0000000000
120210056,19,1.0000000000
120210057,26,1.0000000000
120210058,26,1.0000000000
120210059,26,1.0000000000
120210060,26,1.0000000000
120210061,26,1.0000000000
120210062,26,1.0000000000
120210063,26,1.0000000000
120210064,26,1.0000000000
120210065,19,1.0000000000
120210066,26,1.0000000000
120210067,26,1.0000000000
120210068,26,1.0000000000
120210069,26,1.0000000000
120210070,19,0.7142857143
120210070,26,0.2857142857
120210071,19,0.0574712644
120210071,26,0.9425287356
120210072,19,0.0094339623
120210072,26,0.9905660377
120210073,26,1.0000000000
120210074,26,1.0000000000
120210075,26,1.0000000000
120210076,26,1.0000000000
120210077,26,1.0000000000
120210078,26,1.0000000000
120210079,19,0.7140332116
120210079,26,0.2859667884
120210080,19,1.0000000000
120210081,26,1.0000000000
120210082,26,1.0000000000
120210083,26,1.0000000000
120210084,26,1.0000000000
120210085,19,1.0000000000
120210086,19,1.0000000000
120210087,19,1.0000000000
120210088,19,1.0000000000
120210089,19,1.0000000000
120210090,19,1.0000000000
120210091,19,1.0000000000
120210092,19,0.8933868381
120210092,26,0.1066131619
120210093,19,1.0000000000
120210094,19,1.0000000000
120210095,19,1.0000000000
120210096,19,1.0000000000
120210097,19,1.0000000000
120210098,19,1.0000000000
120210099,19,1.0000000000
120210100,19,1.0000000000
120210101,19,1.0000000000
120210102,19,1.0000000000
120210103,19,1.0000000000
120210104,19,1.0000000000
120210105,19,1.0000000000
120210106,19,1.0000000000
120210107,19,1.0000000000
120210108,19,1.0000000000
120210109,26,1.0000000000
120210110,26,1.0000000000
120210111,26,1.0000000000
120210112,19,0.0004828524
120210112,26,0.9995171476
120210113,26,1.0000000000
120210114,26,1.0000000000
120210115,26,1.0000000000
120210116,26,1.0000000000
120210117,26,1.0000000000
120210118,26,1.0000000000
120210119,26,1.0000000000
120210120,26,1.0000000000
120210121,18,0.4509803922
120210121,26,0.5490196078
120210122,18,0.0271984587
120210122,26,0.9728015413
120210123,26,1.0000000000
120210124,26,1.0000000000
120210125,26,1.0000000000
120210126,26,1.0000000000
120210127,26,1.0000000000
120210128,26,1.0000000000
120210129,26,1.0000000000
120210130,26,1.0000000000
120210131,19,0.1210658823
120210131,26,0.8718122000
120210131,28,0.0071219177
120210132,26,1.0000000000
120210133,26,1.0000000000
120210134,18,0.3822629969
120210134,26,0.6177370031
120210135,19,1.0000000000
120210136,19,0.0009668263
120210136,26,0.9990331737
120210137,19,1.0000000000
120210138,26,1.0000000000
120210139,26,1.0000000000
120210140,26,1.0000000000
120210141,26,1.0000000000
120210142,19,1.0000000000
120210143,26,1.0000000000
120230001,3,1.0000000000
120230002,3,1.0000000000
120230003,3,1.0000000000
120230004,3,1.0000000000
120230005,3,1.0000000000
120230006,3,1.0000000000
120230007,3,1.0000000000
120230008,3,1.0000000000
120230009,3,1.0000000000
120230010,3,1.0000000000
120230011,3,1.0000000000
120230012,3,1.0000000000
120230013,3,1.0000000000
120230014,3,1.0000000000
120230015,3,1.0000000000
120230016,3,1.0000000000
120230017,3,1.0000000000
120230018,3,1.0000000000
120230019,3,1.0000000000
120230020,3,1.0000000000
120230021,3,1.0000000000
120230022,3,1.0000000000
120230023,3,1.0000000000
120230024,3,1.0000000000
120230025,3,1.0000000000
120270001,18,1.0000000000
120270002,18,1.0000000000
120270003,18,1.0000000000
120270004,18,1.0000000000
120270005,18,1.0000000000
120270006,18,1.0000000000
120270007,18,1.0000000000
120270008,18,1.0000000000
120270009,18,1.0000000000
120270010,18,1.0000000000
120270011,18,1.0000000000
120270012,18,1.0000000000
120270013,18,1.0000000000
120270014,18,1.0000000000
120270015,18,1.0000000000
120270016,18,1.0000000000
120290001,3,1.0000000000
120290002,3,1.0000000000
120290003,3,1.0000000000
120290004,3,1.0000000000
120290005,3,1.0000000000
120290006,3,1.0000000000
120290007,3,1.0000000000
120290008,3,1.0000000000
120290009,3,1.0000000000
120290010,2,0.0029850746
120290010,3,0.9970149254
120290011,3,1.0000000000
120310001,5,1.0000000000
120310002,5,1.0000000000
120310003,4,1.0000000000
120310004,5,1.0000000000
120310005,5,1.0000000000
120310006,5,1.0000000000
120310007,5,1.0000000000
120310008,5,1.0000000000
120310009,4,1.0000000000
120310010,5,1.0000000000
120310011,5,1.0000000000
120310012,4,1.0000000000
120310013,4,0.1219512195
120310013,5,0.8780487805
120310014,4,1.0000000000
120310015,5,1.0000000000
120310016,5,1.0000000000
120310017,4,0.5681818182
120310017,5,0.4318181818
120310018,5,1.0000000000
120310019,5,1.0000000000
120310020,5,1.0000000000
120310021,5,1.0000000000
120310022,5,1.0000000000
120310023,5,1.0000000000
120310024,5,1.0000000000
120310025,5,1.0000000000
120310026,5,1.0000000000
120310027,5,1.0000000000
120310028,5,1.0000000000
120310029,5,1.0000000000
120310030,5,1.0000000000
120310031,5,1.0000000000
120310032,5,1.0000000000
120310033,5,1.0000000000
120310034,5,1.0000000000
120310035,5,1.0000000000
120310036,5,1.0000000000
120310037,5,1.0000000000
120310038,5,1.0000000000
120310039,5,1.0000000000
120310040,5,1.0000000000
120310041,5,1.0000000000
120310042,5,1.0000000000
120310043,5,1.0000000000
120310044,5,1.0000000000
120310045,5,1.0000000000
120310046,5,1.0000000000
120310047,5,1.0000000000
120310048,5,1.0000000000
120310049,5,1.0000000000
120310050,5,1.0000000000
120310051,5,1.0000000000
120310052,5,1.0000000000
120310053,5,1.0000000000
120310054,5,1.0000000000
120310055,5,1.0000000000
120310056,5,1.0000000000
120310057,5,1.0000000000
120310058,5,1.0000000000
120310059,5,1.0000000000
120310060,4,1.0000000000
120310061,5,1.0000000000
120310062,5,1.0000000000
120310063,5,1.0000000000
120310064,5,1.0000000000
120310065,5,1.0000000000
120310066,5,1.0000000000
120310067,5,1.0000000000
120310068,5,1.0000000000
120310069,5,1.0000000000
120310070,5,1.0000000000
120310071,5,1.0000000000
120310072,5,1.0000000000
120310073,5,1.0000000000
120310074,5,1.0000000000
120310075,5,1.0000000000
120310076,5,1.0000000000
120310077,5,1.0000000000
120310078,5,1.0000000000
120310079,5,1.0000000000
120310080,5,1.0000000000
120310081,5,1.0000000000
120310082,5,1.0000000000
120310083,5,1.0000000000
120310084,5,1.0000000000
120310085,5,1.0000000000
120310086,5,1.0000000000
120310087,5,1.0000000000
120310088,5,1.0000000000
120310089,5,1.0000000000
120310090,5,1.0000000000
120310091,5,1.0000000000
120310092,5,1.0000000000
120310093,5,1.0000000000
120310094,5,1.0000000000
120310095,5,1.0000000000
120310096,5,1.0000000000
120310097,5,1.0000000000
120310098,5,1.0000000000
120310099,5,1.0000000000
120310100,5,1.0000000000
120310101,5,1.0000000000
120310102,5,1.0000000000
120310103,5,1.0000000000
120310104,5,1.0000000000
120310105,5,1.0000000000
120310106,5,1.0000000000
120310107,5,1.0000000000
120310108,5,1.0000000000
120310109,5,1.0000000000
120310110,5,1.0000000000
120310111,5,1.0000000000
120310112,5,1.0000000000
120310113,5,1.0000000000
120310114,5,1.0000000000
120310115,5,1.0000000000
120310116,4,0.0746268657
120310116,5,0.9253731343
120310117,4,1.0000000000
120310118,4,1.0000000000
120310119,4,1.0000000000
120310120,4,1.0000000000
120310121,4,1.0000000000
120310122,4,1.0000000000
120310123,4,1.0000000000
120310124,4,1.0000000000
120310125,4,1.0000000000
120310126,4,1.0000000000
120310127,4,1.0000000000
120310128,4,0.3442622951
120310128,5,0.6557377049
120310129,4,1.0000000000
120310130,4,1.0000000000
120310131,4,1.0000000000
120310132,4,1.0000000000
120310133,4,1.0000000000
120310134,4,1.0000000000
120310135,4,1.0000000000
120310136,4,1.0000000000
120310137,5,1.0000000000
120310138,5,1.0000000000
120310139,4,1.0000000000
120310140,4,1.0000000000
120310141,4,1.0000000000
120310142,4,1.0000000000
120310143,4,1.0000000000
120310144,4,1.0000000000
120310145,4,1.0000000000
120310146,4,1.0000000000
120310147,4,1.0000000000
120310148,4,1.0000000000
120310149,4,1.0000000000
120310150,4,1.0000000000
120310151,4,1.0000000000
120310152,4,1.0000000000
120310153,4,1.0000000000
120310154,4,1.0000000000
120310155,4,1.0000000000
120310156,4,1.0000000000
120310157,4,1.0000000000
120310158,4,1.0000000000
120310159,4,1.0000000000
120310160,4,1.0000000000
120310161,4,1.0000000000
120310162,4,1.0000000000
120310163,4,1.0000000000
120310164,4,1.0000000000
120310165,4,1.0000000000
120310166,4,1.0000000000
120310167,4,1.0000000000
120310168,4,1.0000000000
120310169,4,1.0000000000
120310170,4,1.0000000000
120310171,4,1.0000000000
120310172,4,1.0000000000
120310173,4,1.0000000000
120310174,4,1.0000000000
120310175,4,1.0000000000
120310176,4,1.0000000000
120310177,4,1.0000000000
120310178,4,1.0000000000
120310179,4,1.0000000000
120310180,4,1.0000000000
120310181,4,1.0000000000
120310182,4,1.0000000000
120310183,4,1.0000000000
120310184,4,0.0315789474
120310184,5,0.9684210526
120310185,5,1.0000000000
120310186,4,1.0000000000
120310187,4,1.0000000000
120310188,4,1.0000000000
120310189,4,1.0000000000
120310190,4,1.0000000000
120310191,4,1.0000000000
120310192,4,1.0000000000
120310193,4,1.0000000000
120310194,4,1.0000000000
120310195,4,1.0000000000
120310196,4,1.0000000000
120310197,4,1.0000000000
120310198,4,1.0000000000
120310199,4,1.0000000000
120310200,4,1.0000000000
120310201,4,1.0000000000
120310202,4,1.0000000000
120310203,4,1.0000000000
120310204,4,1.0000000000
120310205,4,1.0000000000
120310206,5,1.0000000000
120310207,4,1.0000000000
120310208,4,0.9829545455
120310208,5,0.0170454545
120310209,4,1.0000000000
120310210,4,1.0000000000
120310211,4,1.0000000000
120310212,4,1.0000000000
120310213,4,1.0000000000
120310214,4,1.0000000000
120310215,4,1.0000000000
120310216,4,1.0000000000
120310217,5,1.0000000000
120310218,4,1.0000000000
120310219,4,1.0000000000
120310220,4,1.0000000000
120310221,4,1.0000000000
120310222,4,1.0000000000
120310223,4,1.0000000000
120310224,4,1.0000000000
120310225,5,1.0000000000
120310226,4,1.0000000000
120310227,4,1.0000000000
120310228,4,1.0000000000
120310229,4,1.0000000000
120310230,4,1.0000000000
120310231,4,1.0000000000
120310232,4,1.0000000000
120310233,4,1.0000000000
120310234,4,1.0000000000
120310235,4,1.0000000000
120310236,4,1.0000000000
120310237,4,1.0000000000
120310238,4,1.0000000000
120310239,4,1.0000000000
120310240,4,1.0000000000
120310241,4,1.0000000000
120310242,4,1.0000000000
120310243,4,1.0000000000
120310244,4,1.0000000000
120310245,4,1.0000000000
120310246,5,1.0000000000
120310247,5,1.0000000000
120310248,5,1.0000000000
120310249,5,1.0000000000
120310250,5,1.0000000000
120310251,5,1.0000000000
120310252,5,1.0000000000
120310253,5,1.0000000000
120310254,5,1.0000000000
120310255,5,1.0000000000
120310256,5,1.0000000000
120310257,5,1.0000000000
120310258,5,1.0000000000
120310259,5,1.0000000000
120310260,5,1.0000000000
120310261,5,1.0000000000
120310262,5,1.0000000000
120310263,5,1.0000000000
120310264,5,1.0000000000
120310265,5,1.0000000000
120310266,5,1.0000000000
120310267,5,1.0000000000
120310268,5,1.0000000000
120310269,4,1.0000000000
120310270,4,1.0000000000
120310271,4,1.0000000000
120310272,4,1.0000000000
120310273,4,1.0000000000
120310274,4,1.0000000000
120310275,4,1.0000000000
120310276,4,1.0000000000
120310277,4,1.0000000000
120310278,4,1.0000000000
120310279,4,1.0000000000
120310280,4,1.0000000000
120310281,4,1.0000000000
120310282,4,1.0000000000
120310283,4,1.0000000000
120310284,4,1.0000000000
120310285,4,1.0000000000
120310286,4,1.0000000000
120310287,4,1.0000000000
120310288,4,1.0000000000
120310289,4,0.1388888889
120310289,5,0.8611111111
120310290,5,1.0000000000
120310291,5,1.0000000000
120310292,4,1.0000000000
120310293,5,1.0000000000
120310294,5,1.0000000000
120310295,5,1.0000000000
120330001,1,1.0000000000
120330002,1,1.0000000000
120330003,1,1.0000000000
120330004,1,1.0000000000
120330005,1,1.0000000000
120330006,1,1.0000000000
120330007,1,1.0000000000
120330008,1,1.0000000000
120330009,1,1.0000000000
120330010,1,1.0000000000
120330011,1,1.0000000000
120330012,1,1.0000000000
120330013,1,1.0000000000
120330014,1,1.0000000000
120330015,1,1.0000000000
120330016,1,1.0000000000
120330017,1,1.0000000000
120330018,1,1.0000000000
120330019,1,1.0000000000
120330020,1,1.0000000000
120330021,1,1.0000000000
120330022,1,1.0000000000
120330023,1,1.0000000000
120330024,1,1.0000000000
120330025,1,1.0000000000
120330026,1,1.0000000000
120330027,1,1.0000000000
120330028,1,1.0000000000
120330029,1,1.0000000000
120330030,1,1.0000000000
120330031,1,1.0000000000
120330032,1,1.0000000000
120330033,1,1.0000000000
120330034,1,1.0000000000
120330035,1,1.0000000000
120330036,1,1.0000000000
120330037,1,1.0000000000
120330038,1,1.0000000000
120330039,1,1.0000000000
120330040,1,1.0000000000
120330041,1,1.0000000000
120330042,1,1.0000000000
120330043,1,1.0000000000
120330044,1,1.0000000000
120330045,1,1.0000000000
120330046,1,1.0000000000
120330047,1,1.0000000000
120330048,1,1.0000000000
120330049,1,1.0000000000
120330050,1,1.0000000000
120330051,1,1.0000000000
120330052,1,1.0000000000
120330053,1,1.0000000000
120330054,1,1.0000000000
120330055,1,1.0000000000
120330056,1,1.0000000000
120330057,1,1.0000000000
120330058,1,1.0000000000
120330059,1,1.0000000000
120330060,1,1.0000000000
120330061,1,1.0000000000
120330062,1,1.0000000000
120330063,1,1.0000000000
120330064,1,1.0000000000
120330065,1,1.0000000000
120330066,1,1.0000000000
120330067,1,1.0000000000
120330068,1,1.0000000000
120330069,1,1.0000000000
120330070,1,1.0000000000
120330071,1,1.0000000000
120330072,1,1.0000000000
120330073,1,1.0000000000
120330074,1,1.0000000000
120330075,1,1.0000000000
120330076,1,1.0000000000
120330077,1,1.0000000000
120330078,1,1.0000000000
120330079,1,1.0000000000
120330080,1,1.0000000000
120330081,1,1.0000000000
120330082,1,1.0000000000
120330083,1,1.0000000000
120330084,1,1.0000000000
120330085,1,1.0000000000
120330086,1,1.0000000000
120330087,1,1.0000000000
120330088,1,1.0000000000
120330089,1,1.0000000000
120330090,1,1.0000000000
120330091,1,1.0000000000
120330092,1,1.0000000000
120330093,1,1.0000000000
120330094,1,1.0000000000
120330095,1,1.0000000000
120330096,1,1.0000000000
120330097,1,1.0000000000
120330098,1,1.0000000000
120330099,1,1.0000000000
120330100,1,1.0000000000
120330101,1,1.0000000000
120330102,1,1.0000000000
120330103,1,1.0000000000
120330104,1,1.0000000000
120330105,1,1.0000000000
120330106,1,1.0000000000
120330107,1,1.0000000000
120330108,1,1.0000000000
120330109,1,1.0000000000
120330110,1,1.0000000000
120330111,1,1.0000000000
120330112,1,1.0000000000
120330113,1,1.0000000000
120330114,1,1.0000000000
120330115,1,1.0000000000
120330116,1,1.0000000000
120330117,1,1.0000000000
120330118,1,1.0000000000
120330119,1,1.0000000000
120330120,1,1.0000000000
120330121,1,1.0000000000
120330122,1,1.0000000000
120330123,1,1.0000000000
120330124,1,1.0000000000
120330125,1,1.0000000000
120330126,1,1.0000000000
120330127,1,1.0000000000
120330128,1,1.0000000000
120330129,1,1.0000000000
120330130,1,1.0000000000
120330131,1,1.0000000000
120330132,1,1.0000000000
120330133,1,1.0000000000
120330134,1,1.0000000000
120330135,1,1.0000000000
120330136,1,1.0000000000
120330137,1,1.0000000000
120330138,1,1.0000000000
120330139,1,1.0000000000
120330140,1,1.0000000000
120330141,1,1.0000000000
120330142,1,1.0000000000
120330143,1,1.0000000000
120330144,1,1.0000000000
120330145,1,1.0000000000
120330146,1,1.0000000000
120330147,1,1.0000000000
120330148,1,1.0000000000
120330149,1,1.0000000000
120330150,1,1.0000000000
120330151,1,1.0000000000
120330152,1,1.0000000000
120330153,1,1.0000000000
120330154,1,1.0000000000
120330155,1,1.0000000000
120330156,1,1.0000000000
120330157,1,1.0000000000
120330158,1,1.0000000000
120330159,1,1.0000000000
120330160,1,1.0000000000
120330161,1,1.0000000000
120330162,1,1.0000000000
120330163,1,1.0000000000
120330164,1,1.0000000000
120330165,1,1.0000000000
120330166,1,1.0000000000
120330167,1,1.0000000000
120330168,1,1.0000000000
120330169,1,1.0000000000
120330170,1,1.0000000000
120330171,1,1.0000000000
120330172,1,1.0000000000
120330173,1,1.0000000000
120330174,1,1.0000000000
120330175,1,1.0000000000
120330176,1,1.0000000000
120330177,1,1.0000000000
120330178,1,1.0000000000
120330179,1,1.0000000000
120330180,1,1.0000000000
120330181,1,1.0000000000
120330182,1,1.0000000000
120330183,1,1.0000000000
120330184,1,1.0000000000
120330185,1,1.0000000000
120330186,1,1.0000000000
120330187,1,1.0000000000
120330188,1,1.0000000000
120330189,1,1.0000000000
120330190,1,1.0000000000
120330191,1,1.0000000000
120330192,1,1.0000000000
120330193,1,1.0000000000
120330194,1,1.0000000000
120330195,1,1.0000000000
120330196,1,1.0000000000
120330197,1,1.0000000000
120330198,1,1.0000000000
120330199,1,1.0000000000
120330200,1,1.0000000000
120330201,1,1.0000000000
120330202,1,1.0000000000
120330203,1,1.0000000000
120330204,1,1.0000000000
120330205,1,1.0000000000
120330206,1,1.0000000000
120330207,1,1.0000000000
120330208,1,1.0000000000
120330209,1,1.0000000000
120330210,1,1.0000000000
120330211,1,1.0000000000
120330212,1,1.0000000000
120330213,1,1.0000000000
120330214,1,1.0000000000
120330215,1,1.0000000000
120330216,1,1.0000000000
120330217,1,1.0000000000
120330218,1,1.0000000000
120330219,1,1.0000000000
120330220,1,1.0000000000
120330221,1,1.0000000000
120330222,1,1.0000000000
120330223,1,1.0000000000
120330224,1,1.0000000000
120330225,1,1.0000000000
120330226,1,1.0000000000
120330227,1,1.0000000000
120330228,1,1.0000000000
120330229,1,1.0000000000
120330230,1,1.0000000000
120330231,1,1.0000000000
120330232,1,1.0000000000
120330233,1,1.0000000000
120330234,1,1.0000000000
120330235,1,1.0000000000
120330236,1,1.0000000000
120330237,1,1.0000000000
120330238,1,1.0000000000
120330239,1,1.0000000000
120330240,1,1.0000000000
120330241,1,1.0000000000
120330242,1,1.0000000000
120330243,1,1.0000000000
120330244,1,1.0000000000
120330245,1,1.0000000000
120330246,1,1.0000000000
120330247,1,1.0000000000
120330248,1,1.0000000000
120330249,1,1.0000000000
120330250,1,1.0000000000
120330251,1,1.0000000000
120330252,1,1.0000000000
120330253,1,1.0000000000
120330254,1,1.0000000000
120330255,1,1.0000000000
120330256,1,1.0000000000
120330257,1,1.0000000000
120330258,1,1.0000000000
120330259,1,1.0000000000
120330260,1,1.0000000000
120330261,1,1.0000000000
120330262,1,1.0000000000
120330263,1,1.0000000000
120330264,1,1.0000000000
120330265,1,1.0000000000
120330266,1,1.0000000000
120330267,1,1.0000000000
120350001,6,1.0000000000
120350002,6,1.0000000000
120350003,6,1.0000000000
120350004,6,1.0000000000
120350005,6,1.0000000000
120350006,6,1.0000000000
120350007,6,1.0000000000
120350009,6,1.0000000000
120350010,6,1.0000000000
120350011,6,1.0000000000
120350012,6,1.0000000000
120350013,6,1.0000000000
120350014,6,1.0000000000
120350015,6,1.0000000000
120350016,6,1.0000000000
120350017,6,1.0000000000
120350018,6,1.0000000000
120350019,6,1.0000000000
120350020,6,1.0000000000
120350021,6,1.0000000000
120350022,6,1.0000000000
120350023,6,1.0000000000
120350024,6,1.0000000000
120350025,6,1.0000000000
120350026,6,1.0000000000
120350027,6,1.0000000000
120350028,6,1.0000000000
120350029,6,1.0000000000
120350030,6,1.0000000000
120350031,6,1.0000000000
120350032,6,1.0000000000
120350033,6,1.0000000000
120350034,6,1.0000000000
120350035,6,1.0000000000
120350036,6,1.0000000000
120350038,6,1.0000000000
120350040,6,1.0000000000
120350041,6,1.0000000000
120350042,6,1.0000000000
120350043,6,1.0000000000
120350044,6,1.0000000000
120350045,6,1.0000000000
120350046,6,1.0000000000
120350047,6,1.0000000000
120350048,6,1.0000000000
120350049,6,1.0000000000
120350050,6,1.0000000000
120350051,6,1.0000000000
120350052,6,1.0000000000
120350053,6,1.0000000000
120350054,6,1.0000000000
120350055,6,1.0000000000
120350056,6,1.0000000000
120350057,6,1.0000000000
120350058,6,1.0000000000
120350059,6,1.0000000000
120350060,6,1.0000000000
120350061,6,1.0000000000
120370001,2,1.0000000000
120370002,2,1.0000000000
120370003,2,1.0000000000
120370004,2,1.0000000000
120370005,2,1.0000000000
120370006,2,1.0000000000
120370007,2,1.0000000000
120370008,2,1.0000000000
120390001,2,1.0000000000
120390002,2,1.0000000000
120390003,2,1.0000000000
120390004,2,1.0000000000
120390005,2,1.0000000000
120390006,2,1.0000000000
120390007,2,1.0000000000
120390008,2,1.0000000000
120390009,2,1.0000000000
120390010,2,1.0000000000
120390011,2,1.0000000000
120390012,2,1.0000000000
120390013,2,1.0000000000
120390014,2,1.0000000000
120390015,2,1.0000000000
120390016,2,1.0000000000
120390017,2,1.0000000000
120390018,2,1.0000000000
120390019,2,1.0000000000
120390020,2,1.0000000000
120390021,2,1.0000000000
120390022,2,1.0000000000
120390023,2,1.0000000000
120390024,2,1.0000000000
120390025,2,1.0000000000
120390026,2,1.0000000000
120390027,2,1.0000000000
120390028,2,1.0000000000
120390029,2,1.0000000000
120390030,2,1.0000000000
120390031,2,1.0000000000
120390032,2,1.0000000000
120390033,2,1.0000000000
120390034,2,1.0000000000
120390035,2,1.0000000000
120390036,2,1.0000000000
120390037,2,1.0000000000
120390038,2,1.0000000000
120390039,2,1.0000000000
120390040,2,1.0000000000
120390041,2,1.0000000000
120390042,2,1.0000000000
120390043,2,1.0000000000
120390044,2,1.0000000000
120390045,2,1.0000000000
120390046,2,1.0000000000
120390047,2,1.0000000000
120390048,2,1.0000000000
120410001,3,1.0000000000
120410002,3,1.0000000000
120410003,3,1.0000000000
120410004,3,1.0000000000
120410005,3,1.0000000000
120410006,3,1.0000000000
120410007,3,1.0000000000
120410008,3,1.0000000000
120410009,3,1.0000000000
120410010,3,1.0000000000
120430001,18,1.0000000000
120430002,18,1.0000000000
120430003,18,1.0000000000
120430004,18,1.0000000000
120430005,18,1.0000000000
120430006,18,1.0000000000
120430007,18,1.0000000000
120430008,18,1.0000000000
120430009,18,1.0000000000
120430010,18,1.0000000000
120430011,18,1.0000000000
120430012,18,1.0000000000
120430013,18,1.0000000000
120450001,2,1.0000000000
120450002,2,1.0000000000
120450003,2,1.0000000000
120450004,2,1.0000000000
120450005,2,1.0000000000
120450006,2,1.0000000000
120450007,2,1.0000000000
120450008,2,1.0000000000
120450009,2,1.0000000000
120450010,2,1.0000000000
120470001,3,1.0000000000
120470002,3,1.0000000000
120470003,3,1.0000000000
120470004,3,1.0000000000
120470005,3,1.0000000000
120470006,3,1.0000000000
120470007,3,1.0000000000
120470008,3,1.0000000000
120490001,18,1.0000000000
120490002,18,1.0000000000
120490003,18,1.0000000000
120490004,18,1.0000000000
120490005,18,1.0000000000
120490006,18,1.0000000000
120490007,18,1.0000000000
120490008,18,1.0000000000
120490009,18,1.0000000000
120490010,18,1.0000000000
120490011,18,1.0000000000
120490012,18,1.0000000000
120510001,18,1.0000000000
120510002,18,1.0000000000
120510003,18,1.0000000000
120510004,18,1.0000000000
120510005,18,1.0000000000
120510006,18,1.0000000000
120510007,18,1.0000000000
120510008,18,1.0000000000
120510009,18,1.0000000000
120510010,18,1.0000000000
120510011,18,1.0000000000
120510012,18,1.0000000000
120510013,18,1.0000000000
120510014,18,1.0000000000
120510015,18,1.0000000000
120510016,18,1.0000000000
120510017,18,1.0000000000
120510018,18,1.0000000000
120510019,18,1.0000000000
120510020,18,1.0000000000
120510021,18,1.0000000000
120510022,18,1.0000000000
120510023,18,1.0000000000
120510024,17,0.0117208841
120510024,18,0.9882791159
120510025,18,1.0000000000
120510026,18,1.0000000000
120510027,18,0.9887640449
120510027,26,0.0112359551
120510028,18,1.0000000000
120510029,18,1.0000000000
120530001,12,1.0000000000
120530002,12,1.0000000000
120530003,12,1.0000000000
120530004,12,1.0000000000
120530005,12,1.0000000000
120530006,12,1.0000000000
120530007,12,1.0000000000
120530008,12,1.0000000000
120530009,12,1.0000000000
120530010,12,1.0000000000
120530011,12,1.0000000000
120530012,12,1.0000000000
120530013,12,1.0000000000
120530014,12,1.0000000000
120530015,12,1.0000000000
120530016,12,1.0000000000
120530017,12,1.0000000000
120530018,12,1.0000000000
120530019,12,1.0000000000
120530020,12,1.0000000000
120530021,12,1.0000000000
120530022,12,1.0000000000
120530023,12,1.0000000000
120530024,12,1.0000000000
120530025,12,1.0000000000
120530026,12,1.0000000000
120530027,12,1.0000000000
120530028,12,1.0000000000
120530029,12,1.0000000000
120530030,12,1.0000000000
120530031,12,1.0000000000
120530032,12,1.0000000000
120530033,12,1.0000000000
120530034,12,1.0000000000
120530035,12,1.0000000000
120530036,12,1.0000000000
120530037,12,1.0000000000
120530038,12,1.0000000000
120530039,12,1.0000000000
120530040,12,1.0000000000
120530041,12,1.0000000000
120530042,12,1.0000000000
120530043,12,1.0000000000
120530044,12,1.0000000000
120530045,12,1.0000000000
120530046,12,1.0000000000
120530047,12,1.0000000000
120530048,12,1.0000000000
120530049,12,1.0000000000
120530050,12,1.0000000000
120530051,12,1.0000000000
120530052,12,1.0000000000
120530053,12,1.0000000000
120530054,12,1.0000000000
120530055,12,1.0000000000
120530056,12,1.0000000000
120550001,18,1.0000000000
120550002,18,1.0000000000
120550003,18,1.0000000000
120550004,18,1.0000000000
120550005,18,1.0000000000
120550006,18,1.0000000000
120550007,18,1.0000000000
120550008,18,1.0000000000
120550009,18,1.0000000000
120550010,18,1.0000000000
120550011,18,1.0000000000
120550012,18,1.0000000000
120550013,18,1.0000000000
120550014,18,1.0000000000
120550015,18,1.0000000000
120550016,18,1.0000000000
120550017,18,1.0000000000
120550018,18,1.0000000000
120550019,18,1.0000000000
120550020,18,1.0000000000
120550021,18,1.0000000000
120550022,18,1.0000000000
120550023,18,1.0000000000
120550024,18,1.0000000000
120550025,18,1.0000000000
120550026,18,1.0000000000
120550027,18,1.0000000000
120550028,18,1.0000000000
120550029,18,1.0000000000
120550030,18,1.0000000000
120550031,18,1.0000000000
120550032,18,1.0000000000
120550033,18,1.0000000000
120550034,18,1.0000000000
120550035,18,1.0000000000
120550036,18,1.0000000000
120550037,18,1.0000000000
120550038,18,1.0000000000
120550039,18,1.0000000000
120550040,18,1.0000000000
120550041,18,1.0000000000
120550042,18,1.0000000000
120550043,18,1.0000000000
120550044,18,1.0000000000
120550045,18,1.0000000000
120550046,18,1.0000000000
120550047,18,1.0000000000
120550048,18,1.0000000000
120550049,18,1.0000000000
120550050,18,1.0000000000
120550051,18,1.0000000000
120550052,18,1.0000000000
120550053,18,1.0000000000
120550054,18,1.0000000000
120550055,18,1.0000000000
120550056,18,1.0000000000
120550057,18,1.0000000000
120550058,18,1.0000000000
120550059,18,1.0000000000
120550060,18,1.0000000000
120550061,18,1.0000000000
120550062,18,1.0000000000
120550063,18,1.0000000000
120550064,18,1.0000000000
120550065,18,1.0000000000
120550066,18,1.0000000000
120550067,18,1.0000000000
120570001,14,1.0000000000
120570002,14,1.0000000000
120570003,14,1.0000000000
120570004,14,1.0000000000
120570005,14,1.0000000000
120570006,14,1.0000000000
120570007,14,1.0000000000
120570008,14,1.0000000000
120570009,14,1.0000000000
120570010,14,1.0000000000
120570011,14,1.0000000000
120570012,14,1.0000000000
120570013,14,1.0000000000
120570014,14,1.0000000000
120570015,14,1.0000000000
120570016,14,1.0000000000
120570017,14,1.0000000000
120570018,14,1.0000000000
120570019,14,1.0000000000
120570020,14,1.0000000000
120570021,14,1.0000000000
120570022,14,1.0000000000
120570023,14,1.0000000000
120570024,14,1.0000000000
120570025,14,1.0000000000
120570026,14,1.0000000000
120570027,14,1.0000000000
120570028,14,1.0000000000
120570029,14,1.0000000000
120570030,14,1.0000000000
120570031,14,1.0000000000
120570032,14,1.0000000000
120570033,14,1.0000000000
120570034,14,1.0000000000
120570035,14,1.0000000000
120570036,14,1.0000000000
120570037,14,1.0000000000
120570038,14,1.0000000000
120570039,14,1.0000000000
120570040,14,1.0000000000
120570041,14,1.0000000000
120570042,14,1.0000000000
120570043,14,1.0000000000
120570044,14,1.0000000000
120570045,14,1.0000000000
120570046,14,1.0000000000
120570047,14,1.0000000000
120570048,14,1.0000000000
120570049,14,1.0000000000
120570050,14,1.0000000000
120570051,14,1.0000000000
120570052,14,1.0000000000
120570053,14,1.0000000000
120570054,14,1.0000000000
120570055,14,1.0000000000
120570056,14,1.0000000000
120570057,14,1.0000000000
120570058,14,1.0000000000
120570059,14,1.0000000000
120570060,14,1.0000000000
120570061,14,1.0000000000
120570062,14,1.0000000000
120570063,14,1.0000000000
120570064,14,1.0000000000
120570065,14,1.0000000000
120570066,14,1.0000000000
120570067,14,1.0000000000
120570068,14,1.0000000000
120570069,14,1.0000000000
120570070,14,1.0000000000
120570071,14,1.0000000000
120570072,14,1.0000000000
120570073,14,1.0000000000
120570074,14,0.0136986301
120570074,15,0.9863013699
120570075,14,1.0000000000
120570076,15,1.0000000000
120570077,15,1.0000000000
120570078,14,1.0000000000
120570079,14,1.0000000000
120570080,14,1.0000000000
120570081,14,1.0000000000
120570082,14,1.0000000000
120570083,14,1.0000000000
120570084,14,1.0000000000
120570085,14,1.0000000000
120570086,14,1.0000000000
120570087,14,1.0000000000
120570088,14,1.0000000000
120570089,14,1.0000000000
120570090,14,1.0000000000
120570091,14,1.0000000000
120570092,14,1.0000000000
120570093,14,1.0000000000
120570094,14,1.0000000000
120570095,14,1.0000000000
120570096,14,1.0000000000
120570097,15,1.0000000000
120570098,14,1.0000000000
120570099,14,1.0000000000
120570100,14,0.9851789202
120570100,15,0.0148210798
120570101,15,1.0000000000
120570102,15,1.0000000000
120570103,14,1.0000000000
120570104,15,1.0000000000
120570105,15,1.0000000000
120570106,15,1.0000000000
120570107,15,1.0000000000
120570108,15,1.0000000000
120570109,15,1.0000000000
120570110,15,1.0000000000
120570111,15,1.0000000000
120570112,15,1.0000000000
120570113,15,1.0000000000
120570114,15,1.0000000000
120570115,15,1.0000000000
120570116,15,1.0000000000
120570117,15,1.0000000000
120570118,15,1.0000000000
120570119,15,1.0000000000
120570120,15,1.0000000000
120570121,15,1.0000000000
120570122,15,1.0000000000
120570123,15,1.0000000000
120570124,15,1.0000000000
120570125,15,1.0000000000
120570126,15,1.0000000000
120570127,15,1.0000000000
120570128,14,1.0000000000
120570129,14,1.0000000000
120570130,14,1.0000000000
120570131,14,1.0000000000
120570132,14,1.0000000000
120570133,14,1.0000000000
120570134,14,1.0000000000
120570135,14,1.0000000000
120570136,14,1.0000000000
120570137,14,1.0000000000
120570138,14,1.0000000000
120570139,14,1.0000000000
120570140,14,1.0000000000
120570141,14,1.0000000000
120570142,14,1.0000000000
120570143,14,1.0000000000
120570144,14,1.0000000000
120570145,14,1.0000000000
120570146,14,1.0000000000
120570147,14,1.0000000000
120570148,14,1.0000000000
120570149,14,1.0000000000
120570150,14,1.0000000000
120570151,14,1.0000000000
120570152,14,1.0000000000
120570153,14,1.0000000000
120570154,14,1.0000000000
120570155,14,1.0000000000
120570156,14,1.0000000000
120570157,14,1.0000000000
120570158,14,1.0000000000
120570159,14,1.0000000000
120570160,14,1.0000000000
120570161,14,1.0000000000
120570162,14,1.0000000000
120570163,14,1.0000000000
120570164,14,1.0000000000
120570165,14,1.0000000000
120570166,14,1.0000000000
120570167,14,1.0000000000
120570168,14,1.0000000000
120570169,14,1.0000000000
120570170,14,1.0000000000
120570171,14,1.0000000000
120570172,14,1.0000000000
120570173,14,1.0000000000
120570174,15,1.0000000000
120570175,15,1.0000000000
120570176,15,1.0000000000
120570177,15,1.0000000000
120570178,15,1.0000000000
120570179,15,1.0000000000
120570180,15,1.0000000000
120570181,15,1.0000000000
120570182,15,1.0000000000
120570183,15,1.0000000000
120570184,14,1.0000000000
120570185,15,1.0000000000
120570186,15,1.0000000000
120570187,15,1.0000000000
120570188,15,1.0000000000
120570189,15,1.0000000000
120570190,15,1.0000000000
120570191,15,1.0000000000
120570192,15,1.0000000000
120570193,15,1.0000000000
120570194,14,0.2500000000
120570194,15,0.7500000000
120570195,14,1.0000000000
120570196,14,1.0000000000
120570197,14,1.0000000000
120570198,14,1.0000000000
120570199,14,1.0000000000
120570200,14,1.0000000000
120570201,14,1.0000000000
120570202,14,1.0000000000
120570203,14,1.0000000000
120570204,14,1.0000000000
120570205,14,1.0000000000
120570206,14,1.0000000000
120570207,14,1.0000000000
120570208,14,1.0000000000
120570209,14,1.0000000000
120570210,14,1.0000000000
120570211,14,0.7500000000
120570211,15,0.2500000000
120570212,14,0.5000000000
120570212,15,0.5000000000
120570213,14,1.0000000000
120570214,15,1.0000000000
120570215,15,1.0000000000
120570216,15,1.0000000000
120570217,15,1.0000000000
120570218,15,1.0000000000
120570219,15,1.0000000000
120570220,15,1.0000000000
120570221,15,1.0000000000
120570222,15,1.0000000000
120570223,15,1.0000000000
120570224,14,0.4666666667
120570224,15,0.5333333333
120570225,15,1.0000000000
120570226,15,1.0000000000
120570227,15,1.0000000000
120570228,15,1.0000000000
120570229,15,1.0000000000
120570230,15,1.0000000000
120570231,15,1.0000000000
120570232,15,1.0000000000
120570233,15,1.0000000000
120570234,15,1.0000000000
120570235,15,1.0000000000
120570236,15,1.0000000000
120570237,15,1.0000000000
120570238,15,1.0000000000
120570239,15,1.0000000000
120570240,15,1.0000000000
120570241,15,1.0000000000
120570242,15,1.0000000000
120570243,15,1.0000000000
120570244,15,1.0000000000
120570245,15,1.0000000000
120570246,15,1.0000000000
120570247,15,1.0000000000
120570248,15,1.0000000000
120570249,15,1.0000000000
120570250,15,1.0000000000
120570251,15,1.0000000000
120570252,15,1.0000000000
120570253,15,1.0000000000
120570254,15,1.0000000000
120570255,15,1.0000000000
120570256,15,1.0000000000
120570257,15,1.0000000000
120570258,15,1.0000000000
120570259,15,1.0000000000
120570260,15,1.0000000000
120570261,15,1.0000000000
120570262,15,1.0000000000
120570263,15,1.0000000000
120570264,15,1.0000000000
120570265,15,1.0000000000
120570266,15,1.0000000000
120570267,15,1.0000000000
120570268,15,1.0000000000
120570269,15,1.0000000000
120570270,15,1.0000000000
120570271,15,1.0000000000
120570272,15,1.0000000000
120570273,15,1.0000000000
120570274,14,1.0000000000
120570275,14,1.0000000000
120570276,14,1.0000000000
120570277,14,1.0000000000
120570278,14,1.0000000000
120570279,14,1.0000000000
120570280,14,1.0000000000
120570281,14,0.6176470588
120570281,15,0.3823529412
120570282,14,0.0740740741
120570282,15,0.9259259259
120570283,14,1.0000000000
120570284,14,0.1351351351
120570284,15,0.8648648649
120570285,15,1.0000000000
120570286,15,1.0000000000
120570287,15,1.0000000000
120570288,15,1.0000000000
120570289,15,1.0000000000
120570290,15,1.0000000000
120570291,15,1.0000000000
120570292,15,1.0000000000
120570293,15,1.0000000000
120570294,15,1.0000000000
120570295,15,1.0000000000
120570296,15,1.0000000000
120570297,15,1.0000000000
120570298,15,1.0000000000
120570299,15,1.0000000000
120570300,15,1.0000000000
120570301,15,1.0000000000
120570302,15,1.0000000000
120570303,15,1.0000000000
120570304,15,1.0000000000
120570305,15,1.0000000000
120570306,15,1.0000000000
120570307,15,1.0000000000
120570308,15,1.0000000000
120570309,15,1.0000000000
120570310,15,1.0000000000
120570311,15,1.0000000000
120570312,15,1.0000000000
120570313,15,1.0000000000
120570314,15,1.0000000000
120570315,15,1.0000000000
120570316,15,1.0000000000
120570317,15,1.0000000000
120570318,15,1.0000000000
120570319,15,1.0000000000
120570320,15,1.0000000000
120570321,15,1.0000000000
120570322,15,1.0000000000
120570323,16,1.0000000000
120570324,16,1.0000000000
120570325,16,1.0000000000
120570326,16,1.0000000000
120570327,16,1.0000000000
120570328,16,1.0000000000
120570329,16,1.0000000000
120570330,16,1.0000000000
120570331,16,1.0000000000
120570332,16,1.0000000000
120570333,16,1.0000000000
120570334,15,1.0000000000
120570335,15,1.0000000000
120570336,15,1.0000000000
120570337,16,1.0000000000
120570338,15,1.0000000000
120570339,15,1.0000000000
120570340,15,1.0000000000
120570341,15,1.0000000000
120570342,15,1.0000000000
120570343,15,1.0000000000
120570344,15,1.0000000000
120570345,15,1.0000000000
120570346,15,1.0000000000
120570347,15,1.0000000000
120570348,15,1.0000000000
120570349,15,1.0000000000
120570350,15,1.0000000000
120570351,15,1.0000000000
120570352,15,1.0000000000
120570353,15,1.0000000000
120570354,15,1.0000000000
120570355,15,1.0000000000
120570356,15,1.0000000000
120570357,15,1.0000000000
120570358,16,1.0000000000
120570359,16,1.0000000000
120570360,16,1.0000000000
120570361,16,1.0000000000
120570362,16,1.0000000000
120570363,16,1.0000000000
120570364,16,1.0000000000
120570365,16,1.0000000000
120570366,16,1.0000000000
120570367,16,1.0000000000
120570368,16,1.0000000000
120570369,16,1.0000000000
120570370,16,1.0000000000
120570371,16,1.0000000000
120570372,16,1.0000000000
120570373,16,1.0000000000
120570374,16,1.0000000000
120570375,16,1.0000000000
120570376,16,1.0000000000
120570377,16,1.0000000000
120570378,16,1.0000000000
120570379,16,1.0000000000
120570380,16,1.0000000000
120570381,16,1.0000000000
120570382,16,1.0000000000
120570383,16,1.0000000000
120570384,16,1.0000000000
120570385,16,1.0000000000
120570386,16,1.0000000000
120570387,16,1.0000000000
120570388,16,1.0000000000
120570389,16,1.0000000000
120570390,16,1.0000000000
120570391,16,1.0000000000
120570392,16,1.0000000000
120570393,16,1.0000000000
120570394,16,1.0000000000
120570395,16,1.0000000000
120570396,16,1.0000000000
120570397,15,1.0000000000
120570398,16,1.0000000000
120570399,16,1.0000000000
120570400,16,1.0000000000
120570401,15,0.4126984127
120570401,16,0.5873015873
120570402,15,1.0000000000
120570403,15,1.0000000000
120570404,15,1.0000000000
120570405,15,1.0000000000
120570406,15,1.0000000000
120570407,15,1.0000000000
120570408,15,1.0000000000
120570409,15,1.0000000000
120570410,15,1.0000000000
120570411,15,1.0000000000
120570412,15,1.0000000000
120570413,15,1.0000000000
120570414,15,1.0000000000
120570415,15,1.0000000000
120570416,15,1.0000000000
120570417,15,1.0000000000
120570418,15,1.0000000000
120570419,15,1.0000000000
120570420,15,1.0000000000
120570421,14,0.0106382979
120570421,15,0.9893617021
120570422,15,1.0000000000
120570423,15,1.0000000000
120570424,15,1.0000000000
120570425,15,1.0000000000
120570426,15,1.0000000000
120570427,15,1.0000000000
120570428,15,1.0000000000
120570430,16,1.0000000000
120570431,16,1.0000000000
120570432,14,1.0000000000
120570433,14,1.0000000000
120570434,16,1.0000000000
120570435,16,1.0000000000
120570436,16,1.0000000000
120570437,16,1.0000000000
120570438,16,1.0000000000
120570439,16,1.0000000000
120570440,16,1.0000000000
120570441,16,1.0000000000
120570442,16,1.0000000000
120570443,16,1.0000000000
120570444,16,1.0000000000
120570445,16,1.0000000000
120570446,16,1.0000000000
120570447,16,1.0000000000
120570448,16,1.0000000000
120570449,16,1.0000000000
120570450,16,1.0000000000
120570451,16,1.0000000000
120570452,16,1.0000000000
120570453,16,1.0000000000
120570454,16,1.0000000000
120570455,16,1.0000000000
120570456,16,1.0000000000
120570457,16,1.0000000000
120570458,16,1.0000000000
120570459,16,1.0000000000
120570460,16,1.0000000000
120570461,16,1.0000000000
120570462,14,0.1393442623
120570462,16,0.8606557377
120570463,16,1.0000000000
120570464,16,1.0000000000
120570465,16,1.0000000000
120570466,16,1.0000000000
120570467,16,1.0000000000
120570468,16,1.0000000000
120570469,14,1.0000000000
120570470,14,1.0000000000
120570471,14,1.0000000000
120570472,14,1.0000000000
120570473,14,1.0000000000
120570474,14,1.0000000000
120570475,14,1.0000000000
120570476,14,1.0000000000
120570477,14,1.0000000000
120570478,14,1.0000000000
120570479,14,1.0000000000
120570480,16,1.0000000000
120570481,16,1.0000000000
120570482,16,1.0000000000
120570483,16,1.0000000000
120570484,16,1.0000000000
120570485,16,1.0000000000
120570486,14,0.0860927152
120570486,16,0.9139072848
120570487,16,1.0000000000
120570488,16,1.0000000000
120570489,16,1.0000000000
120570490,16,1.0000000000
120570491,16,1.0000000000
120570492,16,1.0000000000
120570493,16,1.0000000000
120570494,16,1.0000000000
120570495,16,1.0000000000
120570496,16,1.0000000000
120570497,16,1.0000000000
120570498,16,1.0000000000
120570499,16,1.0000000000
120570500,16,1.0000000000
120570501,16,1.0000000000
120570502,16,1.0000000000
120570503,16,1.0000000000
120570504,16,1.0000000000
120570505,16,1.0000000000
120570506,16,1.0000000000
120570507,16,1.0000000000
120570508,16,1.0000000000
120570509,16,1.0000000000
120570510,16,1.0000000000
120570511,16,1.0000000000
120570512,16,1.0000000000
120570513,14,1.0000000000
120570514,16,1.0000000000
120570515,16,1.0000000000
120570516,16,1.0000000000
120570517,16,1.0000000000
120570518,14,1.0000000000
120570519,14,1.0000000000
120570520,14,1.0000000000
120570521,14,1.0000000000
120570522,16,1.0000000000
120570523,14,1.0000000000
120570524,14,1.0000000000
120570525,14,1.0000000000
120570526,14,1.0000000000
120570527,14,1.0000000000
120570528,14,1.0000000000
120570529,14,1.0000000000
120570531,14,1.0000000000
120570532,14,1.0000000000
120570533,14,1.0000000000
120570534,14,1.0000000000
120570535,14,1.0000000000
120570536,14,1.0000000000
120590001,2,1.0000000000
120590002,2,1.0000000000
120590003,2,1.0000000000
120590004,2,1.0000000000
120590005,2,1.0000000000
120590006,2,1.0000000000
120590007,2,1.0000000000
120590008,2,1.0000000000
120610001,8,1.0000000000
120610002,8,1.0000000000
120610003,8,1.0000000000
120610004,8,1.0000000000
120610005,8,1.0000000000
120610006,8,1.0000000000
120610007,8,1.0000000000
120610008,8,1.0000000000
120610009,8,1.0000000000
120610010,8,1.0000000000
120610011,8,1.0000000000
120610012,8,1.0000000000
120610013,8,1.0000000000
120610014,8,1.0000000000
120610015,8,1.0000000000
120610016,8,1.0000000000
120610017,8,1.0000000000
120610018,8,1.0000000000
120610019,8,1.0000000000
120610020,8,1.0000000000
120610021,8,1.0000000000
120610022,8,1.0000000000
120610023,8,1.0000000000
120610024,8,1.0000000000
120610025,8,1.0000000000
120610026,8,1.0000000000
120610027,8,1.0000000000
120610028,8,1.0000000000
120610029,8,1.0000000000
120610030,8,1.0000000000
120610031,8,1.0000000000
120610032,8,1.0000000000
120610033,8,1.0000000000
120610034,8,1.0000000000
120610035,8,1.0000000000
120610036,8,1.0000000000
120610037,8,1.0000000000
120610038,8,1.0000000000
120610039,8,1.0000000000
120610040,8,1.0000000000
120610041,8,1.0000000000
120610042,8,1.0000000000
120610043,8,1.0000000000
120610044,8,1.0000000000
120610045,8,1.0000000000
120610046,8,1.0000000000
120610047,8,1.0000000000
120610048,8,1.0000000000
120610049,8,1.0000000000
120610050,8,1.0000000000
120610051,8,1.0000000000
120610052,8,1.0000000000
120610053,8,1.0000000000
120610054,21,0.0235294118
120610054,8,0.9764705882
120610055,21,0.0163934426
120610055,8,0.9836065574
120610056,8,1.0000000000
120610057,8,1.0000000000
120610058,8,1.0000000000
120610059,8,1.0000000000
120610060,8,1.0000000000
120610061,8,1.0000000000
120610062,8,1.0000000000
120610063,8,1.0000000000
120610064,8,1.0000000000
120610065,8,1.0000000000
120610066,8,1.0000000000
120610067,8,1.0000000000
120610068,8,1.0000000000
120610069,8,1.0000000000
120610070,8,1.0000000000
120610071,8,1.0000000000
120610072,8,1.0000000000
120610073,8,1.0000000000
120610074,8,1.0000000000
120610075,8,1.0000000000
120630001,2,1.0000000000
120630002,2,1.0000000000
120630003,2,1.0000000000
120630004,2,1.0000000000
120630005,2,1.0000000000
120630006,2,1.0000000000
120630007,2,1.0000000000
120630008,2,1.0000000000
120630009,2,1.0000000000
120630010,2,1.0000000000
120630011,2,1.0000000000
120630012,2,1.0000000000
120630013,2,1.0000000000
120630014,2,1.0000000000
120630015,2,1.0000000000
120630016,2,1.0000000000
120630017,2,1.0000000000
120630018,2,1.0000000000
120630019,2,1.0000000000
120630020,2,1.0000000000
120630021,2,1.0000000000
120630022,2,1.0000000000
120630023,2,1.0000000000
120630024,2,1.0000000000
120630025,2,1.0000000000
120630026,2,1.0000000000
120630027,2,1.0000000000
120630028,2,1.0000000000
120630029,2,1.0000000000
120630030,2,1.0000000000
120630031,2,1.0000000000
120630032,2,1.0000000000
120650001,2,1.0000000000
120650002,2,1.0000000000
120650003,2,1.0000000000
120650004,2,1.0000000000
120650005,2,1.0000000000
120650006,2,1.0000000000
120650007,2,1.0000000000
120650008,2,1.0000000000
120650009,2,1.0000000000
120650010,2,1.0000000000
120650011,2,1.0000000000
120650012,2,1.0000000000
120650013,2,1.0000000000
120650014,2,1.0000000000
120650015,2,1.0000000000
120670001,2,0.5019623351
120670001,3,0.4980376649
120670002,3,1.0000000000
120670003,3,1.0000000000
120670004,3,1.0000000000
120670005,3,1.0000000000
120690001,6,1.0000000000
120690002,6,1.0000000000
120690003,6,1.0000000000
120690004,6,1.0000000000
120690005,6,1.0000000000
120690006,6,1.0000000000
120690007,6,1.0000000000
120690008,11,1.0000000000
120690009,11,1.0000000000
120690010,6,1.0000000000
120690011,6,1.0000000000
120690012,6,1.0000000000
120690013,6,1.0000000000
120690014,6,1.0000000000
120690015,6,1.0000000000
120690016,6,1.0000000000
120690017,11,0.0020006816
120690017,6,0.9979993184
120690018,11,1.0000000000
120690019,6,1.0000000000
120690020,11,0.0047005310
120690020,6,0.9952994690
120690021,6,1.0000000000
120690022,6,1.0000000000
120690023,11,1.0000000000
120690024,11,1.0000000000
120690025,11,1.0000000000
120690026,11,1.0000000000
120690027,11,1.0000000000
120690028,11,1.0000000000
120690029,11,1.0000000000
120690030,11,1.0000000000
120690031,11,1.0000000000
120690032,11,1.0000000000
120690033,11,0.9999249196
120690033,6,0.0000750804
120690034,11,1.0000000000
120690035,11,0.8557721640
120690035,6,0.1442278360
120690036,11,1.0000000000
120690037,11,1.0000000000
120690038,11,1.0000000000
120690039,11,1.0000000000
120690040,11,1.0000000000
120690041,11,1.0000000000
120690042,11,1.0000000000
120690043,11,1.0000000000
120690044,11,1.0000000000
120690045,11,1.0000000000
120690046,11,1.0000000000
120690047,11,1.0000000000
120690048,11,1.0000000000
120690049,11,1.0000000000
120690050,11,1.0000000000
120690051,11,1.0000000000
120690052,11,1.0000000000
120690053,6,1.0000000000
120690054,6,1.0000000000
120690055,6,1.0000000000
120690056,6,1.0000000000
120690057,11,0.9315228712
120690057,6,0.0684771288
120690058,11,0.9892473118
120690058,6,0.0107526882
120690059,11,0.2635312456
120690059,6,0.7364687544
120690060,6,1.0000000000
120690061,11,1.0000000000
120690062,11,1.0000000000
120690063,11,1.0000000000
120690064,11,1.0000000000
120690065,11,1.0000000000
120690066,11,1.0000000000
120690067,6,1.0000000000
120690068,6,1.0000000000
120690069,11,0.1159224031
120690069,6,0.8840775969
120690070,11,1.0000000000
120690071,11,1.0000000000
120690072,11,0.9112488420
120690072,6,0.0887511580
120690073,11,0.0148983037
120690073,6,0.9851016963
120690074,6,1.0000000000
120690075,6,1.0000000000
120690076,11,1.0000000000
120690077,11,1.0000000000
120690078,6,1.0000000000
120690079,6,1.0000000000
120690080,11,1.0000000000
120690081,11,1.0000000000
120690082,11,1.0000000000
120690083,6,1.0000000000
120690084,6,1.0000000000
120690085,11,1.0000000000
120690086,11,1.0000000000
120690087,11,1.0000000000
120690088,11,1.0000000000
120690089,11,1.0000000000
120690090,6,1.0000000000
120690091,6,1.0000000000
120690092,6,1.0000000000
120690093,6,1.0000000000
120690094,11,1.0000000000
120690095,11,1.0000000000
120690096,6,1.0000000000
120690097,11,1.0000000000
120690098,11,1.0000000000
120690099,11,1.0000000000
120690100,11,1.0000000000
120690101,11,1.0000000000
120690102,11,1.0000000000
120690103,11,1.0000000000
120690104,11,1.0000000000
120690105,11,1.0000000000
120690106,11,1.0000000000
120690107,11,1.0000000000
120690108,11,1.0000000000
120690109,11,1.0000000000
120690110,6,1.0000000000
120690111,11,1.0000000000
120690112,11,1.0000000000
120690113,11,1.0000000000
120690114,11,1.0000000000
120690115,11,1.0000000000
120690116,6,1.0000000000
120690117,6,1.0000000000
120690118,11,0.3288887892
120690118,6,0.6711112108
120690119,6,1.0000000000
120690120,11,0.0225563910
120690120,6,0.9774436090
120690121,6,1.0000000000
120690122,11,1.0000000000
120690123,11,1.0000000000
120690124,6,1.0000000000
120690125,11,1.0000000000
120690126,11,1.0000000000
120690127,11,1.0000000000
120690128,11,1.0000000000
120710002,17,1.0000000000
120710003,17,1.0000000000
120710004,17,1.0000000000
120710005,17,1.0000000000
120710006,17,1.0000000000
120710007,17,1.0000000000
120710008,17,1.0000000000
120710009,17,0.8781250000
120710009,19,0.1218750000
120710010,17,0.9595959596
120710010,19,0.0404040404
120710011,19,1.0000000000
120710012,17,0.6132075472
120710012,19,0.3867924528
120710013,17,1.0000000000
120710014,17,1.0000000000
120710015,19,1.0000000000
120710017,19,1.0000000000
120710018,19,1.0000000000
120710019,19,1.0000000000
120710020,19,1.0000000000
120710021,19,1.0000000000
120710022,19,1.0000000000
120710023,19,1.0000000000
120710024,19,1.0000000000
120710025,19,1.0000000000
120710026,19,1.0000000000
120710027,19,1.0000000000
120710028,19,1.0000000000
120710029,19,1.0000000000
120710030,19,1.0000000000
120710031,19,1.0000000000
120710032,19,1.0000000000
120710033,19,1.0000000000
120710034,19,1.0000000000
120710035,19,1.0000000000
120710036,19,1.0000000000
120710037,19,1.0000000000
120710038,19,1.0000000000
120710039,19,1.0000000000
120710040,19,1.0000000000
120710041,19,1.0000000000
120710042,19,1.0000000000
120710043,19,1.0000000000
120710044,19,1.0000000000
120710045,19,1.0000000000
120710046,19,1.0000000000
120710047,17,1.0000000000
120710048,19,1.0000000000
120710049,19,1.0000000000
120710050,19,1.0000000000
120710051,19,1.0000000000
120710052,19,1.0000000000
120710053,19,1.0000000000
120710054,19,1.0000000000
120710055,19,1.0000000000
120710056,19,1.0000000000
120710057,19,1.0000000000
120710058,19,1.0000000000
120710059,19,1.0000000000
120710060,19,1.0000000000
120710061,19,1.0000000000
120710062,17,0.0760869565
120710062,19,0.9239130435
120710063,17,0.8978102190
120710063,19,0.1021897810
120710064,17,1.0000000000
120710065,17,0.9756097561
120710065,19,0.0243902439
120710066,19,1.0000000000
120710067,19,1.0000000000
120710068,19,1.0000000000
120710069,19,1.0000000000
120710070,19,1.0000000000
120710071,17,0.0588235294
120710071,19,0.9411764706
120710072,17,0.9800000000
120710072,19,0.0200000000
120710073,19,1.0000000000
120710074,19,1.0000000000
120710075,19,1.0000000000
120710076,19,1.0000000000
120710077,19,1.0000000000
120710078,17,0.7257617729
120710078,19,0.2742382271
120710079,19,1.0000000000
120710080,17,1.0000000000
120710081,17,1.0000000000
120710082,17,0.7928566328
120710082,19,0.2071433672
120710083,19,1.0000000000
120710084,19,1.0000000000
120710085,19,1.0000000000
120710086,19,1.0000000000
120710087,19,1.0000000000
120710088,19,1.0000000000
120710089,19,1.0000000000
120710090,19,1.0000000000
120710091,19,1.0000000000
120710092,17,1.0000000000
120710093,19,1.0000000000
120710094,19,1.0000000000
120710095,19,1.0000000000
120710096,19,1.0000000000
120710097,17,1.0000000000
120710098,17,1.0000000000
120710099,17,1.0000000000
120710100,17,1.0000000000
120710101,17,1.0000000000
120710102,19,1.0000000000
120710103,17,1.0000000000
120710104,19,1.0000000000
120710105,19,1.0000000000
120710106,17,1.0000000000
120710107,19,1.0000000000
120710108,19,1.0000000000
120710109,17,1.0000000000
120710110,19,1.0000000000
120710111,19,1.0000000000
120710112,17,1.0000000000
120710113,17,1.0000000000
120710114,19,1.0000000000
120710115,19,1.0000000000
120710116,19,1.0000000000
120710117,19,1.0000000000
120710118,19,1.0000000000
120710119,19,1.0000000000
120710120,19,1.0000000000
120710121,19,1.0000000000
120710122,19,1.0000000000
120710123,19,1.0000000000
120710124,19,1.0000000000
120710125,19,1.0000000000
120710126,19,1.0000000000
120710127,19,1.0000000000
120710128,17,0.3170731707
120710128,19,0.6829268293
120710129,17,1.0000000000
120710130,17,1.0000000000
120710131,17,1.0000000000
120710132,17,1.0000000000
120710133,17,1.0000000000
120710134,19,1.0000000000
120710135,19,1.0000000000
120710136,19,1.0000000000
120710137,19,1.0000000000
120710138,19,1.0000000000
120710139,19,1.0000000000
120710140,19,1.0000000000
120710141,19,1.0000000000
120710142,19,1.0000000000
120710143,19,1.0000000000
120710144,19,1.0000000000
120710145,19,1.0000000000
120710146,17,0.0344827586
120710146,19,0.9655172414
120710147,19,1.0000000000
120710148,17,0.0136986301
120710148,19,0.9863013699
120710149,19,1.0000000000
120710150,19,1.0000000000
120710151,19,1.0000000000
120710152,19,1.0000000000
120710153,19,1.0000000000
120710154,19,1.0000000000
120710155,19,1.0000000000
120710156,19,1.0000000000
120710157,19,1.0000000000
120710158,19,1.0000000000
120710159,19,1.0000000000
120710160,19,1.0000000000
120710161,19,1.0000000000
120710162,19,1.0000000000
120710163,19,1.0000000000
120710164,19,1.0000000000
120710166,19,1.0000000000
120710167,19,1.0000000000
120710168,19,1.0000000000
120710169,19,1.0000000000
120710170,19,1.0000000000
120710171,19,1.0000000000
120710172,17,0.0845070423
120710172,19,0.9154929577
120710173,19,1.0000000000
120710174,19,1.0000000000
120710175,17,1.0000000000
120710176,17,1.0000000000
120710177,17,1.0000000000
120710178,19,1.0000000000
120710179,19,1.0000000000
120710180,19,1.0000000000
120710181,19,1.0000000000
120710182,17,0.0476190476
120710182,19,0.9523809524
120710183,17,1.0000000000
120710184,17,1.0000000000
120710185,17,1.0000000000
120710186,17,1.0000000000
120710187,17,0.4248366013
120710187,19,0.5751633987
120710188,19,1.0000000000
120710189,19,1.0000000000
120710190,19,1.0000000000
120710191,19,1.0000000000
120710192,19,1.0000000000
120710193,19,1.0000000000
120710194,19,1.0000000000
120710195,19,1.0000000000
120710196,19,1.0000000000
120710197,19,1.0000000000
120710198,19,1.0000000000
120710199,19,1.0000000000
120710200,19,1.0000000000
120710201,19,1.0000000000
120710202,19,1.0000000000
120710203,19,1.0000000000
120710204,19,1.0000000000
120710205,19,1.0000000000
120710206,19,1.0000000000
120710207,19,1.0000000000
120710208,19,1.0000000000
120710209,19,1.0000000000
120710210,19,1.0000000000
120710211,19,1.0000000000
120710212,19,1.0000000000
120710213,19,1.0000000000
120710214,19,1.0000000000
120710215,19,1.0000000000
120710216,19,1.0000000000
120710217,19,1.0000000000
120710218,19,1.0000000000
120710219,19,1.0000000000
120710220,19,1.0000000000
120710221,19,1.0000000000
120710222,19,1.0000000000
120710223,19,1.0000000000
120710224,19,1.0000000000
120710225,19,1.0000000000
120710226,19,1.0000000000
120710227,19,1.0000000000
120710228,19,1.0000000000
120710229,19,1.0000000000
120710230,19,1.0000000000
120710231,19,1.0000000000
120710232,19,1.0000000000
120710233,19,1.0000000000
120710234,19,1.0000000000
120710235,17,0.5841121495
120710235,19,0.4158878505
120710236,19,1.0000000000
120710237,19,1.0000000000
120710238,19,1.0000000000
120710239,19,1.0000000000
120710240,19,1.0000000000
120710241,19,1.0000000000
120710242,19,1.0000000000
120710243,19,1.0000000000
120710245,19,1.0000000000
120710246,19,1.0000000000
120710247,19,1.0000000000
120710248,19,1.0000000000
120710249,19,1.0000000000
120710250,19,1.0000000000
120710251,19,1.0000000000
120710252,19,1.0000000000
120710253,19,1.0000000000
120710254,17,1.0000000000
120710255,17,0.7720930233
120710255,19,0.2279069767
120710256,17,1.0000000000
120710257,17,1.0000000000
120710258,17,1.0000000000
120710259,17,1.0000000000
120710260,17,1.0000000000
120710261,19,1.0000000000
120710262,19,1.0000000000
120710263,17,1.0000000000
120710264,17,1.0000000000
120710265,17,1.0000000000
120710266,19,1.0000000000
120710267,19,1.0000000000
120710268,19,1.0000000000
120710269,19,1.0000000000
120710270,19,1.0000000000
120710271,19,1.0000000000
120710272,19,1.0000000000
120710273,19,1.0000000000
120710274,19,1.0000000000
120710275,19,1.0000000000
120710276,19,1.0000000000
120710277,19,1.0000000000
120710278,19,1.0000000000
120710279,19,1.0000000000
120710280,19,1.0000000000
120710281,19,1.0000000000
120710282,19,1.0000000000
120710283,19,1.0000000000
120710284,19,1.0000000000
120710285,19,1.0000000000
120710286,19,1.0000000000
120710287,19,1.0000000000
120710288,19,1.0000000000
120710289,19,1.0000000000
120710290,19,1.0000000000
120710292,19,1.0000000000
120710293,19,1.0000000000
120710294,19,1.0000000000
120710295,19,1.0000000000
120710296,19,1.0000000000
120730001,2,1.0000000000
120730002,2,1.0000000000
120730003,2,1.0000000000
120730004,2,1.0000000000
120730005,2,1.0000000000
120730006,2,1.0000000000
120730007,2,1.0000000000
120730008,2,1.0000000000
120730009,2,1.0000000000
120730010,2,1.0000000000
120730011,2,1.0000000000
120730012,2,1.0000000000
120730013,2,1.0000000000
120730014,2,1.0000000000
120730015,2,1.0000000000
120730016,2,1.0000000000
120730017,2,1.0000000000
120730018,2,1.0000000000
120730019,2,1.0000000000
120730020,2,1.0000000000
120730021,2,1.0000000000
120730022,2,1.0000000000
120730023,2,1.0000000000
120730024,2,1.0000000000
120730025,2,1.0000000000
120730026,2,1.0000000000
120730027,2,1.0000000000
120730028,2,1.0000000000
120730029,2,1.0000000000
120730030,2,1.0000000000
120730031,2,1.0000000000
120730032,2,1.0000000000
120730033,2,1.0000000000
120730034,2,1.0000000000
120730035,2,1.0000000000
120730036,2,1.0000000000
120730037,2,1.0000000000
120730038,2,1.0000000000
120730039,2,1.0000000000
120730040,2,1.0000000000
120730041,2,1.0000000000
120730042,2,1.0000000000
120730043,2,1.0000000000
120730044,2,1.0000000000
120730045,2,1.0000000000
120730046,2,1.0000000000
120730047,2,1.0000000000
120730048,2,1.0000000000
120730049,2,1.0000000000
120730050,2,1.0000000000
120730051,2,1.0000000000
120730052,2,1.0000000000
120730053,2,1.0000000000
120730054,2,1.0000000000
120730055,2,1.0000000000
120730056,2,1.0000000000
120730057,2,1.0000000000
120730058,2,1.0000000000
120730059,2,1.0000000000
120730060,2,1.0000000000
120730061,2,1.0000000000
120730062,2,1.0000000000
120730063,2,1.0000000000
120730064,2,1.0000000000
120730065,2,1.0000000000
120730066,2,1.0000000000
120730067,2,1.0000000000
120730068,2,1.0000000000
120730069,2,1.0000000000
120730070,2,1.0000000000
120730071,2,1.0000000000
120730072,2,1.0000000000
120730073,2,1.0000000000
120730074,2,1.0000000000
120730075,2,1.0000000000
120730076,2,1.0000000000
120730077,2,1.0000000000
120730078,2,1.0000000000
120730079,2,1.0000000000
120730080,2,1.0000000000
120730081,2,1.0000000000
120730082,2,1.0000000000
120730083,2,1.0000000000
120730084,2,1.0000000000
120730085,2,1.0000000000
120730086,2,1.0000000000
120730087,2,1.0000000000
120730088,2,1.0000000000
120730089,2,1.0000000000
120730090,2,1.0000000000
120730091,2,1.0000000000
120730092,2,1.0000000000
120730093,2,1.0000000000
120730094,2,1.0000000000
120730095,2,1.0000000000
120730096,2,1.0000000000
120730097,2,1.0000000000
120730098,2,1.0000000000
120730099,2,1.0000000000
120730100,2,1.0000000000
120730101,2,1.0000000000
120730102,2,1.0000000000
120730103,2,1.0000000000
120730104,2,1.0000000000
120730105,2,1.0000000000
120730106,2,1.0000000000
120730107,2,1.0000000000
120730108,2,1.0000000000
120730109,2,1.0000000000
120730110,2,1.0000000000
120730111,2,1.0000000000
120730112,2,1.0000000000
120730113,2,1.0000000000
120730114,2,1.0000000000
120730115,2,1.0000000000
120730116,2,1.0000000000
120730117,2,1.0000000000
120730118,2,1.0000000000
120730119,2,1.0000000000
120730120,2,1.0000000000
120730121,2,1.0000000000
120730122,2,1.0000000000
120730123,2,1.0000000000
120730124,2,1.0000000000
120730125,2,1.0000000000
120730126,2,1.0000000000
120730127,2,1.0000000000
120730128,2,1.0000000000
120730129,2,1.0000000000
120730130,2,1.0000000000
120730131,2,1.0000000000
120730132,2,1.0000000000
120730133,2,1.0000000000
120730134,2,1.0000000000
120730135,2,1.0000000000
120730136,2,1.0000000000
120730137,2,1.0000000000
120730138,2,1.0000000000
120730139,2,1.0000000000
120730140,2,1.0000000000
120730141,2,1.0000000000
120730142,2,1.0000000000
120730143,2,1.0000000000
120730144,2,1.0000000000
120730145,2,1.0000000000
120730146,2,1.0000000000
120730147,2,1.0000000000
120730148,2,1.0000000000
120730149,2,1.0000000000
120730150,2,1.0000000000
120730151,2,1.0000000000
120730152,2,1.0000000000
120730153,2,1.0000000000
120730154,2,1.0000000000
120730155,2,1.0000000000
120730156,2,1.0000000000
120730157,2,1.0000000000
120730158,2,1.0000000000
120730159,2,1.0000000000
120730160,2,1.0000000000
120730161,2,1.0000000000
120730162,2,1.0000000000
120730163,2,1.0000000000
120730164,2,1.0000000000
120730165,2,1.0000000000
120730166,2,1.0000000000
120730167,2,1.0000000000
120730168,2,1.0000000000
120730169,2,1.0000000000
120730170,2,1.0000000000
120730171,2,1.0000000000
120730172,2,1.0000000000
120730173,2,1.0000000000
120730174,2,1.0000000000
120730175,2,1.0000000000
120730176,2,1.0000000000
120730177,2,1.0000000000
120730178,2,1.0000000000
120730179,2,1.0000000000
120730180,2,1.0000000000
120750001,3,1.0000000000
120750002,3,1.0000000000
120750003,3,1.0000000000
120750004,3,1.0000000000
120750005,3,1.0000000000
120750006,3,1.0000000000
120750007,3,1.0000000000
120750008,3,1.0000000000
120750009,12,0.0022026432
120750009,3,0.9977973568
120750010,3,1.0000000000
120750011,3,1.0000000000
120750012,3,1.0000000000
120750013,3,1.0000000000
120750014,3,1.0000000000
120750015,3,1.0000000000
120750016,3,1.0000000000
120750017,3,1.0000000000
120750018,3,1.0000000000
120750019,3,1.0000000000
120770001,2,1.0000000000
120770002,2,1.0000000000
120770003,2,1.0000000000
120770004,2,1.0000000000
120770005,2,1.0000000000
120770006,2,1.0000000000
120770007,2,1.0000000000
120770008,2,1.0000000000
120790001,2,1.0000000000
120790002,2,1.0000000000
120790003,2,1.0000000000
120790004,2,1.0000000000
120790005,2,1.0000000000
120790006,2,1.0000000000
120790007,2,1.0000000000
120790008,2,1.0000000000
120790009,2,1.0000000000
120790010,2,1.0000000000
120790011,2,1.0000000000
120810001,16,1.0000000000
120810002,16,1.0000000000
120810003,16,1.0000000000
120810004,16,1.0000000000
120810005,16,1.0000000000
120810006,16,1.0000000000
120810007,16,1.0000000000
120810008,16,1.0000000000
120810009,16,1.0000000000
120810010,16,1.0000000000
120810011,16,1.0000000000
120810012,16,1.0000000000
120810013,16,1.0000000000
120810014,16,1.0000000000
120810015,16,1.0000000000
120810016,16,1.0000000000
120810017,16,1.0000000000
120810018,16,1.0000000000
120810019,16,1.0000000000
120810020,16,1.0000000000
120810021,16,1.0000000000
120810022,16,1.0000000000
120810023,16,1.0000000000
120810024,16,1.0000000000
120810025,16,1.0000000000
120810026,16,1.0000000000
120810027,16,1.0000000000
120810028,16,1.0000000000
120810029,16,1.0000000000
120810030,16,1.0000000000
120810031,16,1.0000000000
120810032,16,1.0000000000
120810033,16,1.0000000000
120810034,16,1.0000000000
120810035,16,1.0000000000
120810036,16,1.0000000000
120810037,16,1.0000000000
120810038,16,1.0000000000
120810039,16,1.0000000000
120810040,16,1.0000000000
120810041,16,1.0000000000
120810042,16,1.0000000000
120810043,16,1.0000000000
120810044,16,1.0000000000
120810045,16,1.0000000000
120810046,16,1.0000000000
120810047,16,1.0000000000
120810048,16,1.0000000000
120810049,16,1.0000000000
120810050,16,1.0000000000
120810051,16,1.0000000000
120810052,16,1.0000000000
120810053,16,1.0000000000
120810054,16,1.0000000000
120810055,16,1.0000000000
120810056,16,1.0000000000
120810057,16,1.0000000000
120810058,16,1.0000000000
120810059,16,1.0000000000
120810060,16,1.0000000000
120810061,16,1.0000000000
120810062,16,1.0000000000
120810063,16,1.0000000000
120810064,16,1.0000000000
120810065,16,1.0000000000
120810066,16,1.0000000000
120810067,16,1.0000000000
120810068,16,1.0000000000
120810069,16,1.0000000000
120810070,16,1.0000000000
120810071,16,1.0000000000
120810072,16,1.0000000000
120810073,16,1.0000000000
120810074,16,1.0000000000
120810075,16,1.0000000000
120810076,16,1.0000000000
120810077,16,1.0000000000
120810078,16,1.0000000000
120810079,16,1.0000000000
120810080,16,1.0000000000
120810081,16,1.0000000000
120810082,16,1.0000000000
120810083,16,1.0000000000
120810084,16,1.0000000000
120810085,16,1.0000000000
120810086,16,1.0000000000
120810087,16,1.0000000000
120810088,16,1.0000000000
120810089,16,1.0000000000
120810090,16,1.0000000000
120810091,16,1.0000000000
120810092,16,1.0000000000
120810093,16,1.0000000000
120810094,16,1.0000000000
120810095,16,1.0000000000
120810096,16,1.0000000000
120810097,16,1.0000000000
120810098,16,1.0000000000
120810099,16,1.0000000000
120810100,16,1.0000000000
120810101,16,1.0000000000
120810102,16,1.0000000000
120810103,16,1.0000000000
120810104,16,1.0000000000
120810105,16,1.0000000000
120810106,16,1.0000000000
120810107,16,1.0000000000
120810108,16,1.0000000000
120810109,16,1.0000000000
120810110,16,1.0000000000
120810111,16,1.0000000000
120810112,16,1.0000000000
120810113,16,1.0000000000
120810114,16,1.0000000000
120810115,16,1.0000000000
120810116,16,1.0000000000
120810117,16,1.0000000000
120810118,16,1.0000000000
120810119,16,1.0000000000
120810120,16,1.0000000000
120810121,16,1.0000000000
120810122,16,1.0000000000
120810123,16,1.0000000000
120810124,16,1.0000000000
120810125,16,1.0000000000
120810126,16,1.0000000000
120810127,16,1.0000000000
120810128,16,1.0000000000
120810129,16,1.0000000000
120810130,16,1.0000000000
120810131,16,0.9871284271
120810131,17,0.0128715729
120810132,16,1.0000000000
120810133,16,1.0000000000
120810134,16,1.0000000000
120810135,16,1.0000000000
120810136,16,1.0000000000
120810137,16,1.0000000000
120810138,16,1.0000000000
120810139,16,1.0000000000
120810140,16,1.0000000000
120810141,16,1.0000000000
120810142,16,1.0000000000
120810143,16,1.0000000000
120810144,16,1.0000000000
120810145,16,1.0000000000
120810146,16,1.0000000000
120810147,16,1.0000000000
120810148,16,1.0000000000
120810149,16,1.0000000000
120810150,16,1.0000000000
120810151,16,1.0000000000
120810152,16,1.0000000000
120810153,16,1.0000000000
120810154,16,1.0000000000
120810155,16,1.0000000000
120810156,16,1.0000000000
120810157,16,1.0000000000
120810158,16,1.0000000000
120810159,16,1.0000000000
120810160,16,1.0000000000
120810161,16,1.0000000000
120810162,16,1.0000000000
120810163,16,1.0000000000
120810164,16,1.0000000000
120810165,16,1.0000000000
120810166,16,1.0000000000
120810167,16,1.0000000000
120810168,16,1.0000000000
120810169,16,1.0000000000
120810170,16,1.0000000000
120810171,16,1.0000000000
120810172,16,1.0000000000
120810173,16,1.0000000000
120810174,16,1.0000000000
120810175,16,1.0000000000
120810176,16,1.0000000000
120810177,16,1.0000000000
120810178,16,1.0000000000
120810179,16,1.0000000000
120810180,16,1.0000000000
120810181,16,1.0000000000
120810182,16,1.0000000000
120810183,16,1.0000000000
120810184,16,1.0000000000
120810185,16,1.0000000000
120810186,16,1.0000000000
120810187,16,1.0000000000
120810188,16,1.0000000000
120810189,16,1.0000000000
120810190,16,1.0000000000
120810191,16,1.0000000000
120810192,16,1.0000000000
120810193,16,1.0000000000
120810194,16,1.0000000000
120810195,16,1.0000000000
120810196,16,1.0000000000
120810197,16,1.0000000000
120810198,16,1.0000000000
120810199,16,1.0000000000
120810200,16,1.0000000000
120810201,16,1.0000000000
120810202,16,1.0000000000
120810203,16,1.0000000000
120810204,16,1.0000000000
120810205,16,1.0000000000
120810206,16,1.0000000000
120810207,16,1.0000000000
120810208,16,1.0000000000
120810209,16,1.0000000000
120810210,16,1.0000000000
120810211,16,1.0000000000
120810212,16,1.0000000000
120810213,16,1.0000000000
120810214,16,1.0000000000
120810215,16,1.0000000000
120810216,16,1.0000000000
120810217,16,1.0000000000
120810218,16,1.0000000000
120810219,16,1.0000000000
120810220,16,1.0000000000
120810221,16,1.0000000000
120810222,16,1.0000000000
120810223,16,1.0000000000
120810224,16,1.0000000000
120830001,3,1.0000000000
120830002,3,1.0000000000
120830003,3,1.0000000000
120830004,3,1.0000000000
120830005,3,1.0000000000
120830006,3,1.0000000000
120830007,3,1.0000000000
120830008,3,1.0000000000
120830009,3,1.0000000000
120830010,3,1.0000000000
120830011,3,1.0000000000
120830012,3,1.0000000000
120830013,3,1.0000000000
120830014,3,0.9269984957
120830014,6,0.0730015043
120830015,3,1.0000000000
120830016,3,1.0000000000
120830017,3,1.0000000000
120830018,3,1.0000000000
120830019,3,1.0000000000
120830020,3,1.0000000000
120830021,3,1.0000000000
120830022,3,1.0000000000
120830023,3,1.0000000000
120830024,6,1.0000000000
120830025,3,1.0000000000
120830026,3,1.0000000000
120830027,3,1.0000000000
120830028,6,1.0000000000
120830029,6,1.0000000000
120830030,3,0.1368411136
120830030,6,0.8631588864
120830031,6,1.0000000000
120830032,6,1.0000000000
120830033,3,0.0165289256
120830033,6,0.9834710744
120830034,6,1.0000000000
120830035,6,1.0000000000
120830036,3,0.0312500000
120830036,6,0.9687500000
120830037,6,1.0000000000
120830038,6,1.0000000000
120830039,6,1.0000000000
120830040,3,0.0277777778
120830040,6,0.9722222222
120830041,3,1.0000000000
120830042,3,1.0000000000
120830043,3,0.4642857143
120830043,6,0.5357142857
120830044,3,1.0000000000
120830045,3,1.0000000000
120830046,3,1.0000000000
120830047,3,1.0000000000
120830048,3,1.0000000000
120830049,3,1.0000000000
120830050,3,1.0000000000
120830051,3,1.0000000000
120830052,3,1.0000000000
120830053,6,1.0000000000
120830054,6,1.0000000000
120830055,6,1.0000000000
120830056,6,1.0000000000
120830057,6,1.0000000000
120830058,6,1.0000000000
120830059,6,1.0000000000
120830060,6,1.0000000000
120830061,6,1.0000000000
120830062,6,1.0000000000
120830063,6,1.0000000000
120830064,6,1.0000000000
120830065,6,1.0000000000
120830066,6,1.0000000000
120830067,6,1.0000000000
120830068,6,1.0000000000
120830069,6,1.0000000000
120830070,6,1.0000000000
120830071,6,1.0000000000
120830072,6,1.0000000000
120830073,6,1.0000000000
120830074,6,1.0000000000
120830075,6,1.0000000000
120830076,6,1.0000000000
120830077,6,1.0000000000
120830078,6,1.0000000000
120830079,6,1.0000000000
120830080,6,1.0000000000
120830081,6,1.0000000000
120830082,6,1.0000000000
120830083,6,1.0000000000
120830084,6,1.0000000000
120830085,6,1.0000000000
120830086,3,0.5135135135
120830086,6,0.4864864865
120830087,3,0.2894736842
120830087,6,0.7105263158
120830088,6,1.0000000000
120830089,3,0.0545454545
120830089,6,0.9454545455
120830090,6,1.0000000000
120830091,6,1.0000000000
120830092,3,0.6081081081
120830092,6,0.3918918919
120830093,6,1.0000000000
120830094,3,1.0000000000
120830095,12,0.0073529412
120830095,3,0.9926470588
120830096,3,1.0000000000
120830097,3,1.0000000000
120830098,3,0.0183486239
120830098,6,0.9816513761
120830099,3,1.0000000000
120830100,3,1.0000000000
120830101,3,1.0000000000
120830102,3,1.0000000000
120830103,3,1.0000000000
120830104,3,1.0000000000
120830105,3,1.0000000000
120830106,3,1.0000000000
120830107,3,1.0000000000
120830108,3,1.0000000000
120830109,3,1.0000000000
120830110,3,1.0000000000
120830111,3,1.0000000000
120830112,3,1.0000000000
120830113,3,1.0000000000
120830114,6,1.0000000000
120830115,3,1.0000000000
120830116,3,1.0000000000
120830117,3,1.0000000000
120830118,3,1.0000000000
120830119,3,1.0000000000
120830120,3,1.0000000000
120830121,3,1.0000000000
120830122,3,0.2727272727
120830122,6,0.7272727273
120830123,3,1.0000000000
120830124,3,1.0000000000
120830125,3,1.0000000000
120850001,21,1.0000000000
120850002,21,1.0000000000
120850003,21,1.0000000000
120850004,21,1.0000000000
120850005,21,1.0000000000
120850006,21,1.0000000000
120850007,21,1.0000000000
120850008,21,1.0000000000
120850009,21,1.0000000000
120850010,21,1.0000000000
120850011,21,1.0000000000
120850012,21,1.0000000000
120850013,21,1.0000000000
120850014,21,1.0000000000
120850015,21,1.0000000000
120850016,21,1.0000000000
120850017,21,1.0000000000
120850018,21,1.0000000000
120850019,21,1.0000000000
120850020,21,1.0000000000
120850021,21,1.0000000000
120850022,21,1.0000000000
120850023,21,1.0000000000
120850024,21,1.0000000000
120850025,21,1.0000000000
120850026,21,1.0000000000
120850027,21,1.0000000000
120850028,21,1.0000000000
120850029,21,1.0000000000
120850030,21,1.0000000000
120850031,21,1.0000000000
120850032,21,1.0000000000
120850033,21,1.0000000000
120850034,21,1.0000000000
120850035,21,1.0000000000
120850036,21,1.0000000000
120850037,21,1.0000000000
120850038,21,1.0000000000
120850039,21,1.0000000000
120850040,21,1.0000000000
120850041,21,1.0000000000
120850042,21,1.0000000000
120850043,21,1.0000000000
120850044,21,1.0000000000
120850045,21,1.0000000000
120850046,21,1.0000000000
120850047,21,1.0000000000
120850048,21,1.0000000000
120850049,21,1.0000000000
120850050,21,1.0000000000
120850051,21,1.0000000000
120850052,21,1.0000000000
120850053,21,1.0000000000
120850054,21,1.0000000000
120850055,21,1.0000000000
120850056,21,1.0000000000
120850057,21,1.0000000000
120850058,21,1.0000000000
120850059,21,1.0000000000
120850060,21,1.0000000000
120850061,21,1.0000000000
120850062,21,1.0000000000
120850063,21,1.0000000000
120850064,21,1.0000000000
120850065,21,1.0000000000
120850066,21,1.0000000000
120850067,21,1.0000000000
120850068,21,1.0000000000
120850069,21,1.0000000000
120850070,21,1.0000000000
120850071,21,1.0000000000
120850072,21,1.0000000000
120860001,24,1.0000000000
120860002,24,1.0000000000
120860003,24,1.0000000000
120860004,24,1.0000000000
120860005,24,1.0000000000
120860006,24,1.0000000000
120860007,24,1.0000000000
120860008,24,1.0000000000
120860010,24,1.0000000000
120860011,24,1.0000000000
120860012,24,1.0000000000
120860013,24,1.0000000000
120860014,24,1.0000000000
120860015,24,1.0000000000
120860016,24,1.0000000000
120860017,24,1.0000000000
120860018,24,1.0000000000
120860019,24,1.0000000000
120860020,24,1.0000000000
120860021,24,1.0000000000
120860022,24,1.0000000000
120860023,24,1.0000000000
120860024,24,1.0000000000
120860025,24,1.0000000000
120860026,24,1.0000000000
120860027,24,1.0000000000
120860028,24,1.0000000000
120860029,24,1.0000000000
120860030,24,1.0000000000
120860031,24,1.0000000000
120860032,24,1.0000000000
120860033,24,1.0000000000
120860034,24,1.0000000000
120860035,24,1.0000000000
120860036,24,1.0000000000
120860037,24,1.0000000000
120860038,24,1.0000000000
120860039,24,1.0000000000
120860040,24,1.0000000000
120860041,24,1.0000000000
120860042,24,1.0000000000
120860043,24,1.0000000000
120860044,24,1.0000000000
120860045,24,1.0000000000
120860046,24,1.0000000000
120860047,24,1.0000000000
120860048,24,1.0000000000
120860049,24,1.0000000000
120860050,24,1.0000000000
120860051,24,1.0000000000
120860052,24,1.0000000000
120860053,24,0.9444444444
120860053,27,0.0555555556
120860054,24,1.0000000000
120860055,27,1.0000000000
120860056,27,1.0000000000
120860057,27,1.0000000000
120860058,27,1.0000000000
120860059,27,1.0000000000
120860060,24,1.0000000000
120860061,24,1.0000000000
120860062,24,1.0000000000
120860063,24,1.0000000000
120860064,24,1.0000000000
120860065,24,1.0000000000
120860066,24,1.0000000000
120860067,24,1.0000000000
120860068,24,1.0000000000
120860069,24,1.0000000000
120860070,24,1.0000000000
120860071,24,1.0000000000
120860072,24,1.0000000000
120860073,24,1.0000000000
120860074,24,1.0000000000
120860075,24,1.0000000000
120860076,24,1.0000000000
120860077,24,1.0000000000
120860078,24,1.0000000000
120860079,24,1.0000000000
120860080,24,1.0000000000
120860081,24,1.0000000000
120860082,24,1.0000000000
120860083,24,1.0000000000
120860084,24,1.0000000000
120860085,24,1.0000000000
120860086,24,1.0000000000
120860087,24,1.0000000000
120860088,24,1.0000000000
120860089,24,1.0000000000
120860090,24,1.0000000000
120860091,24,1.0000000000
120860092,24,1.0000000000
120860093,24,1.0000000000
120860094,24,1.0000000000
120860095,24,1.0000000000
120860096,24,1.0000000000
120860097,24,1.0000000000
120860098,24,1.0000000000
120860099,24,1.0000000000
120860100,24,1.0000000000
120860101,24,1.0000000000
120860102,24,1.0000000000
120860103,24,1.0000000000
120860104,24,1.0000000000
120860105,24,1.0000000000
120860106,24,1.0000000000
120860107,24,1.0000000000
120860108,24,1.0000000000
120860109,24,1.0000000000
120860110,24,1.0000000000
120860111,24,1.0000000000
120860112,24,1.0000000000
120860113,24,1.0000000000
120860114,24,1.0000000000
120860115,24,1.0000000000
120860116,24,1.0000000000
120860117,24,1.0000000000
120860118,24,1.0000000000
120860119,24,1.0000000000
120860120,24,1.0000000000
120860121,24,1.0000000000
120860122,24,1.0000000000
120860123,24,1.0000000000
120860124,24,1.0000000000
120860125,24,1.0000000000
120860126,24,1.0000000000
120860127,24,1.0000000000
120860128,24,1.0000000000
120860129,24,1.0000000000
120860130,24,1.0000000000
120860131,24,1.0000000000
120860132,24,1.0000000000
120860133,24,1.0000000000
120860134,24,1.0000000000
120860135,24,1.0000000000
120860136,24,1.0000000000
120860137,24,1.0000000000
120860138,24,1.0000000000
120860139,24,1.0000000000
120860140,24,1.0000000000
120860141,24,1.0000000000
120860142,24,1.0000000000
120860143,24,1.0000000000
120860144,24,1.0000000000
120860145,24,1.0000000000
120860146,24,1.0000000000
120860147,24,1.0000000000
120860148,24,1.0000000000
120860149,24,1.0000000000
120860150,24,1.0000000000
120860151,24,1.0000000000
120860152,24,1.0000000000
120860153,24,1.0000000000
120860154,24,1.0000000000
120860155,24,1.0000000000
120860156,24,1.0000000000
120860157,24,1.0000000000
120860158,24,1.0000000000
120860159,24,1.0000000000
120860160,24,1.0000000000
120860161,24,1.0000000000
120860162,24,1.0000000000
120860163,24,1.0000000000
120860164,24,1.0000000000
120860165,24,1.0000000000
120860166,24,1.0000000000
120860167,24,1.0000000000
120860168,24,1.0000000000
120860169,24,1.0000000000
120860170,24,1.0000000000
120860171,24,1.0000000000
120860172,24,1.0000000000
120860173,24,1.0000000000
120860174,24,1.0000000000
120860175,24,1.0000000000
120860176,26,1.0000000000
120860177,26,1.0000000000
120860178,26,1.0000000000
120860179,24,1.0000000000
120860180,24,1.0000000000
120860181,24,1.0000000000
120860182,24,1.0000000000
120860183,24,1.0000000000
120860184,24,1.0000000000
120860185,24,1.0000000000
120860186,24,1.0000000000
120860187,24,1.0000000000
120860188,24,1.0000000000
120860189,24,1.0000000000
120860190,24,1.0000000000
120860191,24,1.0000000000
120860192,24,1.0000000000
120860193,24,1.0000000000
120860194,24,1.0000000000
120860195,24,1.0000000000
120860196,24,1.0000000000
120860197,24,1.0000000000
120860198,24,1.0000000000
120860199,24,1.0000000000
120860200,24,1.0000000000
120860201,24,1.0000000000
120860202,24,1.0000000000
120860203,24,1.0000000000
120860204,24,1.0000000000
120860205,24,1.0000000000
120860206,24,1.0000000000
120860207,24,1.0000000000
120860208,24,1.0000000000
120860209,24,1.0000000000
120860210,24,1.0000000000
120860211,24,1.0000000000
120860212,24,1.0000000000
120860213,24,1.0000000000
120860214,24,1.0000000000
120860215,24,1.0000000000
120860216,24,1.0000000000
120860217,24,1.0000000000
120860218,24,1.0000000000
120860219,24,1.0000000000
120860220,24,1.0000000000
120860221,24,1.0000000000
120860222,24,1.0000000000
120860223,24,1.0000000000
120860224,24,1.0000000000
120860225,24,1.0000000000
120860226,24,1.0000000000
120860227,24,1.0000000000
120860228,24,1.0000000000
120860229,24,1.0000000000
120860230,24,1.0000000000
120860231,26,1.0000000000
120860232,26,1.0000000000
120860233,24,1.0000000000
120860234,24,1.0000000000
120860235,24,1.0000000000
120860236,24,1.0000000000
120860237,24,1.0000000000
120860238,24,1.0000000000
120860239,24,1.0000000000
120860240,24,1.0000000000
120860241,24,1.0000000000
120860242,24,1.0000000000
120860243,24,1.0000000000
120860244,24,1.0000000000
120860245,24,1.0000000000
120860246,24,1.0000000000
120860247,24,1.0000000000
120860248,24,1.0000000000
120860249,24,1.0000000000
120860250,24,1.0000000000
120860251,24,1.0000000000
120860252,24,1.0000000000
120860253,24,1.0000000000
120860254,24,1.0000000000
120860255,24,1.0000000000
120860256,24,1.0000000000
120860257,24,1.0000000000
120860258,24,1.0000000000
120860259,24,1.0000000000
120860260,24,1.0000000000
120860261,24,1.0000000000
120860262,24,1.0000000000
120860263,24,1.0000000000
120860264,24,1.0000000000
120860265,24,1.0000000000
120860266,24,1.0000000000
120860267,24,1.0000000000
120860268,24,1.0000000000
120860269,24,1.0000000000
120860270,24,1.0000000000
120860271,24,1.0000000000
120860272,24,1.0000000000
120860273,24,1.0000000000
120860274,24,1.0000000000
120860275,24,1.0000000000
120860276,24,1.0000000000
120860277,24,1.0000000000
120860278,24,1.0000000000
120860279,24,1.0000000000
120860280,24,1.0000000000
120860281,24,1.0000000000
120860282,24,1.0000000000
120860283,24,1.0000000000
120860284,24,1.0000000000
120860285,24,1.0000000000
120860286,24,1.0000000000
120860287,26,1.0000000000
120860288,26,1.0000000000
120860289,26,1.0000000000
120860290,26,1.0000000000
120860291,24,1.0000000000
120860292,24,1.0000000000
120860293,24,1.0000000000
120860294,24,1.0000000000
120860295,24,1.0000000000
120860296,24,1.0000000000
120860297,24,1.0000000000
120860298,24,1.0000000000
120860299,24,1.0000000000
120860300,24,1.0000000000
120860301,24,1.0000000000
120860302,24,1.0000000000
120860303,24,1.0000000000
120860304,24,1.0000000000
120860305,24,1.0000000000
120860306,24,1.0000000000
120860307,24,1.0000000000
120860308,24,1.0000000000
120860309,24,1.0000000000
120860310,24,1.0000000000
120860311,26,1.0000000000
120860312,26,1.0000000000
120860313,24,0.3206106870
120860313,26,0.6793893130
120860314,24,0.5853658537
120860314,26,0.4146341463
120860315,24,1.0000000000
120860316,24,1.0000000000
120860317,24,1.0000000000
120860318,24,1.0000000000
120860319,24,1.0000000000
120860320,24,1.0000000000
120860321,24,1.0000000000
120860322,24,1.0000000000
120860323,24,1.0000000000
120860324,24,1.0000000000
120860325,24,1.0000000000
120860326,24,1.0000000000
120860327,24,1.0000000000
120860328,24,1.0000000000
120860329,24,1.0000000000
120860330,24,0.9565217391
120860330,26,0.0434782609
120860331,24,1.0000000000
120860332,24,1.0000000000
120860333,24,1.0000000000
120860334,24,1.0000000000
120860335,24,1.0000000000
120860336,24,1.0000000000
120860337,24,1.0000000000
120860338,24,0.7962962963
120860338,26,0.2037037037
120860339,24,1.0000000000
120860340,24,1.0000000000
120860341,24,1.0000000000
120860342,24,1.0000000000
120860343,24,1.0000000000
120860344,26,1.0000000000
120860345,24,1.0000000000
120860346,24,1.0000000000
120860347,24,1.0000000000
120860348,24,1.0000000000
120860349,24,1.0000000000
120860350,24,1.0000000000
120860351,26,1.0000000000
120860352,24,1.0000000000
120860353,24,1.0000000000
120860354,26,1.0000000000
120860355,24,1.0000000000
120860356,24,0.1134020619
120860356,26,0.8865979381
120860357,26,1.0000000000
120860358,26,1.0000000000
120860360,24,1.0000000000
120860361,26,1.0000000000
120860362,26,1.0000000000
120860363,26,1.0000000000
120860364,24,0.2500000000
120860364,26,0.7500000000
120860365,26,1.0000000000
120860366,26,1.0000000000
120860367,26,1.0000000000
120860368,26,1.0000000000
120860369,26,1.0000000000
120860370,26,1.0000000000
120860371,26,1.0000000000
120860372,26,1.0000000000
120860373,26,1.0000000000
120860374,26,1.0000000000
120860375,24,1.0000000000
120860376,24,0.9411764706
120860376,26,0.0588235294
120860377,24,1.0000000000
120860378,24,1.0000000000
120860379,24,1.0000000000
120860380,24,1.0000000000
120860381,24,1.0000000000
120860382,24,1.0000000000
120860383,26,1.0000000000
120860384,26,1.0000000000
120860385,26,1.0000000000
120860386,26,1.0000000000
120860387,26,1.0000000000
120860388,26,1.0000000000
120860389,26,1.0000000000
120860390,26,1.0000000000
120860391,26,1.0000000000
120860392,26,1.0000000000
120860393,26,1.0000000000
120860394,26,1.0000000000
120860395,26,1.0000000000
120860396,26,1.0000000000
120860397,26,1.0000000000
120860398,26,1.0000000000
120860399,26,1.0000000000
120860400,26,1.0000000000
120860401,26,1.0000000000
120860402,26,1.0000000000
120860403,26,1.0000000000
120860404,26,1.0000000000
120860405,26,1.0000000000
120860406,26,1.0000000000
120860407,26,1.0000000000
120860408,26,1.0000000000
120860409,26,1.0000000000
120860410,26,1.0000000000
120860411,26,1.0000000000
120860412,26,1.0000000000
120860413,26,1.0000000000
120860414,26,1.0000000000
120860415,26,1.0000000000
120860416,26,1.0000000000
120860417,26,1.0000000000
120860418,26,1.0000000000
120860419,26,1.0000000000
120860420,24,1.0000000000
120860421,24,1.0000000000
120860422,26,1.0000000000
120860423,26,1.0000000000
120860424,26,1.0000000000
120860425,26,1.0000000000
120860426,26,1.0000000000
120860427,26,1.0000000000
120860428,26,1.0000000000
120860429,26,1.0000000000
120860430,26,1.0000000000
120860431,26,1.0000000000
120860432,26,1.0000000000
120860433,26,1.0000000000
120860434,26,1.0000000000
120860435,26,1.0000000000
120860436,26,1.0000000000
120860437,26,1.0000000000
120860438,26,1.0000000000
120860439,26,1.0000000000
120860440,26,1.0000000000
120860441,26,1.0000000000
120860442,26,1.0000000000
120860443,26,1.0000000000
120860444,26,1.0000000000
120860445,26,1.0000000000
120860446,26,1.0000000000
120860447,26,1.0000000000
120860448,26,1.0000000000
120860449,26,1.0000000000
120860450,26,1.0000000000
120860451,26,1.0000000000
120860452,26,1.0000000000
120860453,26,1.0000000000
120860454,26,1.0000000000
120860455,26,1.0000000000
120860456,26,1.0000000000
120860457,26,1.0000000000
120860458,26,1.0000000000
120860459,26,1.0000000000
120860460,26,1.0000000000
120860461,26,1.0000000000
120860462,26,1.0000000000
120860463,26,1.0000000000
120860464,26,1.0000000000
120860465,26,1.0000000000
120860466,26,1.0000000000
120860467,26,1.0000000000
120860468,24,1.0000000000
120860469,24,0.2500000000
120860469,26,0.7500000000
120860470,26,1.0000000000
120860471,26,1.0000000000
120860472,26,1.0000000000
120860473,26,1.0000000000
120860474,26,1.0000000000
120860475,26,1.0000000000
120860476,26,1.0000000000
120860477,26,1.0000000000
120860478,26,1.0000000000
120860479,26,1.0000000000
120860480,26,1.0000000000
120860481,26,1.0000000000
120860482,26,0.8091966811
120860482,27,0.1908033189
120860483,26,1.0000000000
120860484,26,1.0000000000
120860485,26,1.0000000000
120860486,26,1.0000000000
120860487,26,1.0000000000
120860488,26,1.0000000000
120860489,26,1.0000000000
120860490,26,1.0000000000
120860491,26,1.0000000000
120860492,26,1.0000000000
120860493,26,1.0000000000
120860494,26,1.0000000000
120860495,26,1.0000000000
120860496,26,1.0000000000
120860497,26,1.0000000000
120860498,26,1.0000000000
120860499,26,1.0000000000
120860500,26,1.0000000000
120860501,26,1.0000000000
120860502,26,1.0000000000
120860503,26,1.0000000000
120860504,26,1.0000000000
120860505,26,1.0000000000
120860506,26,1.0000000000
120860507,26,1.0000000000
120860508,26,1.0000000000
120860509,26,1.0000000000
120860510,26,0.0140845070
120860510,28,0.9859154930
120860511,26,1.0000000000
120860512,26,1.0000000000
120860513,26,1.0000000000
120860514,26,1.0000000000
120860515,26,1.0000000000
120860516,26,1.0000000000
120860517,26,1.0000000000
120860518,26,1.0000000000
120860519,26,1.0000000000
120860520,26,1.0000000000
120860521,26,1.0000000000
120860522,26,1.0000000000
120860523,26,1.0000000000
120860524,26,1.0000000000
120860525,26,1.0000000000
120860526,26,1.0000000000
120860527,26,1.0000000000
120860528,26,1.0000000000
120860529,26,1.0000000000
120860530,26,1.0000000000
120860531,26,1.0000000000
120860532,26,1.0000000000
120860533,26,1.0000000000
120860534,26,1.0000000000
120860535,26,1.0000000000
120860536,26,1.0000000000
120860537,26,1.0000000000
120860538,26,1.0000000000
120860539,26,1.0000000000
120860540,26,1.0000000000
120860541,26,1.0000000000
120860542,26,1.0000000000
120860543,26,1.0000000000
120860544,26,1.0000000000
120860545,26,1.0000000000
120860546,26,1.0000000000
120860547,26,1.0000000000
120860548,26,1.0000000000
120860549,26,1.0000000000
120860550,26,1.0000000000
120860551,28,1.0000000000
120860552,28,1.0000000000
120860553,26,0.0625000000
120860553,28,0.9375000000
120860554,28,1.0000000000
120860555,26,1.0000000000
120860556,26,1.0000000000
120860557,26,1.0000000000
120860558,26,1.0000000000
120860559,26,1.0000000000
120860560,26,1.0000000000
120860561,26,1.0000000000
120860562,26,1.0000000000
120860563,26,1.0000000000
120860564,26,1.0000000000
120860565,26,1.0000000000
120860566,26,1.0000000000
120860567,26,1.0000000000
120860568,26,1.0000000000
120860569,26,1.0000000000
120860570,26,1.0000000000
120860571,26,1.0000000000
120860572,26,1.0000000000
120860573,26,1.0000000000
120860574,26,1.0000000000
120860575,26,1.0000000000
120860576,26,1.0000000000
120860577,26,1.0000000000
120860578,26,1.0000000000
120860579,26,1.0000000000
120860580,26,1.0000000000
120860581,26,1.0000000000
120860582,26,1.0000000000
120860583,26,1.0000000000
120860584,26,1.0000000000
120860585,26,1.0000000000
120860586,26,1.0000000000
120860587,26,1.0000000000
120860588,26,1.0000000000
120860589,26,1.0000000000
120860590,26,1.0000000000
120860591,26,1.0000000000
120860592,26,1.0000000000
120860593,26,1.0000000000
120860594,26,1.0000000000
120860595,26,1.0000000000
120860596,26,1.0000000000
120860597,26,1.0000000000
120860598,26,1.0000000000
120860599,26,1.0000000000
120860600,26,1.0000000000
120860601,26,0.9839565048
120860601,28,0.0160434952
120860602,26,1.0000000000
120860603,26,1.0000000000
120860604,26,1.0000000000
120860605,28,1.0000000000
120860606,28,1.0000000000
120860607,27,1.0000000000
120860608,27,1.0000000000
120860609,27,1.0000000000
120860610,27,1.0000000000
120860611,27,1.0000000000
120860612,27,1.0000000000
120860613,27,1.0000000000
120860614,27,1.0000000000
120860615,27,1.0000000000
120860616,27,1.0000000000
120860617,27,1.0000000000
120860618,27,1.0000000000
120860619,27,1.0000000000
120860620,27,1.0000000000
120860621,27,1.0000000000
120860622,27,1.0000000000
120860623,27,0.0833333333
120860623,28,0.9166666667
120860624,26,0.3207460733
120860624,27,0.6792539267
120860625,27,1.0000000000
120860626,27,1.0000000000
120860627,28,1.0000000000
120860628,28,1.0000000000
120860629,28,1.0000000000
120860630,28,1.0000000000
120860631,28,1.0000000000
120860632,26,0.0094571821
120860632,28,0.9905428179
120860633,28,1.0000000000
120860634,28,1.0000000000
120860635,28,1.0000000000
120860636,28,1.0000000000
120860637,26,0.2857142857
120860637,28,0.7142857143
120860638,28,1.0000000000
120860639,28,1.0000000000
120860640,28,1.0000000000
120860641,28,1.0000000000
120860642,28,1.0000000000
120860643,28,1.0000000000
120860644,28,1.0000000000
120860645,28,1.0000000000
120860646,28,1.0000000000
120860647,28,1.0000000000
120860648,28,1.0000000000
120860649,28,1.0000000000
120860650,28,1.0000000000
120860651,28,1.0000000000
120860652,28,1.0000000000
120860653,28,1.0000000000
120860654,28,1.0000000000
120860655,27,1.0000000000
120860656,27,1.0000000000
120860657,27,1.0000000000
120860658,27,1.0000000000
120860659,27,1.0000000000
120860660,27,1.0000000000
120860661,27,1.0000000000
120860662,27,1.0000000000
120860663,27,1.0000000000
120860664,27,1.0000000000
120860665,27,1.0000000000
120860666,27,1.0000000000
120860667,27,1.0000000000
120860668,27,1.0000000000
120860669,27,1.0000000000
120860670,27,1.0000000000
120860671,27,1.0000000000
120860672,27,1.0000000000
120860673,27,1.0000000000
120860674,27,1.0000000000
120860675,27,1.0000000000
120860676,27,1.0000000000
120860677,27,1.0000000000
120860678,27,1.0000000000
120860679,27,1.0000000000
120860680,27,1.0000000000
120860681,27,1.0000000000
120860682,27,1.0000000000
120860683,27,1.0000000000
120860684,27,1.0000000000
120860685,27,1.0000000000
120860686,27,0.1836734694
120860686,28,0.8163265306
120860687,28,1.0000000000
120860688,27,0.0370370370
120860688,28,0.9629629630
120860689,28,1.0000000000
120860690,28,1.0000000000
120860691,27,1.0000000000
120860692,27,1.0000000000
120860693,27,1.0000000000
120860694,26,0.1163629974
120860694,27,0.8836370026
120860695,28,1.0000000000
120860696,28,1.0000000000
120860697,28,1.0000000000
120860698,28,1.0000000000
120860699,28,1.0000000000
120860700,28,1.0000000000
120860701,26,1.0000000000
120860702,26,0.2233522831
120860702,28,0.7766477169
120860703,26,1.0000000000
120860704,26,1.0000000000
120860705,26,0.1765740430
120860705,27,0.1918632197
120860705,28,0.6315627373
120860706,28,1.0000000000
120860707,28,1.0000000000
120860708,28,1.0000000000
120860709,28,1.0000000000
120860710,28,1.0000000000
120860711,28,1.0000000000
120860712,28,1.0000000000
120860713,26,1.0000000000
120860714,26,1.0000000000
120860715,28,1.0000000000
120860716,28,1.0000000000
120860717,26,1.0000000000
120860718,26,1.0000000000
120860719,26,1.0000000000
120860720,26,1.0000000000
120860721,26,1.0000000000
120860722,26,1.0000000000
120860723,26,0.9428571429
120860723,28,0.0571428571
120860724,26,0.9120879121
120860724,28,0.0879120879
120860725,26,1.0000000000
120860726,26,1.0000000000
120860727,26,1.0000000000
120860728,26,0.2500000000
120860728,28,0.7500000000
120860729,26,1.0000000000
120860730,28,1.0000000000
120860731,28,1.0000000000
120860732,28,1.0000000000
120860733,28,1.0000000000
120860734,28,1.0000000000
120860735,28,1.0000000000
120860736,28,1.0000000000
120860737,28,1.0000000000
120860738,28,1.0000000000
120860739,28,1.0000000000
120860740,28,1.0000000000
120860741,26,1.0000000000
120860742,26,1.0000000000
120860743,26,1.0000000000
120860744,26,1.0000000000
120860745,26,1.0000000000
120860746,26,1.0000000000
120860747,26,1.0000000000
120860748,26,1.0000000000
120860749,26,1.0000000000
120860750,26,1.0000000000
120860751,26,1.0000000000
120860752,26,1.0000000000
120860753,26,1.0000000000
120860754,26,1.0000000000
120860755,26,1.0000000000
120860756,26,1.0000000000
120860757,26,1.0000000000
120860758,26,1.0000000000
120860759,26,1.0000000000
120860760,26,1.0000000000
120860761,26,1.0000000000
120860762,26,1.0000000000
120860763,26,1.0000000000
120860764,24,1.0000000000
120860765,24,1.0000000000
120860766,24,1.0000000000
120860767,27,1.0000000000
120860768,27,1.0000000000
120860769,24,1.0000000000
120860770,24,1.0000000000
120860771,24,1.0000000000
120860772,24,1.0000000000
120860773,24,1.0000000000
120860774,24,1.0000000000
120860775,24,1.0000000000
120860776,24,1.0000000000
120860777,24,1.0000000000
120860778,24,1.0000000000
120860779,24,1.0000000000
120860780,26,0.2321428571
120860780,27,0.7678571429
120860781,27,1.0000000000
120860782,27,1.0000000000
120860783,27,1.0000000000
120860784,24,1.0000000000
120860785,24,1.0000000000
120860786,24,1.0000000000
120860787,24,1.0000000000
120860788,24,1.0000000000
120860789,24,1.0000000000
120860790,24,0.9655172414
120860790,26,0.0344827586
120860791,24,1.0000000000
120860792,24,1.0000000000
120860793,24,1.0000000000
120860794,24,1.0000000000
120860795,24,1.0000000000
120860796,24,1.0000000000
120860797,24,1.0000000000
120860798,24,1.0000000000
120860799,26,1.0000000000
120860800,27,1.0000000000
120860801,26,1.0000000000
120860802,26,1.0000000000
120860803,26,1.0000000000
120860804,26,1.0000000000
120860805,26,1.0000000000
120860806,27,1.0000000000
120860807,27,1.0000000000
120860808,27,1.0000000000
120860809,27,1.0000000000
120860810,27,1.0000000000
120860811,27,1.0000000000
120860812,27,1.0000000000
120860813,27,1.0000000000
120860814,27,1.0000000000
120860815,27,1.0000000000
120860816,24,0.7953984362
120860816,26,0.1666666667
120860816,27,0.0379348972
120860817,24,1.0000000000
120860818,27,1.0000000000
120860819,24,0.9166666667
120860819,26,0.0833333333
120860820,24,0.8900895463
120860820,27,0.1099104537
120860821,24,0.0034123589
120860821,26,0.9965876411
120860822,26,1.0000000000
120860823,26,1.0000000000
120860824,24,0.6993609938
120860824,26,0.2820512821
120860824,27,0.0185877242
120860825,27,1.0000000000
120860826,26,1.0000000000
120860827,24,0.4651162791
120860827,26,0.5348837209
120860828,27,1.0000000000
120860829,27,1.0000000000
120860830,27,1.0000000000
120860831,27,1.0000000000
120860832,27,1.0000000000
120860833,27,1.0000000000
120860834,24,1.0000000000
120860835,24,1.0000000000
120860836,26,1.0000000000
120860837,27,1.0000000000
120860838,26,1.0000000000
120860839,27,1.0000000000
120860840,27,1.0000000000
120860841,27,1.0000000000
120860842,27,1.0000000000
120860843,27,1.0000000000
120860844,27,1.0000000000
120860845,26,0.6129032258
120860845,27,0.3870967742
120860846,26,1.0000000000
120860847,27,1.0000000000
120860848,27,1.0000000000
120860849,27,1.0000000000
120860850,27,1.0000000000
120860851,27,1.0000000000
120860852,26,0.0000032601
120860852,27,0.9999967399
120860853,27,1.0000000000
120860854,27,1.0000000000
120860855,27,1.0000000000
120860856,27,1.0000000000
120860857,27,1.0000000000
120860858,27,1.0000000000
120860859,27,1.0000000000
120860860,27,1.0000000000
120860861,27,1.0000000000
120860862,27,1.0000000000
120860863,27,1.0000000000
120860864,27,1.0000000000
120860865,27,1.0000000000
120860866,27,1.0000000000
120860868,27,1.0000000000
120860869,27,1.0000000000
120860870,27,1.0000000000
120860871,27,1.0000000000
120860872,27,1.0000000000
120860873,27,1.0000000000
120860874,27,1.0000000000
120860875,27,1.0000000000
120860876,27,1.0000000000
120860877,27,1.0000000000
120860878,27,1.0000000000
120860879,27,1.0000000000
120860880,27,1.0000000000
120860881,27,1.0000000000
120860882,27,1.0000000000
120860883,24,1.0000000000
120860884,27,1.0000000000
120860885,27,1.0000000000
120860886,27,1.0000000000
120860887,27,1.0000000000
120860888,27,1.0000000000
120860889,27,1.0000000000
120860890,27,1.0000000000
120860891,27,1.0000000000
120860892,27,1.0000000000
120860893,27,1.0000000000
120860894,27,1.0000000000
120860895,27,1.0000000000
120860896,27,1.0000000000
120860897,27,1.0000000000
120860898,27,1.0000000000
120860899,27,1.0000000000
120860900,27,1.0000000000
120860901,27,1.0000000000
120860902,27,1.0000000000
120860903,27,1.0000000000
120860904,27,1.0000000000
120860905,27,1.0000000000
120860906,27,1.0000000000
120860907,27,1.0000000000
120860908,27,1.0000000000
120860909,26,1.0000000000
120860910,26,1.0000000000
120860911,27,1.0000000000
120860912,24,1.0000000000
120860913,24,1.0000000000
120860914,24,1.0000000000
120860915,26,1.0000000000
120860916,24,1.0000000000
120860917,27,1.0000000000
120860918,27,1.0000000000
120860919,24,0.4500000000
120860919,26,0.5500000000
120860920,26,1.0000000000
120860921,26,1.0000000000
120860922,26,1.0000000000
120860923,27,1.0000000000
120860924,27,1.0000000000
120860925,27,1.0000000000
120860926,27,1.0000000000
120860927,27,1.0000000000
120860928,27,1.0000000000
120860929,27,1.0000000000
120860930,27,1.0000000000
120860931,27,1.0000000000
120860932,27,1.0000000000
120860933,27,1.0000000000
120860934,27,1.0000000000
120860935,27,1.0000000000
120860936,27,1.0000000000
120860937,27,1.0000000000
120860938,27,1.0000000000
120860939,27,1.0000000000
120860940,27,1.0000000000
120860941,27,1.0000000000
120860942,27,1.0000000000
120860943,27,1.0000000000
120860944,27,1.0000000000
120860945,27,1.0000000000
120860946,27,1.0000000000
120860947,27,1.0000000000
120860948,27,1.0000000000
120860949,27,1.0000000000
120860950,27,1.0000000000
120860951,27,1.0000000000
120860952,27,1.0000000000
120860953,27,1.0000000000
120860954,27,1.0000000000
120860955,27,1.0000000000
120860956,27,1.0000000000
120860957,27,1.0000000000
120860958,27,1.0000000000
120860959,27,1.0000000000
120860960,27,1.0000000000
120860961,27,1.0000000000
120860962,27,1.0000000000
120860963,27,1.0000000000
120860964,27,1.0000000000
120860965,27,1.0000000000
120860966,27,1.0000000000
120860967,27,1.0000000000
120860968,27,1.0000000000
120860969,27,1.0000000000
120860970,27,1.0000000000
120860971,27,1.0000000000
120860972,27,1.0000000000
120860973,27,1.0000000000
120860974,27,1.0000000000
120860975,27,1.0000000000
120860976,27,1.0000000000
120860977,27,1.0000000000
120860978,27,1.0000000000
120860979,27,1.0000000000
120860980,27,1.0000000000
120860981,27,1.0000000000
120860982,27,1.0000000000
120860983,27,1.0000000000
120860985,27,1.0000000000
120860986,27,1.0000000000
120860987,27,1.0000000000
120860988,27,1.0000000000
120860989,27,1.0000000000
120860990,27,1.0000000000
120860991,27,1.0000000000
120860992,27,1.0000000000
120860993,27,1.0000000000
120860994,27,1.0000000000
120860995,27,1.0000000000
120860996,27,1.0000000000
120860997,27,1.0000000000
120860998,27,1.0000000000
120860999,27,1.0000000000
120861000,27,1.0000000000
120861001,27,1.0000000000
120861002,27,1.0000000000
120861003,27,1.0000000000
120861004,27,1.0000000000
120861005,27,1.0000000000
120861007,27,1.0000000000
120861008,27,1.0000000000
120861009,27,1.0000000000
120861010,27,1.0000000000
120861011,27,1.0000000000
120861012,27,1.0000000000
120861013,28,1.0000000000
120861014,28,1.0000000000
120861015,28,1.0000000000
120861016,28,1.0000000000
120861017,28,1.0000000000
120861018,28,1.0000000000
120861019,28,1.0000000000
120861020,28,1.0000000000
120861021,28,1.0000000000
120861022,28,1.0000000000
120861023,28,1.0000000000
120861024,27,0.1666666667
120861024,28,0.8333333333
120861025,27,0.1666666667
120861025,28,0.8333333333
120861026,27,1.0000000000
120861027,27,1.0000000000
120861028,27,1.0000000000
120861029,28,1.0000000000
120861030,27,1.0000000000
120861031,27,1.0000000000
120861032,27,1.0000000000
120861033,27,1.0000000000
120861034,27,1.0000000000
120861035,27,1.0000000000
120861036,27,1.0000000000
120861037,27,1.0000000000
120861038,27,1.0000000000
120861039,27,1.0000000000
120861040,27,1.0000000000
120861041,27,1.0000000000
120861042,27,1.0000000000
120861043,27,1.0000000000
120861044,27,1.0000000000
120861045,27,1.0000000000
120861046,27,1.0000000000
120861047,27,1.0000000000
120861048,27,1.0000000000
120861049,27,1.0000000000
120861050,27,1.0000000000
120861051,27,1.0000000000
120861052,27,1.0000000000
120861053,27,1.0000000000
120861054,27,1.0000000000
120861055,27,1.0000000000
120861056,27,1.0000000000
120861057,27,1.0000000000
120861058,27,1.0000000000
120861059,27,1.0000000000
120861060,27,1.0000000000
120861061,28,1.0000000000
120861062,28,1.0000000000
120861063,28,1.0000000000
120861064,28,1.0000000000
120861065,28,1.0000000000
120861066,28,1.0000000000
120861067,28,1.0000000000
120861068,28,1.0000000000
120861069,28,1.0000000000
120861070,28,1.0000000000
120861071,28,1.0000000000
120861072,28,1.0000000000
120861073,28,1.0000000000
120861074,28,1.0000000000
120861075,28,1.0000000000
120861076,28,1.0000000000
120861077,28,1.0000000000
120861078,28,1.0000000000
120861079,28,1.0000000000
120861080,28,1.0000000000
120861081,28,1.0000000000
120861082,27,0.0886075949
120861082,28,0.9113924051
120861083,28,1.0000000000
120861084,27,0.3877551020
120861084,28,0.6122448980
120861085,28,1.0000000000
120861086,27,1.0000000000
120861087,27,1.0000000000
120861088,27,1.0000000000
120861089,27,1.0000000000
120861090,27,1.0000000000
120861091,27,1.0000000000
120861092,27,1.0000000000
120861093,27,1.0000000000
120861094,27,1.0000000000
120861095,27,1.0000000000
120861096,27,1.0000000000
120861097,27,1.0000000000
120861098,27,1.0000000000
120861099,27,1.0000000000
120861100,27,1.0000000000
120861101,27,1.0000000000
120861102,27,1.0000000000
120861103,27,1.0000000000
120861104,27,1.0000000000
120861105,27,1.0000000000
120861106,27,1.0000000000
120861107,27,1.0000000000
120861108,27,1.0000000000
120861109,28,1.0000000000
120861110,28,1.0000000000
120861111,28,1.0000000000
120861112,28,1.0000000000
120861113,28,1.0000000000
120861114,27,1.0000000000
120861115,27,1.0000000000
120861116,28,1.0000000000
120861117,28,1.0000000000
120861118,28,1.0000000000
120861119,28,1.0000000000
120861120,28,1.0000000000
120861121,28,1.0000000000
120861122,28,1.0000000000
120861123,27,1.0000000000
120861124,27,1.0000000000
120861125,27,1.0000000000
120861126,28,1.0000000000
120861127,28,1.0000000000
120861128,28,1.0000000000
120861129,28,1.0000000000
120861130,28,1.0000000000
120861131,28,1.0000000000
120861132,28,1.0000000000
120861133,28,1.0000000000
120861134,28,1.0000000000
120861135,28,1.0000000000
120861136,27,1.0000000000
120861137,27,1.0000000000
120861138,28,1.0000000000
120861139,28,1.0000000000
120861140,28,1.0000000000
120861141,28,1.0000000000
120861142,28,1.0000000000
120861143,28,1.0000000000
120861144,28,1.0000000000
120861145,28,1.0000000000
120861146,27,1.0000000000
120861147,27,1.0000000000
120861148,27,1.0000000000
120861149,28,1.0000000000
120861150,28,1.0000000000
120861151,28,1.0000000000
120861152,27,1.0000000000
120861153,28,1.0000000000
120861154,28,1.0000000000
120861155,28,1.0000000000
120861156,28,1.0000000000
120861157,27,1.0000000000
120861158,27,1.0000000000
120861159,27,1.0000000000
120861160,28,1.0000000000
120861161,28,1.0000000000
120861162,28,1.0000000000
120861163,28,1.0000000000
120861164,28,1.0000000000
120861165,28,1.0000000000
120861166,28,1.0000000000
120861167,28,1.0000000000
120861168,28,1.0000000000
120861169,28,1.0000000000
120861170,28,1.0000000000
120861171,28,1.0000000000
120861172,28,1.0000000000
120861173,28,1.0000000000
120861174,28,1.0000000000
120861175,27,1.0000000000
120861176,27,1.0000000000
120861177,27,1.0000000000
120861178,27,1.0000000000
120861179,27,1.0000000000
120861180,27,1.0000000000
120861181,27,1.0000000000
120861182,27,1.0000000000
120861183,27,1.0000000000
120861184,27,1.0000000000
120861185,27,1.0000000000
120861186,27,1.0000000000
120861187,27,1.0000000000
120861188,27,1.0000000000
120861189,27,1.0000000000
120861190,27,1.0000000000
120861191,27,1.0000000000
120861192,27,1.0000000000
120861193,27,1.0000000000
120861194,27,1.0000000000
120861195,27,1.0000000000
120861196,27,0.0467675198
120861196,28,0.9532324802
120861197,27,0.0083611029
120861197,28,0.9916388971
120861198,27,1.0000000000
120861199,27,1.0000000000
120861200,27,1.0000000000
120861201,27,1.0000000000
120861202,27,1.0000000000
120861203,27,1.0000000000
120861204,27,1.0000000000
120861205,27,1.0000000000
120861206,27,1.0000000000
120861207,27,1.0000000000
120861208,27,1.0000000000
120861209,27,1.0000000000
120861210,27,1.0000000000
120861211,27,1.0000000000
120861212,28,1.0000000000
120861213,27,1.0000000000
120861214,27,0.0172413793
120861214,28,0.9827586207
120861215,28,1.0000000000
120861216,28,1.0000000000
120861217,28,1.0000000000
120861218,28,1.0000000000
120861219,28,1.0000000000
120861220,28,1.0000000000
120861221,28,1.0000000000
120861222,27,1.0000000000
120861223,27,1.0000000000
120861224,27,0.1964285714
120861224,28,0.8035714286
120861225,28,1.0000000000
120861226,28,1.0000000000
120861227,28,1.0000000000
120861228,28,1.0000000000
120861229,28,1.0000000000
120861230,26,0.4347826087
120861230,28,0.5652173913
120861231,28,1.0000000000
120861232,28,1.0000000000
120861233,28,1.0000000000
120861234,28,1.0000000000
120861235,28,1.0000000000
120861236,27,1.0000000000
120861237,27,1.0000000000
120861238,27,1.0000000000
120861239,27,0.0092112304
120861239,28,0.9907887696
120861240,27,1.0000000000
120861241,27,1.0000000000
120861242,27,0.0078281197
120861242,28,0.9921718803
120861243,27,1.0000000000
120861244,27,1.0000000000
120861245,28,1.0000000000
120861246,28,1.0000000000
120861247,27,1.0000000000
120861248,27,0.7725787235
120861248,28,0.2274212765
120861249,27,1.0000000000
120861250,27,1.0000000000
120861251,27,1.0000000000
120861252,28,1.0000000000
120861253,28,1.0000000000
120861254,27,1.0000000000
120861255,28,1.0000000000
120861256,28,1.0000000000
120861257,28,1.0000000000
120861258,27,1.0000000000
120861259,28,1.0000000000
120861260,28,1.0000000000
120861261,28,1.0000000000
120861262,28,1.0000000000
120861263,28,1.0000000000
120861264,28,1.0000000000
120861265,28,1.0000000000
120861266,28,1.0000000000
120861267,28,1.0000000000
120861268,28,1.0000000000
120861269,28,1.0000000000
120861270,28,1.0000000000
120861271,28,1.0000000000
120861272,28,1.0000000000
120861273,28,1.0000000000
120861274,28,1.0000000000
120861275,28,1.0000000000
120861276,28,1.0000000000
120861277,28,1.0000000000
120861278,28,1.0000000000
120861279,28,1.0000000000
120861280,28,1.0000000000
120861281,28,1.0000000000
120861282,28,1.0000000000
120861283,28,1.0000000000
120861284,28,1.0000000000
120861285,28,1.0000000000
120861286,28,1.0000000000
120861287,28,1.0000000000
120861288,28,1.0000000000
120861289,28,1.0000000000
120861290,28,1.0000000000
120861291,28,1.0000000000
120861292,28,1.0000000000
120861293,28,1.0000000000
120861294,28,1.0000000000
120861295,28,1.0000000000
120861296,28,1.0000000000
120861297,28,1.0000000000
120861298,28,1.0000000000
120861299,28,1.0000000000
120861300,28,1.0000000000
120861301,28,1.0000000000
120861302,28,1.0000000000
120861303,28,1.0000000000
120861304,28,1.0000000000
120861305,28,1.0000000000
120861306,28,1.0000000000
120861307,28,1.0000000000
120861308,28,1.0000000000
120861309,28,1.0000000000
120861310,28,1.0000000000
120861311,28,1.0000000000
120861312,28,1.0000000000
120861313,28,1.0000000000
120861314,28,1.0000000000
120861315,28,1.0000000000
120861316,28,1.0000000000
120861317,28,1.0000000000
120861318,28,1.0000000000
120861319,28,1.0000000000
120861320,28,1.0000000000
120861321,28,1.0000000000
120861322,28,1.0000000000
120861323,28,1.0000000000
120861324,28,1.0000000000
120861325,28,1.0000000000
120861326,28,1.0000000000
120861327,28,1.0000000000
120861328,28,1.0000000000
120861329,28,1.0000000000
120861330,28,1.0000000000
120861331,28,1.0000000000
120861332,28,1.0000000000
120861333,28,1.0000000000
120861334,28,1.0000000000
120861335,28,1.0000000000
120861336,28,1.0000000000
120861337,28,1.0000000000
120861338,28,1.0000000000
120861339,28,1.0000000000
120861340,28,1.0000000000
120861341,28,1.0000000000
120861342,28,1.0000000000
120861343,28,1.0000000000
120861344,28,1.0000000000
120861345,28,1.0000000000
120861346,28,1.0000000000
120861347,28,1.0000000000
120861348,28,1.0000000000
120861349,28,1.0000000000
120861350,28,1.0000000000
120861351,28,1.0000000000
120861352,28,1.0000000000
120861353,28,1.0000000000
120861354,28,1.0000000000
120861355,28,1.0000000000
120861356,28,1.0000000000
120861357,28,1.0000000000
120861358,28,1.0000000000
120861359,27,0.3000000000
120861359,28,0.7000000000
120861360,28,1.0000000000
120861361,28,1.0000000000
120861362,28,1.0000000000
120861363,28,1.0000000000
120861364,28,1.0000000000
120861365,28,1.0000000000
120861366,28,1.0000000000
120861367,28,1.0000000000
120861368,28,1.0000000000
120861369,28,1.0000000000
120861370,28,1.0000000000
120861371,28,1.0000000000
120861372,28,1.0000000000
120861373,28,1.0000000000
120861374,28,1.0000000000
120861375,28,1.0000000000
120861376,28,1.0000000000
120861377,28,1.0000000000
120861378,28,1.0000000000
120861379,28,1.0000000000
120861380,28,1.0000000000
120861381,28,1.0000000000
120861382,28,1.0000000000
120861383,28,1.0000000000
120861384,28,1.0000000000
120861385,28,1.0000000000
120861386,28,1.0000000000
120861387,28,1.0000000000
120861388,28,1.0000000000
120861389,28,1.0000000000
120861390,28,1.0000000000
120861391,28,1.0000000000
120861392,28,1.0000000000
120861393,28,1.0000000000
120861394,28,1.0000000000
120861395,28,1.0000000000
120861396,28,1.0000000000
120861397,28,1.0000000000
120861398,28,1.0000000000
120861399,28,1.0000000000
120861400,28,1.0000000000
120861401,28,1.0000000000
120861402,27,1.0000000000
120861403,26,0.9902280544
120861403,27,0.0097719456
120861404,24,0.0010669626
120861404,26,0.9989330374
120861405,24,1.0000000000
120861406,24,1.0000000000
120861407,26,1.0000000000
120861408,26,1.0000000000
120861409,26,1.0000000000
120861410,26,1.0000000000
120861411,26,1.0000000000
120861412,24,0.0888888889
120861412,27,0.9111111111
120861413,27,1.0000000000
120861414,27,1.0000000000
120861415,27,1.0000000000
120861416,26,1.0000000000
120861417,26,1.0000000000
120861418,27,1.0000000000
120861419,26,1.0000000000
120861420,27,1.0000000000
120861421,27,1.0000000000
120861422,27,1.0000000000
120861423,27,1.0000000000
120861424,27,1.0000000000
120861425,27,1.0000000000
120861426,27,1.0000000000
120861427,27,1.0000000000
120861428,27,1.0000000000
120861429,27,1.0000000000
120861430,27,1.0000000000
120861431,27,1.0000000000
120861432,27,1.0000000000
120861433,27,1.0000000000
120861434,27,1.0000000000
120861435,27,1.0000000000
120861436,27,1.0000000000
120861437,27,1.0000000000
120861438,27,1.0000000000
120861439,26,1.0000000000
120861440,24,0.8000000000
120861440,26,0.2000000000
120861441,24,1.0000000000
120861442,24,1.0000000000
120861443,24,1.0000000000
120861444,24,1.0000000000
120861445,24,1.0000000000
120861446,24,1.0000000000
120861447,24,1.0000000000
120861448,24,1.0000000000
120861449,24,1.0000000000
120861450,24,1.0000000000
120861451,24,1.0000000000
120861452,27,1.0000000000
120861453,27,1.0000000000
120870001,28,1.0000000000
120870002,28,1.0000000000
120870003,28,1.0000000000
120870004,28,1.0000000000
120870005,28,1.0000000000
120870006,28,1.0000000000
120870007,28,1.0000000000
120870008,28,1.0000000000
120870009,28,1.0000000000
120870010,28,1.0000000000
120870011,28,1.0000000000
120870013,28,1.0000000000
120870014,28,1.0000000000
120870015,28,1.0000000000
120870016,28,1.0000000000
120870017,28,1.0000000000
120870018,28,1.0000000000
120870019,28,1.0000000000
120870020,28,1.0000000000
120870021,28,1.0000000000
120870022,28,1.0000000000
120870023,28,1.0000000000
120870024,28,1.0000000000
120870025,28,1.0000000000
120870026,28,1.0000000000
120870027,28,1.0000000000
120870028,28,1.0000000000
120870029,28,1.0000000000
120870030,28,1.0000000000
120870031,28,1.0000000000
120870032,28,1.0000000000
120870033,28,1.0000000000
120870034,28,1.0000000000
120870035,28,1.0000000000
120870036,28,1.0000000000
120870037,28,1.0000000000
120890001,4,1.0000000000
120890002,4,1.0000000000
120890003,4,1.0000000000
120890004,4,1.0000000000
120890005,4,1.0000000000
120890006,4,1.0000000000
120890007,4,1.0000000000
120890008,4,1.0000000000
120890009,4,1.0000000000
120890010,4,1.0000000000
120890011,4,1.0000000000
120890012,4,1.0000000000
120890013,4,1.0000000000
120890014,4,1.0000000000
120890015,4,1.0000000000
120890016,4,1.0000000000
120890017,4,1.0000000000
120890018,4,1.0000000000
120890019,4,1.0000000000
120890020,4,1.0000000000
120890021,4,1.0000000000
120890022,4,1.0000000000
120890023,4,1.0000000000
120890024,4,1.0000000000
120890025,4,1.0000000000
120890026,4,1.0000000000
120890027,4,1.0000000000
120890028,4,1.0000000000
120910001,1,1.0000000000
120910002,1,1.0000000000
120910003,1,1.0000000000
120910004,1,1.0000000000
120910005,1,1.0000000000
120910006,1,1.0000000000
120910007,1,1.0000000000
120910008,1,1.0000000000
120910009,1,1.0000000000
120910010,1,1.0000000000
120910011,1,1.0000000000
120910012,1,1.0000000000
120910013,1,1.0000000000
120910014,1,1.0000000000
120910015,1,1.0000000000
120910016,1,1.0000000000
120910017,1,1.0000000000
120910018,1,1.0000000000
120910019,1,1.0000000000
120910020,1,1.0000000000
120910021,1,1.0000000000
120910022,1,1.0000000000
120910023,1,1.0000000000
120910024,1,1.0000000000
120910025,1,1.0000000000
120910026,1,1.0000000000
120910027,1,1.0000000000
120910028,1,1.0000000000
120910029,1,1.0000000000
120910030,1,1.0000000000
120910031,1,1.0000000000
120910032,1,1.0000000000
120910033,1,1.0000000000
120910034,1,1.0000000000
120910035,1,1.0000000000
120910036,1,1.0000000000
120910037,1,1.0000000000
120910038,1,1.0000000000
120910039,1,1.0000000000
120910040,1,1.0000000000
120910041,1,1.0000000000
120910042,1,1.0000000000
120910043,1,1.0000000000
120910044,1,1.0000000000
120910045,1,1.0000000000
120910046,1,1.0000000000
120910047,1,1.0000000000
120910048,1,1.0000000000
120910049,1,1.0000000000
120910050,1,1.0000000000
120910051,1,1.0000000000
120910052,1,1.0000000000
120910053,1,1.0000000000
120910054,1,1.0000000000
120910055,1,1.0000000000
120910056,1,1.0000000000
120910057,1,1.0000000000
120910058,1,1.0000000000
120910059,1,1.0000000000
120910060,1,1.0000000000
120910061,1,1.0000000000
120910062,1,1.0000000000
120910063,1,1.0000000000
120910064,1,1.0000000000
120910065,1,1.0000000000
120910066,1,1.0000000000
120910067,1,1.0000000000
120910068,1,1.0000000000
120910069,1,1.0000000000
120910070,1,1.0000000000
120910071,1,1.0000000000
120910072,1,1.0000000000
120910073,1,1.0000000000
120910074,1,1.0000000000
120910075,1,1.0000000000
120910076,1,1.0000000000
120910077,1,1.0000000000
120910078,1,1.0000000000
120910079,1,1.0000000000
120910080,1,1.0000000000
120910081,1,1.0000000000
120910082,1,1.0000000000
120910083,1,1.0000000000
120910084,1,1.0000000000
120930001,18,1.0000000000
120930002,18,1.0000000000
120930003,18,1.0000000000
120930004,18,1.0000000000
120930005,18,1.0000000000
120930006,18,1.0000000000
120930007,18,1.0000000000
120930008,18,1.0000000000
120930009,18,1.0000000000
120930010,18,1.0000000000
120930011,18,1.0000000000
120930012,18,1.0000000000
120930013,18,1.0000000000
120930014,18,1.0000000000
120930015,18,1.0000000000
120930016,18,1.0000000000
120930017,18,1.0000000000
120930018,18,1.0000000000
120950001,11,1.0000000000
120950002,10,1.0000000000
120950003,10,1.0000000000
120950004,10,0.9960333522
120950004,11,0.0039666478
120950005,10,1.0000000000
120950006,11,1.0000000000
120950007,10,0.9625376670
120950007,11,0.0374623330
120950008,10,1.0000000000
120950009,10,1.0000000000
120950010,10,0.4313725490
120950010,11,0.5686274510
120950011,10,1.0000000000
120950012,10,1.0000000000
120950013,10,1.0000000000
120950014,10,0.1600000000
120950014,11,0.8400000000
120950015,11,1.0000000000
120950016,11,1.0000000000
120950017,10,0.0457193487
120950017,9,0.9542806513
120950018,9,1.0000000000
120950019,11,1.0000000000
120950020,9,1.0000000000
120950021,9,1.0000000000
120950022,9,1.0000000000
120950023,11,1.0000000000
120950024,11,1.0000000000
120950025,11,1.0000000000
120950026,11,1.0000000000
120950027,11,0.9963527678
120950027,9,0.0036472322
120950028,11,1.0000000000
120950029,11,1.0000000000
120950030,11,1.0000000000
120950031,11,1.0000000000
120950032,11,1.0000000000
120950033,11,1.0000000000
120950034,11,1.0000000000
120950035,11,1.0000000000
120950036,11,1.0000000000
120950037,11,1.0000000000
120950038,11,1.0000000000
120950039,11,1.0000000000
120950040,11,1.0000000000
120950041,10,1.0000000000
120950042,11,1.0000000000
120950043,11,1.0000000000
120950044,9,1.0000000000
120950045,9,1.0000000000
120950046,9,1.0000000000
120950047,9,1.0000000000
120950048,10,1.0000000000
120950049,9,1.0000000000
120950050,11,1.0000000000
120950051,11,1.0000000000
120950052,11,1.0000000000
120950053,11,1.0000000000
120950054,11,1.0000000000
120950055,11,1.0000000000
120950056,11,1.0000000000
120950057,10,1.0000000000
120950058,10,1.0000000000
120950059,10,0.9962562090
120950059,7,0.0037437910
120950060,10,1.0000000000
120950061,10,1.0000000000
120950062,10,1.0000000000
120950063,10,1.0000000000
120950064,10,1.0000000000
120950065,10,1.0000000000
120950066,10,1.0000000000
120950067,10,1.0000000000
120950068,10,1.0000000000
120950069,10,1.0000000000
120950070,10,1.0000000000
120950071,10,0.3816202150
120950071,11,0.6183797850
120950072,10,1.0000000000
120950073,10,1.0000000000
120950074,10,0.9787234043
120950074,11,0.0212765957
120950075,11,1.0000000000
120950076,11,0.9991021698
120950076,7,0.0008978302
120950077,11,1.0000000000
120950078,11,1.0000000000
120950079,10,0.0763358779
120950079,11,0.9236641221
120950080,11,0.9918020681
120950080,7,0.0081979319
120950081,11,1.0000000000
120950082,11,1.0000000000
120950083,11,1.0000000000
120950084,11,1.0000000000
120950085,11,1.0000000000
120950086,11,1.0000000000
120950087,11,1.0000000000
120950088,11,1.0000000000
120950089,11,1.0000000000
120950090,10,1.0000000000
120950091,11,1.0000000000
120950092,10,1.0000000000
120950093,10,0.9997903124
120950093,7,0.0002096876
120950094,10,1.0000000000
120950095,11,1.0000000000
120950096,11,1.0000000000
120950097,10,1.0000000000
120950098,10,1.0000000000
120950099,10,1.0000000000
120950100,9,1.0000000000
120950101,9,1.0000000000
120950102,10,1.0000000000
120950103,10,1.0000000000
120950104,10,1.0000000000
120950105,10,1.0000000000
120950106,10,1.0000000000
120950107,10,1.0000000000
120950108,10,1.0000000000
120950109,10,1.0000000000
120950110,10,1.0000000000
120950111,10,1.0000000000
120950112,10,1.0000000000
120950113,10,1.0000000000
120950114,10,1.0000000000
120950115,10,1.0000000000
120950116,10,1.0000000000
120950117,10,1.0000000000
120950118,10,1.0000000000
120950119,10,1.0000000000
120950120,10,1.0000000000
120950121,10,1.0000000000
120950122,9,1.0000000000
120950123,9,1.0000000000
120950124,10,1.0000000000
120950125,10,1.0000000000
120950126,10,1.0000000000
120950127,10,1.0000000000
120950128,9,1.0000000000
120950129,10,1.0000000000
120950130,9,1.0000000000
120950131,10,1.0000000000
120950132,10,1.0000000000
120950133,10,1.0000000000
120950134,10,0.8000000000
120950134,9,0.2000000000
120950135,10,0.3725490196
120950135,9,0.6274509804
120950136,10,1.0000000000
120950137,10,1.0000000000
120950138,10,1.0000000000
120950139,9,1.0000000000
120950140,9,1.0000000000
120950141,10,1.0000000000
120950142,10,1.0000000000
120950143,10,1.0000000000
120950144,10,1.0000000000
120950145,10,1.0000000000
120950146,10,1.0000000000
120950147,10,0.7900000000
120950147,9,0.2100000000
120950148,9,1.0000000000
120950149,9,1.0000000000
120950150,10,0.0006999733
120950150,9,0.9993000267
120950151,10,1.0000000000
120950152,10,1.0000000000
120950153,9,1.0000000000
120950154,9,1.0000000000
120950155,9,1.0000000000
120950156,9,1.0000000000
120950157,9,1.0000000000
120950158,9,1.0000000000
120950159,9,1.0000000000
120950160,9,1.0000000000
120950161,9,1.0000000000
120950162,9,1.0000000000
120950163,9,1.0000000000
120950164,9,1.0000000000
120950165,9,1.0000000000
120950166,9,1.0000000000
120950167,9,1.0000000000
120950168,9,1.0000000000
120950169,9,1.0000000000
120950170,9,1.0000000000
120950171,9,1.0000000000
120950172,9,1.0000000000
120950173,9,1.0000000000
120950174,9,1.0000000000
120950175,9,1.0000000000
120950176,9,1.0000000000
120950177,9,1.0000000000
120950178,9,1.0000000000
120950179,10,1.0000000000
120950180,10,1.0000000000
120950181,10,1.0000000000
120950182,10,1.0000000000
120950183,9,1.0000000000
120950184,9,1.0000000000
120950185,9,1.0000000000
120950186,9,1.0000000000
120950187,9,1.0000000000
120950188,9,1.0000000000
120950189,9,1.0000000000
120950190,9,1.0000000000
120950191,9,1.0000000000
120950192,9,1.0000000000
120950193,10,1.0000000000
120950194,9,1.0000000000
120950195,9,1.0000000000
120950196,10,1.0000000000
120950197,10,1.0000000000
120950198,8,0.3928571429
120950198,9,0.6071428571
120950199,9,1.0000000000
120950200,10,1.0000000000
120950201,10,1.0000000000
120950202,9,1.0000000000
120950203,10,1.0000000000
120950204,10,1.0000000000
120950205,10,0.8819063726
120950205,9,0.1180936274
120950206,9,1.0000000000
120950207,10,1.0000000000
120950208,9,1.0000000000
120950209,9,1.0000000000
120950210,10,1.0000000000
120950211,10,1.0000000000
120950212,10,1.0000000000
120950213,10,1.0000000000
120950214,10,1.0000000000
120950215,10,1.0000000000
120950216,10,1.0000000000
120950217,10,1.0000000000
120950218,10,1.0000000000
120950219,10,1.0000000000
120950220,10,1.0000000000
120950221,10,1.0000000000
120950222,10,1.0000000000
120950223,10,1.0000000000
120950224,10,1.0000000000
120950225,10,1.0000000000
120950226,10,1.0000000000
120950227,10,1.0000000000
120950228,10,1.0000000000
120950229,10,1.0000000000
120950230,10,1.0000000000
120950231,10,1.0000000000
120950232,10,1.0000000000
120950233,10,1.0000000000
120950234,10,1.0000000000
120950235,10,1.0000000000
120950236,10,1.0000000000
120950237,10,1.0000000000
120950238,10,1.0000000000
120950239,10,1.0000000000
120950240,10,0.9855535958
120950240,7,0.0144464042
120950241,10,1.0000000000
120950242,10,1.0000000000
120950243,10,1.0000000000
120950244,10,1.0000000000
120950245,10,1.0000000000
120950246,10,1.0000000000
120950247,10,1.0000000000
120950248,10,1.0000000000
120950249,10,1.0000000000
120950250,10,0.7388258188
120950250,8,0.1966488043
120950250,9,0.0645253769
120950251,10,0.9810588111
120950251,8,0.0189411889
120950252,10,1.0000000000
120950253,10,1.0000000000
120950254,10,1.0000000000
120950255,10,1.0000000000
120950256,10,0.9583333333
120950256,7,0.0416666667
120950257,10,0.0263157895
120950257,8,0.9736842105
120950258,10,1.0000000000
120950259,10,1.0000000000
120950260,10,1.0000000000
120950261,10,1.0000000000
120950262,10,1.0000000000
120950263,10,1.0000000000
120950264,10,1.0000000000
120950265,10,1.0000000000
120950266,10,1.0000000000
120950267,10,1.0000000000
120950268,10,1.0000000000
120950269,10,0.9996485095
120950269,9,0.0003514905
120950270,10,1.0000000000
120950271,10,1.0000000000
120950272,10,1.0000000000
120950273,10,1.0000000000
120950274,10,1.0000000000
120950275,10,1.0000000000
120950276,10,1.0000000000
120950277,10,1.0000000000
120950278,10,1.0000000000
120950279,10,1.0000000000
120950280,10,1.0000000000
120950281,10,1.0000000000
120950282,10,1.0000000000
120950283,10,1.0000000000
120950284,10,1.0000000000
120950285,10,1.0000000000
120950286,10,1.0000000000
120950287,10,1.0000000000
120950288,10,1.0000000000
120950289,10,0.0454545455
120950289,11,0.9545454545
120950290,10,0.9947089947
120950290,9,0.0052910053
120970001,9,1.0000000000
120970002,9,1.0000000000
120970003,9,1.0000000000
120970004,9,1.0000000000
120970005,9,1.0000000000
120970006,9,1.0000000000
120970007,9,1.0000000000
120970008,9,1.0000000000
120970009,9,1.0000000000
120970010,9,1.0000000000
120970011,9,1.0000000000
120970012,9,1.0000000000
120970013,9,1.0000000000
120970014,9,1.0000000000
120970015,9,1.0000000000
120970016,9,1.0000000000
120970017,9,1.0000000000
120970018,9,1.0000000000
120970019,9,1.0000000000
120970020,9,1.0000000000
120970021,9,1.0000000000
120970022,9,1.0000000000
120970023,9,1.0000000000
120970024,9,1.0000000000
120970025,9,1.0000000000
120970026,9,1.0000000000
120970027,9,1.0000000000
120970028,9,1.0000000000
120970029,9,1.0000000000
120970030,9,1.0000000000
120970031,9,1.0000000000
120970032,9,1.0000000000
120970033,9,1.0000000000
120970034,9,1.0000000000
120970035,9,1.0000000000
120970036,9,1.0000000000
120970037,9,1.0000000000
120970038,9,1.0000000000
120970039,9,1.0000000000
120970040,9,1.0000000000
120970041,9,1.0000000000
120970042,9,1.0000000000
120970043,9,1.0000000000
120970044,9,1.0000000000
120970045,9,1.0000000000
120970046,9,1.0000000000
120970047,9,1.0000000000
120970048,9,1.0000000000
120970049,9,1.0000000000
120970050,9,1.0000000000
120970051,9,1.0000000000
120970052,9,1.0000000000
120970054,9,1.0000000000
120970055,9,1.0000000000
120970056,9,1.0000000000
120970057,9,1.0000000000
120970058,9,1.0000000000
120970059,9,1.0000000000
120970060,9,1.0000000000
120970061,9,1.0000000000
120970062,9,1.0000000000
120970063,9,1.0000000000
120970064,9,1.0000000000
120970065,9,1.0000000000
120970066,9,1.0000000000
120970067,9,1.0000000000
120970068,9,1.0000000000
120970069,9,1.0000000000
120970070,9,1.0000000000
120970071,9,1.0000000000
120970072,9,1.0000000000
120970073,9,1.0000000000
120970074,9,1.0000000000
120970075,9,1.0000000000
120970076,9,1.0000000000
120970077,9,1.0000000000
120970078,9,1.0000000000
120970079,9,1.0000000000
120970080,9,1.0000000000
120970081,9,1.0000000000
120970082,9,1.0000000000
120970083,9,1.0000000000
120970084,9,1.0000000000
120970085,9,1.0000000000
120970086,9,1.0000000000
120970087,9,1.0000000000
120970088,9,1.0000000000
120970089,9,1.0000000000
120970090,9,1.0000000000
120970091,9,1.0000000000
120970092,9,1.0000000000
120970093,9,1.0000000000
120970094,9,1.0000000000
120970095,9,1.0000000000
120970096,9,1.0000000000
120970097,9,1.0000000000
120970098,9,1.0000000000
120970099,9,1.0000000000
120970100,9,1.0000000000
120970101,9,1.0000000000
120970102,9,1.0000000000
120970103,9,1.0000000000
120970104,9,1.0000000000
120970105,9,1.0000000000
120970106,9,1.0000000000
120970107,9,1.0000000000
120970108,9,1.0000000000
120970109,9,1.0000000000
120970110,9,1.0000000000
120970111,9,1.0000000000
120970112,9,1.0000000000
120970113,9,1.0000000000
120970114,9,1.0000000000
120970115,9,1.0000000000
120970116,9,1.0000000000
120970117,9,1.0000000000
120970118,9,1.0000000000
120970119,9,1.0000000000
120970120,9,1.0000000000
120970121,9,1.0000000000
120970122,9,1.0000000000
120970123,9,1.0000000000
120970124,9,1.0000000000
120970125,9,1.0000000000
120970126,9,1.0000000000
120970127,9,1.0000000000
120970128,9,1.0000000000
120970129,9,1.0000000000
120970130,9,1.0000000000
120970131,9,1.0000000000
120970132,9,1.0000000000
120970133,9,1.0000000000
120970134,9,1.0000000000
120970135,9,1.0000000000
120970136,9,1.0000000000
120970137,9,1.0000000000
120970138,9,1.0000000000
120970139,9,1.0000000000
120970140,9,1.0000000000
120970141,9,1.0000000000
120970142,9,1.0000000000
120970143,9,1.0000000000
120970144,9,1.0000000000
120970145,9,1.0000000000
120970146,9,1.0000000000
120970147,9,1.0000000000
120970148,9,1.0000000000
120970149,9,1.0000000000
120970150,9,1.0000000000
120970151,9,1.0000000000
120970152,9,1.0000000000
120970153,9,1.0000000000
120970154,9,1.0000000000
120970155,9,1.0000000000
120970157,9,1.0000000000
120970158,9,1.0000000000
120970159,9,1.0000000000
120970160,9,1.0000000000
120970161,9,1.0000000000
120970162,9,1.0000000000
120970163,9,1.0000000000
120970164,9,1.0000000000
120970165,9,1.0000000000
120970166,9,1.0000000000
120970167,9,1.0000000000
120970168,9,1.0000000000
120970169,9,1.0000000000
120970170,9,1.0000000000
120970171,9,1.0000000000
120970172,9,1.0000000000
120970173,9,1.0000000000
120970174,9,1.0000000000
120970175,9,1.0000000000
120970176,9,1.0000000000
120970177,9,1.0000000000
120970178,9,1.0000000000
120970179,9,1.0000000000
120970180,9,1.0000000000
120970181,9,1.0000000000
120970182,9,1.0000000000
120970183,9,1.0000000000
120970184,9,1.0000000000
120970185,9,1.0000000000
120970186,9,1.0000000000
120970187,9,1.0000000000
120970188,9,1.0000000000
120970189,9,1.0000000000
120970190,9,1.0000000000
120970191,9,1.0000000000
120970192,9,1.0000000000
120970193,9,1.0000000000
120970194,9,1.0000000000
120970195,9,1.0000000000
120970196,9,1.0000000000
120970197,9,1.0000000000
120970198,9,1.0000000000
120970199,9,1.0000000000
120970200,9,1.0000000000
120970201,9,1.0000000000
120970202,9,1.0000000000
120970203,9,1.0000000000
120970204,9,1.0000000000
120970205,9,1.0000000000
120970206,9,1.0000000000
120970207,9,1.0000000000
120970208,9,1.0000000000
120970209,9,1.0000000000
120970210,9,1.0000000000
120970211,9,1.0000000000
120970212,9,1.0000000000
120970213,9,1.0000000000
120970214,9,1.0000000000
120970215,9,1.0000000000
120970216,9,1.0000000000
120990001,21,1.0000000000
120990002,21,1.0000000000
120990003,21,1.0000000000
120990004,21,1.0000000000
120990005,21,1.0000000000
120990006,21,1.0000000000
120990007,21,1.0000000000
120990008,21,1.0000000000
120990009,21,1.0000000000
120990010,21,1.0000000000
120990011,21,1.0000000000
120990012,21,1.0000000000
120990013,21,1.0000000000
120990014,21,1.0000000000
120990015,21,1.0000000000
120990016,21,1.0000000000
120990017,21,1.0000000000
120990018,21,1.0000000000
120990019,21,1.0000000000
120990020,21,1.0000000000
120990021,21,1.0000000000
120990022,21,1.0000000000
120990023,21,1.0000000000
120990024,21,1.0000000000
120990025,21,1.0000000000
120990026,21,1.0000000000
120990027,21,1.0000000000
120990028,21,1.0000000000
120990029,21,1.0000000000
120990030,21,1.0000000000
120990031,21,1.0000000000
120990032,21,1.0000000000
120990033,21,1.0000000000
120990034,21,1.0000000000
120990035,21,1.0000000000
120990036,21,1.0000000000
120990037,21,1.0000000000
120990038,21,1.0000000000
120990039,21,1.0000000000
120990040,21,1.0000000000
120990041,21,1.0000000000
120990042,21,1.0000000000
120990043,21,1.0000000000
120990044,21,1.0000000000
120990045,21,1.0000000000
120990046,21,1.0000000000
120990047,21,1.0000000000
120990048,21,1.0000000000
120990049,21,1.0000000000
120990050,21,1.0000000000
120990051,21,1.0000000000
120990052,21,1.0000000000
120990053,21,1.0000000000
120990054,21,1.0000000000
120990055,21,1.0000000000
120990056,21,1.0000000000
120990057,21,1.0000000000
120990058,21,1.0000000000
120990059,21,1.0000000000
120990060,21,1.0000000000
120990061,21,1.0000000000
120990062,21,1.0000000000
120990063,21,1.0000000000
120990064,21,1.0000000000
120990065,21,1.0000000000
120990066,21,1.0000000000
120990067,21,1.0000000000
120990069,21,1.0000000000
120990070,21,1.0000000000
120990071,21,1.0000000000
120990072,21,1.0000000000
120990073,21,1.0000000000
120990074,21,1.0000000000
120990075,21,1.0000000000
120990076,21,1.0000000000
120990077,21,1.0000000000
120990078,21,1.0000000000
120990079,21,1.0000000000
120990080,21,1.0000000000
120990081,21,1.0000000000
120990082,21,1.0000000000
120990083,21,1.0000000000
120990084,21,1.0000000000
120990085,21,1.0000000000
120990086,21,1.0000000000
120990087,21,1.0000000000
120990088,21,1.0000000000
120990089,21,1.0000000000
120990090,21,1.0000000000
120990091,21,1.0000000000
120990092,21,1.0000000000
120990093,21,1.0000000000
120990094,21,1.0000000000
120990095,21,1.0000000000
120990096,21,1.0000000000
120990097,21,1.0000000000
120990098,21,1.0000000000
120990099,21,1.0000000000
120990100,21,1.0000000000
120990101,21,1.0000000000
120990102,21,1.0000000000
120990103,21,1.0000000000
120990104,21,1.0000000000
120990105,21,1.0000000000
120990106,21,1.0000000000
120990107,21,1.0000000000
120990108,21,1.0000000000
120990109,21,1.0000000000
120990110,21,1.0000000000
120990111,21,1.0000000000
120990112,21,1.0000000000
120990113,21,1.0000000000
120990114,21,1.0000000000
120990115,21,1.0000000000
120990116,21,1.0000000000
120990117,21,1.0000000000
120990118,21,1.0000000000
120990119,21,1.0000000000
120990120,21,1.0000000000
120990121,21,1.0000000000
120990122,21,1.0000000000
120990123,21,1.0000000000
120990124,21,1.0000000000
120990125,21,1.0000000000
120990126,21,1.0000000000
120990127,21,1.0000000000
120990128,21,1.0000000000
120990129,21,1.0000000000
120990130,21,1.0000000000
120990131,21,1.0000000000
120990132,21,1.0000000000
120990133,21,1.0000000000
120990134,21,1.0000000000
120990135,21,1.0000000000
120990136,21,1.0000000000
120990137,21,1.0000000000
120990139,21,1.0000000000
120990140,21,1.0000000000
120990141,21,1.0000000000
120990142,21,1.0000000000
120990143,21,1.0000000000
120990144,21,1.0000000000
120990145,21,1.0000000000
120990146,21,1.0000000000
120990147,21,1.0000000000
120990148,21,1.0000000000
120990149,21,1.0000000000
120990150,21,1.0000000000
120990151,21,1.0000000000
120990152,21,1.0000000000
120990153,21,1.0000000000
120990154,21,1.0000000000
120990155,21,1.0000000000
120990156,21,1.0000000000
120990157,21,1.0000000000
120990158,21,1.0000000000
120990159,21,1.0000000000
120990160,21,1.0000000000
120990161,21,1.0000000000
120990162,21,1.0000000000
120990163,21,1.0000000000
120990164,21,1.0000000000
120990165,21,1.0000000000
120990166,21,1.0000000000
120990167,21,1.0000000000
120990168,21,1.0000000000
120990169,21,1.0000000000
120990170,21,1.0000000000
120990171,21,1.0000000000
120990172,21,1.0000000000
120990173,21,1.0000000000
120990174,21,1.0000000000
120990175,21,1.0000000000
120990176,20,0.1000000000
120990176,21,0.9000000000
120990177,21,1.0000000000
120990178,21,1.0000000000
120990179,21,1.0000000000
120990180,21,1.0000000000
120990181,21,1.0000000000
120990182,21,1.0000000000
120990183,21,1.0000000000
120990184,21,1.0000000000
120990185,20,1.0000000000
120990186,20,1.0000000000
120990187,20,0.7965105394
120990187,21,0.2034894606
120990188,20,1.0000000000
120990189,21,1.0000000000
120990190,20,1.0000000000
120990191,20,0.0238095238
120990191,21,0.9761904762
120990192,21,1.0000000000
120990193,21,0.0005211288
120990193,22,0.9994788712
120990194,22,1.0000000000
120990195,22,1.0000000000
120990196,21,1.0000000000
120990197,21,1.0000000000
120990198,21,1.0000000000
120990199,21,1.0000000000
120990200,21,1.0000000000
120990201,21,1.0000000000
120990202,21,1.0000000000
120990203,21,1.0000000000
120990204,21,1.0000000000
120990205,20,0.2500000000
120990205,21,0.7500000000
120990206,21,1.0000000000
120990207,21,1.0000000000
120990208,21,1.0000000000
120990209,21,1.0000000000
120990210,20,1.0000000000
120990211,20,0.9984266832
120990211,21,0.0015733168
120990212,20,1.0000000000
120990213,20,0.9948642039
120990213,21,0.0051357961
120990214,20,0.8778577154
120990214,21,0.1221422846
120990215,21,1.0000000000
120990216,21,1.0000000000
120990217,21,1.0000000000
120990218,21,1.0000000000
120990219,21,1.0000000000
120990220,21,1.0000000000
120990221,21,1.0000000000
120990222,21,1.0000000000
120990223,21,1.0000000000
120990224,21,1.0000000000
120990225,21,1.0000000000
120990226,20,0.0316852368
120990226,21,0.9683147632
120990227,21,1.0000000000
120990228,21,1.0000000000
120990229,20,1.0000000000
120990230,20,1.0000000000
120990232,20,1.0000000000
120990233,21,1.0000000000
120990234,20,1.0000000000
120990235,20,1.0000000000
120990236,20,1.0000000000
120990237,20,1.0000000000
120990238,20,1.0000000000
120990239,20,1.0000000000
120990240,20,0.9766718052
120990240,22,0.0233281948
120990241,20,0.9903445746
120990241,22,0.0096554254
120990242,20,0.5750000000
120990242,22,0.4250000000
120990243,22,1.0000000000
120990244,22,1.0000000000
120990245,22,1.0000000000
120990246,22,1.0000000000
120990247,22,1.0000000000
120990248,22,1.0000000000
120990249,22,1.0000000000
120990250,22,1.0000000000
120990251,22,1.0000000000
120990252,22,1.0000000000
120990254,22,1.0000000000
120990255,22,1.0000000000
120990256,22,1.0000000000
120990257,22,1.0000000000
120990258,22,1.0000000000
120990259,22,1.0000000000
120990260,22,1.0000000000
120990261,22,1.0000000000
120990262,22,1.0000000000
120990263,22,1.0000000000
120990264,22,1.0000000000
120990265,22,1.0000000000
120990266,22,1.0000000000
120990267,22,1.0000000000
120990268,22,1.0000000000
120990269,22,1.0000000000
120990270,22,1.0000000000
120990271,22,1.0000000000
120990272,22,1.0000000000
120990273,22,1.0000000000
120990274,22,1.0000000000
120990275,22,1.0000000000
120990276,22,1.0000000000
120990277,22,1.0000000000
120990278,22,1.0000000000
120990279,22,1.0000000000
120990280,22,1.0000000000
120990281,22,1.0000000000
120990282,22,1.0000000000
120990283,22,1.0000000000
120990284,22,1.0000000000
120990285,22,1.0000000000
120990286,22,1.0000000000
120990287,22,1.0000000000
120990288,22,1.0000000000
120990289,22,1.0000000000
120990290,22,1.0000000000
120990291,22,1.0000000000
120990292,22,1.0000000000
120990293,22,1.0000000000
120990294,22,1.0000000000
120990295,22,1.0000000000
120990296,22,1.0000000000
120990297,22,1.0000000000
120990298,22,1.0000000000
120990299,22,1.0000000000
120990300,22,1.0000000000
120990301,22,1.0000000000
120990302,22,1.0000000000
120990303,20,0.8125000000
120990303,21,0.1875000000
120990304,22,1.0000000000
120990305,22,1.0000000000
120990307,22,1.0000000000
120990308,22,1.0000000000
120990309,22,1.0000000000
120990310,22,1.0000000000
120990311,22,1.0000000000
120990312,22,1.0000000000
120990313,22,1.0000000000
120990314,22,1.0000000000
120990315,22,1.0000000000
120990316,22,1.0000000000
120990317,22,1.0000000000
120990318,22,1.0000000000
120990319,22,1.0000000000
120990320,22,1.0000000000
120990321,22,1.0000000000
120990322,22,1.0000000000
120990323,22,1.0000000000
120990324,22,1.0000000000
120990325,22,1.0000000000
120990326,22,1.0000000000
120990327,22,1.0000000000
120990328,22,1.0000000000
120990329,22,1.0000000000
120990330,22,1.0000000000
120990331,22,1.0000000000
120990332,22,1.0000000000
120990333,22,1.0000000000
120990334,22,1.0000000000
120990335,22,1.0000000000
120990336,22,1.0000000000
120990337,22,1.0000000000
120990338,22,1.0000000000
120990339,22,1.0000000000
120990340,22,1.0000000000
120990341,22,1.0000000000
120990342,22,1.0000000000
120990343,22,1.0000000000
120990344,22,1.0000000000
120990345,22,1.0000000000
120990346,22,1.0000000000
120990347,22,1.0000000000
120990348,22,1.0000000000
120990349,22,1.0000000000
120990350,22,1.0000000000
120990351,22,1.0000000000
120990352,20,0.0201233654
120990352,22,0.9798766346
120990353,22,1.0000000000
120990354,22,1.0000000000
120990355,22,1.0000000000
120990356,22,1.0000000000
120990357,22,1.0000000000
120990358,22,1.0000000000
120990359,22,1.0000000000
120990360,22,1.0000000000
120990361,22,1.0000000000
120990362,22,1.0000000000
120990363,22,1.0000000000
120990364,22,1.0000000000
120990365,22,1.0000000000
120990366,22,1.0000000000
120990367,22,1.0000000000
120990368,22,1.0000000000
120990369,22,1.0000000000
120990370,22,1.0000000000
120990371,22,1.0000000000
120990372,22,1.0000000000
120990373,22,1.0000000000
120990374,22,1.0000000000
120990375,22,1.0000000000
120990376,22,1.0000000000
120990377,22,1.0000000000
120990378,22,1.0000000000
120990379,22,1.0000000000
120990380,22,1.0000000000
120990381,22,1.0000000000
120990382,22,1.0000000000
120990383,22,1.0000000000
120990384,22,1.0000000000
120990385,22,1.0000000000
120990386,22,1.0000000000
120990387,22,1.0000000000
120990388,22,1.0000000000
120990389,22,1.0000000000
120990390,22,1.0000000000
120990391,22,1.0000000000
120990392,22,1.0000000000
120990393,22,1.0000000000
120990394,22,1.0000000000
120990395,22,1.0000000000
120990396,22,1.0000000000
120990397,22,1.0000000000
120990398,22,1.0000000000
120990399,22,1.0000000000
120990400,22,1.0000000000
120990401,22,1.0000000000
120990402,22,1.0000000000
120990403,22,1.0000000000
120990404,22,1.0000000000
120990405,22,1.0000000000
120990406,22,1.0000000000
120990407,22,1.0000000000
120990408,22,1.0000000000
120990409,22,1.0000000000
120990410,22,1.0000000000
120990411,22,1.0000000000
120990412,22,1.0000000000
120990413,22,1.0000000000
120990414,22,1.0000000000
120990415,22,1.0000000000
120990416,22,1.0000000000
120990417,22,1.0000000000
120990418,22,1.0000000000
120990419,22,1.0000000000
120990420,22,1.0000000000
120990421,22,1.0000000000
120990422,22,1.0000000000
120990423,22,1.0000000000
120990424,22,1.0000000000
120990425,22,1.0000000000
120990426,22,1.0000000000
120990427,22,1.0000000000
120990428,22,1.0000000000
120990429,22,1.0000000000
120990430,22,1.0000000000
120990431,22,1.0000000000
120990432,22,1.0000000000
120990433,22,1.0000000000
120990434,22,1.0000000000
120990435,22,1.0000000000
120990436,22,1.0000000000
120990437,22,1.0000000000
120990438,22,1.0000000000
120990439,22,1.0000000000
120990440,22,1.0000000000
120990441,22,1.0000000000
120990442,22,1.0000000000
120990443,22,1.0000000000
120990444,22,1.0000000000
120990445,22,1.0000000000
120990446,22,1.0000000000
120990447,22,1.0000000000
120990448,22,0.9996201437
120990448,23,0.0003798563
120990449,22,0.9583333333
120990449,23,0.0416666667
120990450,22,1.0000000000
120990451,22,1.0000000000
120990452,23,1.0000000000
120990453,22,1.0000000000
120990454,22,1.0000000000
120990455,22,0.9629629630
120990455,23,0.0370370370
120990456,23,1.0000000000
120990457,23,1.0000000000
120990458,23,1.0000000000
120990459,23,1.0000000000
120990460,23,1.0000000000
120990461,23,1.0000000000
120990462,23,1.0000000000
120990463,23,1.0000000000
120990464,23,1.0000000000
120990465,23,1.0000000000
120990466,22,0.0454545455
120990466,23,0.9545454545
120990467,22,0.1111111111
120990467,23,0.8888888889
120990468,23,1.0000000000
120990469,23,1.0000000000
120990470,23,1.0000000000
120990471,23,1.0000000000
120990472,23,1.0000000000
120990473,23,1.0000000000
120990474,23,1.0000000000
120990475,23,1.0000000000
120990476,23,1.0000000000
120990477,23,1.0000000000
120990478,23,1.0000000000
120990479,23,1.0000000000
120990480,23,1.0000000000
120990481,23,1.0000000000
120990482,23,1.0000000000
120990483,23,1.0000000000
120990484,23,1.0000000000
120990485,23,1.0000000000
120990486,23,1.0000000000
120990487,23,1.0000000000
120990488,23,1.0000000000
120990489,23,1.0000000000
120990490,23,1.0000000000
120990491,23,1.0000000000
120990492,23,1.0000000000
120990493,23,1.0000000000
120990494,23,1.0000000000
120990495,23,1.0000000000
120990496,23,1.0000000000
120990497,23,1.0000000000
120990498,23,1.0000000000
120990499,23,1.0000000000
120990500,22,1.0000000000
120990501,23,1.0000000000
120990502,23,1.0000000000
120990503,23,1.0000000000
120990504,23,1.0000000000
120990505,23,1.0000000000
120990506,23,1.0000000000
120990507,23,1.0000000000
120990508,23,1.0000000000
120990509,23,1.0000000000
120990510,23,1.0000000000
120990511,22,1.0000000000
120990512,22,1.0000000000
120990513,22,1.0000000000
120990514,22,1.0000000000
120990515,22,1.0000000000
120990516,22,1.0000000000
120990517,22,1.0000000000
120990518,22,1.0000000000
120990519,22,1.0000000000
120990520,22,1.0000000000
120990521,22,1.0000000000
120990522,22,1.0000000000
120990523,22,1.0000000000
120990524,22,1.0000000000
120990525,22,1.0000000000
120990526,22,1.0000000000
120990527,22,1.0000000000
120990528,22,1.0000000000
120990529,22,1.0000000000
120990530,22,1.0000000000
120990531,22,1.0000000000
120990532,22,1.0000000000
120990533,22,1.0000000000
120990534,22,1.0000000000
120990535,22,1.0000000000
120990536,22,1.0000000000
120990537,22,1.0000000000
120990538,22,1.0000000000
120990539,22,1.0000000000
120990540,22,1.0000000000
120990541,22,1.0000000000
120990542,22,1.0000000000
120990543,22,1.0000000000
120990544,22,1.0000000000
120990545,22,1.0000000000
120990546,22,1.0000000000
120990547,22,1.0000000000
120990548,22,1.0000000000
120990549,22,1.0000000000
120990550,22,1.0000000000
120990551,22,1.0000000000
120990552,22,1.0000000000
120990553,22,1.0000000000
120990554,22,1.0000000000
120990555,22,1.0000000000
120990556,22,1.0000000000
120990557,22,1.0000000000
120990558,22,1.0000000000
120990559,22,1.0000000000
120990560,22,1.0000000000
120990561,22,1.0000000000
120990562,22,1.0000000000
120990563,22,1.0000000000
120990564,22,1.0000000000
120990565,22,1.0000000000
120990566,22,1.0000000000
120990567,22,1.0000000000
120990568,22,1.0000000000
120990569,22,1.0000000000
120990570,22,1.0000000000
120990571,22,1.0000000000
120990572,22,1.0000000000
120990573,22,1.0000000000
120990574,22,1.0000000000
120990575,22,1.0000000000
120990576,22,1.0000000000
120990577,22,1.0000000000
120990578,22,1.0000000000
120990579,22,1.0000000000
120990580,22,1.0000000000
120990581,22,1.0000000000
120990582,22,1.0000000000
120990583,22,0.9583333333
120990583,23,0.0416666667
120990584,22,1.0000000000
120990585,22,1.0000000000
120990586,23,1.0000000000
120990587,22,1.0000000000
120990588,22,1.0000000000
120990589,22,1.0000000000
120990590,22,0.9677419355
120990590,23,0.0322580645
120990591,22,0.8750000000
120990591,23,0.1250000000
120990592,22,1.0000000000
120990593,22,0.9995833138
120990593,23,0.0004166862
120990594,22,0.0263157895
120990594,23,0.9736842105
120990595,23,1.0000000000
120990596,23,1.0000000000
120990597,23,1.0000000000
120990598,23,1.0000000000
120990599,23,1.0000000000
120990600,23,1.0000000000
120990601,23,1.0000000000
120990602,23,1.0000000000
120990603,23,1.0000000000
120990604,23,1.0000000000
120990605,23,1.0000000000
120990606,23,1.0000000000
120990607,23,1.0000000000
120990608,23,1.0000000000
120990609,23,1.0000000000
120990610,23,1.0000000000
120990611,23,1.0000000000
120990612,23,1.0000000000
120990613,23,1.0000000000
120990614,23,1.0000000000
120990615,23,1.0000000000
120990616,23,1.0000000000
120990617,23,1.0000000000
120990618,23,1.0000000000
120990619,23,1.0000000000
120990620,23,1.0000000000
120990621,23,1.0000000000
120990622,23,1.0000000000
120990623,22,1.0000000000
120990624,20,1.0000000000
120990625,20,1.0000000000
120990626,20,1.0000000000
120990627,20,1.0000000000
120990628,20,1.0000000000
120990629,20,1.0000000000
120990630,20,1.0000000000
120990631,20,1.0000000000
120990632,20,0.9428571429
120990632,21,0.0571428571
120990633,20,1.0000000000
120990634,20,1.0000000000
120990635,20,1.0000000000
120990636,20,1.0000000000
120990637,20,1.0000000000
120990638,20,1.0000000000
120990639,20,1.0000000000
120990640,20,1.0000000000
120990641,20,1.0000000000
120990642,20,1.0000000000
120990643,20,1.0000000000
120990644,20,1.0000000000
120990645,20,1.0000000000
120990646,20,1.0000000000
120990647,20,1.0000000000
120990648,20,1.0000000000
120990649,20,1.0000000000
120990650,20,1.0000000000
120990651,20,1.0000000000
120990652,21,1.0000000000
120990653,21,1.0000000000
120990654,21,1.0000000000
120990655,21,1.0000000000
120990656,21,1.0000000000
120990657,21,1.0000000000
120990658,21,1.0000000000
120990659,21,1.0000000000
120990660,21,1.0000000000
120990661,21,1.0000000000
120990662,21,1.0000000000
120990663,21,1.0000000000
120990664,21,1.0000000000
120990665,21,1.0000000000
120990666,21,1.0000000000
120990667,21,1.0000000000
120990668,21,1.0000000000
120990669,21,1.0000000000
120990670,21,1.0000000000
120990671,21,1.0000000000
120990672,20,0.2383196189
120990672,21,0.7616803811
120990673,21,1.0000000000
120990674,20,1.0000000000
120990675,20,0.6785714286
120990675,21,0.3214285714
120990676,20,0.1531526172
120990676,21,0.8468473828
120990677,20,1.0000000000
120990678,20,1.0000000000
120990679,20,1.0000000000
120990680,20,1.0000000000
120990681,20,1.0000000000
120990682,20,1.0000000000
120990683,20,1.0000000000
120990684,20,1.0000000000
120990685,20,1.0000000000
120990686,20,1.0000000000
120990687,20,1.0000000000
120990688,20,1.0000000000
120990689,20,1.0000000000
120990690,20,1.0000000000
120990691,20,1.0000000000
120990692,20,1.0000000000
120990693,20,1.0000000000
120990694,20,1.0000000000
120990695,20,1.0000000000
120990696,20,1.0000000000
120990697,20,1.0000000000
120990698,20,1.0000000000
120990699,20,1.0000000000
120990700,20,1.0000000000
120990701,20,0.9622649223
120990701,22,0.0377350777
120990702,20,1.0000000000
120990704,20,1.0000000000
120990705,20,1.0000000000
120990706,20,1.0000000000
120990707,20,1.0000000000
120990708,20,1.0000000000
120990709,22,1.0000000000
120990710,22,1.0000000000
120990711,20,0.5000000000
120990711,22,0.5000000000
120990712,22,1.0000000000
120990713,22,1.0000000000
120990714,22,1.0000000000
120990715,22,1.0000000000
120990716,22,1.0000000000
120990717,22,1.0000000000
120990718,22,1.0000000000
120990719,22,1.0000000000
120990720,22,1.0000000000
120990721,22,1.0000000000
120990722,22,1.0000000000
120990723,22,1.0000000000
120990724,22,1.0000000000
120990725,20,0.8232195203
120990725,22,0.1767804797
120990726,22,1.0000000000
120990727,20,1.0000000000
120990728,20,0.3333333333
120990728,22,0.6666666667
120990729,20,0.0013049676
120990729,22,0.9986950324
120990730,22,1.0000000000
120990731,22,1.0000000000
120990732,20,0.0482601964
120990732,22,0.9517398036
120990733,20,0.3209497538
120990733,22,0.6790502462
120990734,22,1.0000000000
120990735,22,1.0000000000
120990736,22,1.0000000000
120990737,22,1.0000000000
120990738,22,1.0000000000
120990739,22,1.0000000000
120990740,22,1.0000000000
120990741,22,1.0000000000
120990742,22,1.0000000000
120990743,22,1.0000000000
120990744,22,1.0000000000
120990745,22,1.0000000000
120990746,22,1.0000000000
120990747,22,1.0000000000
120990748,22,1.0000000000
120990749,22,1.0000000000
120990750,22,1.0000000000
120990751,22,1.0000000000
120990752,22,1.0000000000
120990753,22,1.0000000000
120990754,22,1.0000000000
120990755,21,1.0000000000
120990756,21,1.0000000000
120990757,20,1.0000000000
120990758,20,1.0000000000
120990759,20,1.0000000000
120990760,20,1.0000000000
120990761,20,1.0000000000
120990762,20,1.0000000000
120990763,20,1.0000000000
120990764,20,1.0000000000
120990765,20,0.1428571429
120990765,21,0.8571428571
120990766,21,1.0000000000
120990767,20,1.0000000000
120990768,20,1.0000000000
120990769,20,1.0000000000
120990770,20,1.0000000000
120990771,20,0.9465880043
120990771,21,0.0485756534
120990771,22,0.0048363423
120990772,20,1.0000000000
120990773,20,1.0000000000
120990774,20,0.9750000000
120990774,21,0.0250000000
120990775,20,1.0000000000
120990776,20,1.0000000000
120990777,20,1.0000000000
120990778,20,1.0000000000
120990779,20,0.9083972698
120990779,22,0.0916027302
120990780,20,1.0000000000
120990781,20,1.0000000000
120990782,20,1.0000000000
120990783,20,0.9852941176
120990783,22,0.0147058824
120990784,22,1.0000000000
120990785,20,1.0000000000
120990786,20,1.0000000000
120990787,22,1.0000000000
120990788,20,0.9767441860
120990788,22,0.0232558140
120990789,20,1.0000000000
120990790,20,1.0000000000
120990791,20,0.8888888889
120990791,22,0.1111111111
120990792,20,0.9000000000
120990792,21,0.1000000000
120990793,20,0.0208333333
120990793,22,0.9791666667
120990794,22,1.0000000000
120990795,22,1.0000000000
120990796,20,0.0869565217
120990796,22,0.9130434783
120990797,22,1.0000000000
120990798,22,1.0000000000
120990799,22,1.0000000000
120990800,22,1.0000000000
120990801,22,1.0000000000
120990802,22,1.0000000000
120990803,22,1.0000000000
120990804,22,1.0000000000
120990805,22,1.0000000000
120990806,22,1.0000000000
120990807,22,1.0000000000
120990808,22,1.0000000000
120990809,22,1.0000000000
120990810,22,1.0000000000
120990811,22,1.0000000000
120990813,22,1.0000000000
120990814,22,1.0000000000
120990815,22,1.0000000000
120990816,22,1.0000000000
120990817,22,1.0000000000
120990818,22,1.0000000000
120990819,22,1.0000000000
120990820,22,1.0000000000
120990821,22,1.0000000000
120990822,22,1.0000000000
120990823,22,1.0000000000
120990824,22,1.0000000000
120990825,22,1.0000000000
120990826,22,1.0000000000
120990827,22,1.0000000000
120990828,22,1.0000000000
120990829,22,1.0000000000
120990830,22,1.0000000000
120990831,22,1.0000000000
120990832,22,1.0000000000
120990833,21,0.3809523810
120990833,22,0.4642857143
120990833,23,0.1547619048
120990834,20,1.0000000000
120990836,20,1.0000000000
120990837,20,1.0000000000
120990838,20,1.0000000000
120990839,20,0.2000000000
120990839,21,0.8000000000
120990840,21,1.0000000000
120990841,21,1.0000000000
120990842,20,0.8284354539
120990842,22,0.1239454985
120990842,23,0.0476190476
120990843,21,1.0000000000
120990844,20,1.0000000000
120990845,21,1.0000000000
120990846,21,1.0000000000
120990847,21,1.0000000000
120990848,20,0.1666666667
120990848,21,0.8333333333
120990849,22,1.0000000000
120990850,20,0.0995225175
120990850,21,0.9004774825
120990851,20,0.9714847109
120990851,22,0.0285152891
121010001,12,1.0000000000
121010002,12,1.0000000000
121010003,12,1.0000000000
121010004,12,1.0000000000
121010005,12,0.0689655172
121010005,15,0.9310344828
121010006,15,1.0000000000
121010007,15,1.0000000000
121010008,15,1.0000000000
121010009,15,1.0000000000
121010010,12,0.8974324009
121010010,15,0.1025675991
121010011,12,1.0000000000
121010012,12,1.0000000000
121010013,12,1.0000000000
121010014,12,1.0000000000
121010015,12,1.0000000000
121010016,12,1.0000000000
121010017,12,1.0000000000
121010018,12,0.9600000000
121010018,15,0.0400000000
121010019,12,1.0000000000
121010020,15,1.0000000000
121010021,15,1.0000000000
121010022,15,1.0000000000
121010023,15,1.0000000000
121010024,12,1.0000000000
121010025,12,0.9746835443
121010025,15,0.0253164557
121010026,12,1.0000000000
121010027,12,1.0000000000
121010028,12,1.0000000000
121010029,12,1.0000000000
121010030,12,1.0000000000
121010031,15,1.0000000000
121010032,15,1.0000000000
121010033,15,1.0000000000
121010034,15,1.0000000000
121010035,15,1.0000000000
121010036,15,1.0000000000
121010037,12,1.0000000000
121010038,12,1.0000000000
121010039,12,1.0000000000
121010040,12,1.0000000000
121010041,12,1.0000000000
121010042,12,1.0000000000
121010043,12,1.0000000000
121010044,12,1.0000000000
121010045,12,1.0000000000
121010046,12,1.0000000000
121010047,12,1.0000000000
121010048,12,1.0000000000
121010049,12,1.0000000000
121010050,12,1.0000000000
121010051,12,1.0000000000
121010052,12,1.0000000000
121010053,12,1.0000000000
121010054,12,1.0000000000
121010055,12,1.0000000000
121010056,12,1.0000000000
121010057,12,1.0000000000
121010058,12,1.0000000000
121010059,12,1.0000000000
121010060,12,1.0000000000
121010061,12,1.0000000000
121010062,12,1.0000000000
121010063,12,1.0000000000
121010064,12,1.0000000000
121010065,12,1.0000000000
121010066,12,1.0000000000
121010067,12,0.0540540541
121010067,15,0.9459459459
121010068,15,1.0000000000
121010069,12,1.0000000000
121010070,12,0.8695639509
121010070,15,0.1304360491
121010071,12,1.0000000000
121010072,12,1.0000000000
121010073,12,1.0000000000
121010074,12,1.0000000000
121010075,12,1.0000000000
121010076,12,1.0000000000
121010077,12,1.0000000000
121010078,12,1.0000000000
121010079,12,1.0000000000
121010080,12,1.0000000000
121010081,12,1.0000000000
121010082,12,1.0000000000
121010083,12,1.0000000000
121010084,12,1.0000000000
121010085,12,1.0000000000
121010086,12,1.0000000000
121010087,12,1.0000000000
121010088,12,1.0000000000
121010089,12,1.0000000000
121010090,12,1.0000000000
121010091,12,1.0000000000
121010092,12,1.0000000000
121010093,12,1.0000000000
121010094,12,1.0000000000
121010095,12,1.0000000000
121010096,12,1.0000000000
121010097,12,1.0000000000
121010098,12,1.0000000000
121010099,12,1.0000000000
121010100,12,1.0000000000
121010101,12,1.0000000000
121010102,12,1.0000000000
121010103,12,1.0000000000
121010104,12,1.0000000000
121010105,12,1.0000000000
121010106,12,1.0000000000
121010107,12,0.6132169411
121010107,15,0.3867830589
121010108,12,1.0000000000
121010109,12,1.0000000000
121010110,12,1.0000000000
121010111,15,1.0000000000
121010112,12,1.0000000000
121010113,12,1.0000000000
121010114,12,1.0000000000
121010115,12,1.0000000000
121010116,12,1.0000000000
121010117,12,1.0000000000
121010118,12,1.0000000000
121010119,12,1.0000000000
121010120,12,1.0000000000
121010121,15,1.0000000000
121010122,12,1.0000000000
121010123,12,1.0000000000
121010124,12,1.0000000000
121010125,12,1.0000000000
121010126,12,1.0000000000
121010127,12,1.0000000000
121010128,12,1.0000000000
121010129,12,1.0000000000
121010130,12,1.0000000000
121010131,12,1.0000000000
121010132,12,1.0000000000
121010133,12,1.0000000000
121010134,12,1.0000000000
121010135,12,1.0000000000
121010136,12,1.0000000000
121010137,15,1.0000000000
121010138,15,1.0000000000
121010139,15,1.0000000000
121010140,15,1.0000000000
121010141,15,1.0000000000
121010142,15,1.0000000000
121010143,15,1.0000000000
121010144,15,1.0000000000
121010145,15,1.0000000000
121010146,15,1.0000000000
121010147,12,1.0000000000
121010148,12,1.0000000000
121010149,15,1.0000000000
121010150,12,1.0000000000
121010151,12,1.0000000000
121010152,12,1.0000000000
121010153,12,1.0000000000
121010154,12,1.0000000000
121010155,12,1.0000000000
121010156,12,1.0000000000
121010157,12,1.0000000000
121010158,12,1.0000000000
121010159,12,1.0000000000
121010160,12,1.0000000000
121010161,12,1.0000000000
121010162,12,1.0000000000
121010163,12,1.0000000000
121010164,12,1.0000000000
121010165,12,1.0000000000
121010166,12,1.0000000000
121010167,12,1.0000000000
121010168,12,1.0000000000
121010169,12,1.0000000000
121010170,12,0.4827586207
121010170,15,0.5172413793
121010171,12,1.0000000000
121010172,15,1.0000000000
121010173,15,1.0000000000
121010174,15,1.0000000000
121010175,15,1.0000000000
121010176,15,1.0000000000
121010177,15,1.0000000000
121010178,15,1.0000000000
121010179,12,1.0000000000
121010180,12,1.0000000000
121010181,12,1.0000000000
121010182,15,1.0000000000
121010183,12,1.0000000000
121010184,12,1.0000000000
121010185,12,1.0000000000
121010186,12,1.0000000000
121010187,12,1.0000000000
121010188,12,1.0000000000
121010189,12,1.0000000000
121010190,12,1.0000000000
121010191,12,0.0263157895
121010191,15,0.9736842105
121010192,12,1.0000000000
121010193,12,1.0000000000
121010194,12,1.0000000000
121010195,12,1.0000000000
121010196,15,1.0000000000
121010197,12,1.0000000000
121010198,15,1.0000000000
121010199,12,1.0000000000
121010200,12,1.0000000000
121010201,12,1.0000000000
121010202,12,1.0000000000
121010203,12,0.0024370784
121010203,15,0.9975629216
121010204,12,0.0476938123
121010204,15,0.9523061877
121010205,12,1.0000000000
121010206,12,1.0000000000
121010207,15,1.0000000000
121010208,15,1.0000000000
121010209,15,1.0000000000
121010210,12,1.0000000000
121010211,12,1.0000000000
121010212,15,1.0000000000
121010213,12,1.0000000000
121010214,12,1.0000000000
121010215,15,1.0000000000
121010216,12,1.0000000000
121010217,12,1.0000000000
121010218,12,1.0000000000
121010219,12,1.0000000000
121010222,12,1.0000000000
121010223,12,1.0000000000
121010224,12,1.0000000000
121010225,12,1.0000000000
121010226,15,1.0000000000
121010227,15,1.0000000000
121030001,14,0.9918648019
121030001,16,0.0081351981
121030002,14,1.0000000000
121030003,14,1.0000000000
121030004,14,1.0000000000
121030005,14,1.0000000000
121030006,13,0.0102706475
121030006,14,0.9897293525
121030007,14,1.0000000000
121030008,14,1.0000000000
121030009,14,1.0000000000
121030010,14,1.0000000000
121030011,14,1.0000000000
121030012,14,1.0000000000
121030013,14,1.0000000000
121030014,14,1.0000000000
121030015,14,1.0000000000
121030016,14,1.0000000000
121030017,14,1.0000000000
121030018,14,1.0000000000
121030019,14,1.0000000000
121030020,13,0.6153846154
121030020,14,0.3846153846
121030021,14,1.0000000000
121030022,14,1.0000000000
121030023,14,1.0000000000
121030024,14,1.0000000000
121030025,14,1.0000000000
121030026,14,1.0000000000
121030027,14,1.0000000000
121030028,14,1.0000000000
121030029,14,1.0000000000
121030030,14,1.0000000000
121030031,14,1.0000000000
121030032,14,1.0000000000
121030033,14,1.0000000000
121030034,14,1.0000000000
121030035,14,1.0000000000
121030036,14,1.0000000000
121030037,14,1.0000000000
121030038,14,1.0000000000
121030039,14,1.0000000000
121030040,14,1.0000000000
121030041,14,1.0000000000
121030042,14,1.0000000000
121030043,14,1.0000000000
121030044,14,1.0000000000
121030045,14,1.0000000000
121030046,14,1.0000000000
121030047,14,1.0000000000
121030048,14,1.0000000000
121030049,14,1.0000000000
121030050,14,1.0000000000
121030051,14,1.0000000000
121030052,14,1.0000000000
121030053,14,1.0000000000
121030054,14,1.0000000000
121030055,14,1.0000000000
121030056,14,1.0000000000
121030057,14,1.0000000000
121030058,14,1.0000000000
121030059,14,1.0000000000
121030060,13,0.0232558140
121030060,14,0.9767441860
121030061,13,0.5454748597
121030061,14,0.4545251403
121030062,14,1.0000000000
121030063,14,1.0000000000
121030064,14,1.0000000000
121030065,14,1.0000000000
121030066,14,1.0000000000
121030067,14,1.0000000000
121030068,13,0.0709479988
121030068,14,0.9290520012
121030069,14,1.0000000000
121030070,13,0.0689010012
121030070,14,0.9310989988
121030071,14,1.0000000000
121030072,13,0.2776056269
121030072,14,0.7223943731
121030073,13,1.0000000000
121030074,13,1.0000000000
121030075,13,1.0000000000
121030076,14,1.0000000000
121030077,14,1.0000000000
121030078,13,1.0000000000
121030079,13,0.9670424259
121030079,14,0.0218485017
121030079,16,0.0111090724
121030080,13,1.0000000000
121030081,13,0.7619047619
121030081,14,0.2380952381
121030082,13,0.8333333333
121030082,14,0.1666666667
121030083,13,1.0000000000
121030084,13,1.0000000000
121030085,13,1.0000000000
121030086,13,1.0000000000
121030087,13,1.0000000000
121030088,13,1.0000000000
121030089,13,1.0000000000
121030090,13,1.0000000000
121030091,13,1.0000000000
121030092,13,1.0000000000
121030093,13,1.0000000000
121030094,13,1.0000000000
121030095,13,1.0000000000
121030096,13,1.0000000000
121030097,13,1.0000000000
121030098,13,1.0000000000
121030099,13,1.0000000000
121030100,13,1.0000000000
121030101,13,1.0000000000
121030102,13,1.0000000000
121030103,13,1.0000000000
121030104,13,1.0000000000
121030105,13,1.0000000000
121030106,13,1.0000000000
121030107,13,1.0000000000
121030108,13,1.0000000000
121030109,13,1.0000000000
121030110,13,1.0000000000
121030111,13,1.0000000000
121030112,13,1.0000000000
121030113,13,1.0000000000
121030114,13,1.0000000000
121030115,13,1.0000000000
121030116,13,1.0000000000
121030117,13,1.0000000000
121030118,13,1.0000000000
121030119,13,1.0000000000
121030120,13,1.0000000000
121030121,13,1.0000000000
121030122,13,1.0000000000
121030123,13,1.0000000000
121030124,13,1.0000000000
121030125,13,1.0000000000
121030126,13,1.0000000000
121030127,13,1.0000000000
121030128,13,1.0000000000
121030129,13,1.0000000000
121030130,13,1.0000000000
121030131,13,1.0000000000
121030132,13,1.0000000000
121030133,13,1.0000000000
121030134,13,1.0000000000
121030135,13,1.0000000000
121030136,13,1.0000000000
121030137,13,1.0000000000
121030138,13,1.0000000000
121030139,13,1.0000000000
121030140,13,1.0000000000
121030141,13,1.0000000000
121030142,13,1.0000000000
121030143,13,1.0000000000
121030144,13,1.0000000000
121030145,13,1.0000000000
121030146,13,1.0000000000
121030147,13,1.0000000000
121030148,13,1.0000000000
121030149,13,1.0000000000
121030150,13,1.0000000000
121030151,13,1.0000000000
121030152,13,1.0000000000
121030153,13,1.0000000000
121030154,13,1.0000000000
121030155,13,1.0000000000
121030156,13,1.0000000000
121030157,13,1.0000000000
121030158,13,1.0000000000
121030159,13,1.0000000000
121030160,13,1.0000000000
121030161,13,1.0000000000
121030162,13,1.0000000000
121030163,13,1.0000000000
121030164,13,1.0000000000
121030165,13,1.0000000000
121030166,13,1.0000000000
121030167,13,1.0000000000
121030168,13,1.0000000000
121030169,13,1.0000000000
121030170,13,1.0000000000
121030171,13,1.0000000000
121030172,13,1.0000000000
121030173,13,1.0000000000
121030174,13,1.0000000000
121030175,13,1.0000000000
121030176,13,1.0000000000
121030177,13,1.0000000000
121030178,13,1.0000000000
121030179,13,1.0000000000
121030180,13,1.0000000000
121030181,13,1.0000000000
121030182,13,1.0000000000
121030183,13,1.0000000000
121030184,13,1.0000000000
121030185,13,1.0000000000
121030186,13,1.0000000000
121030187,13,1.0000000000
121030188,13,1.0000000000
121030189,13,1.0000000000
121030190,13,1.0000000000
121030191,13,1.0000000000
121030192,13,1.0000000000
121030193,13,1.0000000000
121030194,13,1.0000000000
121030195,13,1.0000000000
121030196,13,1.0000000000
121030197,13,1.0000000000
121030198,13,1.0000000000
121030199,13,1.0000000000
121030200,13,1.0000000000
121030201,13,1.0000000000
121030202,13,1.0000000000
121030203,13,1.0000000000
121030204,13,1.0000000000
121030205,13,1.0000000000
121030206,13,1.0000000000
121030207,13,1.0000000000
121030208,13,1.0000000000
121030209,13,1.0000000000
121030210,13,1.0000000000
121030211,13,1.0000000000
121030212,13,1.0000000000
121030213,13,1.0000000000
121030214,13,1.0000000000
121030215,13,1.0000000000
121030216,13,1.0000000000
121030217,13,1.0000000000
121030218,13,1.0000000000
121030219,13,1.0000000000
121030220,13,1.0000000000
121030221,13,1.0000000000
121030222,13,1.0000000000
121030223,13,1.0000000000
121030224,13,1.0000000000
121030225,13,1.0000000000
121030226,13,1.0000000000
121030227,13,1.0000000000
121030228,13,1.0000000000
121030229,13,1.0000000000
121030230,13,1.0000000000
121030231,13,1.0000000000
121030232,13,1.0000000000
121030233,13,1.0000000000
121030234,13,1.0000000000
121030235,13,1.0000000000
121030236,13,1.0000000000
121030237,13,1.0000000000
121030238,13,1.0000000000
121030239,13,1.0000000000
121030240,13,1.0000000000
121030241,13,1.0000000000
121030242,13,1.0000000000
121030243,13,1.0000000000
121030244,13,1.0000000000
121030245,13,1.0000000000
121030246,13,1.0000000000
121030247,13,1.0000000000
121030248,13,1.0000000000
121030249,13,1.0000000000
121030250,13,1.0000000000
121030251,13,1.0000000000
121030252,13,1.0000000000
121030253,13,1.0000000000
121030254,13,1.0000000000
121030255,13,1.0000000000
121030256,13,1.0000000000
121030257,13,1.0000000000
121030258,13,1.0000000000
121030259,13,1.0000000000
121030260,13,1.0000000000
121030261,13,1.0000000000
121030262,13,1.0000000000
121030263,13,1.0000000000
121030264,13,1.0000000000
121030265,13,1.0000000000
121030266,13,1.0000000000
121030267,13,1.0000000000
121030268,13,1.0000000000
121030269,13,1.0000000000
121030270,13,1.0000000000
121030271,13,1.0000000000
121030272,13,1.0000000000
121030273,13,1.0000000000
121030274,13,1.0000000000
121030275,13,1.0000000000
121030276,13,1.0000000000
121030277,13,1.0000000000
121030278,13,1.0000000000
121030279,13,1.0000000000
121030280,13,1.0000000000
121030281,13,1.0000000000
121030282,13,1.0000000000
121030283,13,1.0000000000
121030284,13,1.0000000000
121030285,13,1.0000000000
121030286,13,1.0000000000
121030287,13,1.0000000000
121030288,13,1.0000000000
121030289,13,1.0000000000
121030290,13,1.0000000000
121030291,13,1.0000000000
121030292,13,1.0000000000
121030293,13,1.0000000000
121030294,13,1.0000000000
121030295,13,1.0000000000
121030296,13,1.0000000000
121030297,13,1.0000000000
121030298,13,1.0000000000
121030299,13,1.0000000000
121030300,13,1.0000000000
121030301,13,1.0000000000
121030302,13,1.0000000000
121030303,13,1.0000000000
121030304,13,1.0000000000
121030305,13,0.4992153623
121030305,14,0.5007846377
121030306,13,1.0000000000
121030307,13,1.0000000000
121030308,13,1.0000000000
121030309,13,0.9870153320
121030309,14,0.0129846680
121030310,13,1.0000000000
121030311,13,1.0000000000
121030312,13,1.0000000000
121030313,13,1.0000000000
121030314,13,1.0000000000
121030315,13,1.0000000000
121030316,13,1.0000000000
121030317,13,1.0000000000
121030318,13,1.0000000000
121030319,13,1.0000000000
121030320,13,1.0000000000
121030321,13,1.0000000000
121030322,13,1.0000000000
121030323,13,1.0000000000
121030324,13,1.0000000000
121030325,13,1.0000000000
121030326,13,1.0000000000
121030327,13,1.0000000000
121030328,13,1.0000000000
121030329,13,1.0000000000
121030330,13,1.0000000000
121030331,13,1.0000000000
121030332,13,1.0000000000
121030333,13,1.0000000000
121030334,13,1.0000000000
121030335,13,1.0000000000
121030336,13,1.0000000000
121030337,13,1.0000000000
121030338,13,1.0000000000
121030339,13,1.0000000000
121030340,13,1.0000000000
121030341,13,1.0000000000
121030342,13,1.0000000000
121030343,13,1.0000000000
121030344,13,1.0000000000
121030345,13,1.0000000000
121030346,13,1.0000000000
121030347,13,1.0000000000
121030348,13,1.0000000000
121030349,13,1.0000000000
121030350,13,1.0000000000
121030351,13,1.0000000000
121030352,13,1.0000000000
121030353,13,1.0000000000
121030354,13,1.0000000000
121030355,13,1.0000000000
121030356,13,1.0000000000
121030357,13,1.0000000000
121030358,13,1.0000000000
121030359,13,1.0000000000
121030360,13,1.0000000000
121030361,13,1.0000000000
121030362,13,1.0000000000
121030363,13,1.0000000000
121030364,13,1.0000000000
121030365,13,1.0000000000
121030366,13,1.0000000000
121050001,11,0.4237288136
121050001,15,0.5762711864
121050002,11,1.0000000000
121050003,18,0.5275721128
121050003,9,0.4724278872
121050004,18,1.0000000000
121050005,15,1.0000000000
121050006,11,0.8306715860
121050006,18,0.1693284140
121050007,15,1.0000000000
121050008,11,0.8857142857
121050008,18,0.1142857143
121050009,11,0.8290030074
121050009,18,0.1709969926
121050010,11,0.0434782609
121050010,18,0.9565217391
121050011,15,1.0000000000
121050012,15,1.0000000000
121050013,15,0.9843750000
121050013,18,0.0156250000
121050014,18,1.0000000000
121050015,15,1.0000000000
121050016,15,1.0000000000
121050017,18,1.0000000000
121050018,15,1.0000000000
121050019,18,1.0000000000
121050020,18,1.0000000000
121050021,15,1.0000000000
121050022,18,1.0000000000
121050023,18,1.0000000000
121050024,18,1.0000000000
121050025,15,1.0000000000
121050026,15,0.4378378378
121050026,18,0.5621621622
121050027,18,1.0000000000
121050028,15,1.0000000000
121050029,15,1.0000000000
121050030,18,1.0000000000
121050031,18,1.0000000000
121050032,18,1.0000000000
121050033,18,1.0000000000
121050034,15,1.0000000000
121050035,15,1.0000000000
121050036,18,1.0000000000
121050037,18,1.0000000000
121050038,18,1.0000000000
121050039,15,1.0000000000
121050040,18,1.0000000000
121050041,18,1.0000000000
121050042,15,0.4923076923
121050042,18,0.5076923077
121050043,15,0.4772727273
121050043,18,0.5227272727
121050044,18,1.0000000000
121050045,18,1.0000000000
121050046,15,0.8971962617
121050046,18,0.1028037383
121050047,18,1.0000000000
121050048,18,1.0000000000
121050049,15,1.0000000000
121050050,18,1.0000000000
121050051,18,1.0000000000
121050052,18,1.0000000000
121050053,15,0.0576923077
121050053,18,0.9423076923
121050054,18,1.0000000000
121050055,15,0.8039215686
121050055,18,0.1960784314
121050056,15,0.1125000000
121050056,18,0.8875000000
121050057,18,1.0000000000
121050058,18,1.0000000000
121050059,18,1.0000000000
121050060,18,1.0000000000
121050061,18,1.0000000000
121050062,18,1.0000000000
121050063,11,0.0368677248
121050063,18,0.9631322752
121050064,18,1.0000000000
121050065,18,1.0000000000
121050066,18,1.0000000000
121050067,18,1.0000000000
121050068,18,1.0000000000
121050069,18,1.0000000000
121050070,18,1.0000000000
121050071,18,1.0000000000
121050072,18,1.0000000000
121050073,18,1.0000000000
121050074,18,1.0000000000
121050075,18,1.0000000000
121050076,18,1.0000000000
121050077,18,1.0000000000
121050078,18,1.0000000000
121050079,18,1.0000000000
121050080,18,1.0000000000
121050081,18,0.9813084112
121050081,9,0.0186915888
121050082,18,1.0000000000
121050083,18,1.0000000000
121050084,18,1.0000000000
121050085,18,1.0000000000
121050086,9,1.0000000000
121050087,18,1.0000000000
121050088,18,1.0000000000
121050089,18,1.0000000000
121050090,18,0.9178082192
121050090,9,0.0821917808
121050091,18,0.0386100386
121050091,9,0.9613899614
121050092,18,1.0000000000
121050093,18,1.0000000000
121050094,18,1.0000000000
121050095,18,1.0000000000
121050096,18,1.0000000000
121050097,18,1.0000000000
121050098,18,1.0000000000
121050099,18,1.0000000000
121050100,18,1.0000000000
121050101,18,1.0000000000
121050102,18,1.0000000000
121050103,18,1.0000000000
121050104,18,1.0000000000
121050105,18,1.0000000000
121050106,18,1.0000000000
121050107,18,1.0000000000
121050108,18,1.0000000000
121050109,18,1.0000000000
121050110,18,1.0000000000
121050111,18,1.0000000000
121050112,18,1.0000000000
121050113,18,1.0000000000
121050114,18,1.0000000000
121050115,18,1.0000000000
121050116,18,1.0000000000
121050118,18,1.0000000000
121050119,18,1.0000000000
121050120,18,1.0000000000
121050121,18,1.0000000000
121050122,18,1.0000000000
121050123,18,1.0000000000
121050124,18,1.0000000000
121050125,18,1.0000000000
121050126,18,1.0000000000
121050127,18,1.0000000000
121050128,18,1.0000000000
121050129,18,1.0000000000
121050130,18,1.0000000000
121050131,18,1.0000000000
121050132,18,1.0000000000
121050133,18,1.0000000000
121050134,18,1.0000000000
121050135,18,1.0000000000
121050136,9,1.0000000000
121050137,18,1.0000000000
121050138,18,1.0000000000
121050139,15,0.9332644391
121050139,18,0.0667355609
121050140,18,1.0000000000
121050141,18,1.0000000000
121050142,15,1.0000000000
121050143,11,0.5343846204
121050143,18,0.0049180328
121050143,9,0.4606973468
121050144,18,1.0000000000
121050145,18,1.0000000000
121050146,15,1.0000000000
121070001,6,1.0000000000
121070002,6,1.0000000000
121070003,6,1.0000000000
121070004,6,1.0000000000
121070005,6,1.0000000000
121070006,6,1.0000000000
121070007,6,1.0000000000
121070008,6,1.0000000000
121070009,6,1.0000000000
121070010,6,1.0000000000
121070011,6,1.0000000000
121070012,6,1.0000000000
121070013,6,1.0000000000
121070014,6,1.0000000000
121070015,6,1.0000000000
121070016,6,1.0000000000
121070017,6,1.0000000000
121070018,6,1.0000000000
121070019,6,1.0000000000
121070020,6,1.0000000000
121070021,6,1.0000000000
121070022,6,1.0000000000
121070023,6,1.0000000000
121070024,6,1.0000000000
121070025,6,1.0000000000
121070026,6,1.0000000000
121070027,6,1.0000000000
121070028,6,1.0000000000
121070029,6,1.0000000000
121070030,6,1.0000000000
121070031,6,1.0000000000
121070033,6,1.0000000000
121070034,6,1.0000000000
121070035,6,1.0000000000
121070036,6,1.0000000000
121070037,6,1.0000000000
121070038,6,1.0000000000
121070039,6,1.0000000000
121070040,6,1.0000000000
121070041,6,1.0000000000
121070042,6,1.0000000000
121070043,6,1.0000000000
121070044,6,1.0000000000
121070045,6,1.0000000000
121070046,6,1.0000000000
121070047,6,1.0000000000
121070048,6,1.0000000000
121070049,6,1.0000000000
121070050,6,1.0000000000
121070051,6,1.0000000000
121070052,6,1.0000000000
121070053,6,1.0000000000
121070054,6,1.0000000000
121070055,6,1.0000000000
121070056,6,1.0000000000
121070057,6,1.0000000000
121070058,6,1.0000000000
121070059,6,1.0000000000
121070060,6,1.0000000000
121070061,6,1.0000000000
121070062,6,1.0000000000
121070063,6,1.0000000000
121070064,6,1.0000000000
121070065,6,1.0000000000
121070067,6,1.0000000000
121070068,6,1.0000000000
121070069,6,1.0000000000
121070070,6,1.0000000000
121070071,6,1.0000000000
121070072,6,1.0000000000
121070073,6,1.0000000000
121070074,6,1.0000000000
121070075,6,1.0000000000
121070076,6,1.0000000000
121070077,6,1.0000000000
121070078,6,1.0000000000
121070079,6,1.0000000000
121070080,6,1.0000000000
121070081,6,1.0000000000
121070082,6,1.0000000000
121070083,6,1.0000000000
121070084,6,1.0000000000
121070085,6,1.0000000000
121070086,6,1.0000000000
121070087,6,1.0000000000
121070088,6,1.0000000000
121070089,6,1.0000000000
121070090,6,1.0000000000
121070091,6,1.0000000000
121070092,6,1.0000000000
121070093,6,1.0000000000
121070094,6,1.0000000000
121070095,6,1.0000000000
121070096,6,1.0000000000
121070097,6,1.0000000000
121070098,6,1.0000000000
121070099,6,1.0000000000
121070100,6,1.0000000000
121070101,6,1.0000000000
121070102,6,1.0000000000
121070103,6,1.0000000000
121070104,6,1.0000000000
121070105,6,1.0000000000
121070106,6,1.0000000000
121070107,6,1.0000000000
121070108,6,1.0000000000
121090001,5,1.0000000000
121090002,5,1.0000000000
121090003,5,1.0000000000
121090004,5,1.0000000000
121090005,5,1.0000000000
121090006,5,1.0000000000
121090007,5,1.0000000000
121090008,5,1.0000000000
121090009,5,1.0000000000
121090010,5,1.0000000000
121090011,5,1.0000000000
121090012,5,1.0000000000
121090013,5,1.0000000000
121090014,5,1.0000000000
121090015,5,1.0000000000
121090016,5,1.0000000000
121090017,5,1.0000000000
121090018,5,1.0000000000
121090019,5,1.0000000000
121090020,5,1.0000000000
121090021,5,1.0000000000
121090022,5,1.0000000000
121090023,5,1.0000000000
121090024,6,1.0000000000
121090025,6,1.0000000000
121090026,6,1.0000000000
121090027,5,1.0000000000
121090028,5,0.5003340981
121090028,6,0.4996659019
121090029,5,0.4000000000
121090029,6,0.6000000000
121090030,5,0.9375000000
121090030,6,0.0625000000
121090031,6,1.0000000000
121090032,6,1.0000000000
121090033,6,1.0000000000
121090034,6,1.0000000000
121090035,5,1.0000000000
121090036,5,1.0000000000
121090037,5,1.0000000000
121090038,5,1.0000000000
121090039,5,1.0000000000
121090040,5,1.0000000000
121090041,5,1.0000000000
121090042,5,1.0000000000
121090043,5,1.0000000000
121090044,5,1.0000000000
121090045,5,1.0000000000
121090046,5,0.6015150138
121090046,6,0.3984849862
121090047,5,0.9857142857
121090047,6,0.0142857143
121090048,6,1.0000000000
121110001,21,1.0000000000
121110002,21,1.0000000000
121110003,21,1.0000000000
121110004,21,1.0000000000
121110005,21,1.0000000000
121110006,21,1.0000000000
121110007,21,1.0000000000
121110008,21,1.0000000000
121110009,21,1.0000000000
121110010,21,1.0000000000
121110011,21,1.0000000000
121110012,21,1.0000000000
121110013,21,1.0000000000
121110014,21,1.0000000000
121110015,21,1.0000000000
121110016,21,1.0000000000
121110017,21,1.0000000000
121110018,21,1.0000000000
121110019,21,1.0000000000
121110020,21,1.0000000000
121110021,21,1.0000000000
121110022,21,1.0000000000
121110023,21,1.0000000000
121110024,21,1.0000000000
121110025,21,1.0000000000
121110026,21,1.0000000000
121110027,21,1.0000000000
121110028,21,1.0000000000
121110029,21,1.0000000000
121110030,21,1.0000000000
121110031,21,1.0000000000
121110032,21,1.0000000000
121110033,21,1.0000000000
121110034,21,1.0000000000
121110035,21,1.0000000000
121110036,21,1.0000000000
121110037,21,1.0000000000
121110038,21,1.0000000000
121110039,21,1.0000000000
121110040,21,1.0000000000
121110041,21,1.0000000000
121110042,21,1.0000000000
121110043,21,1.0000000000
121110044,21,1.0000000000
121110045,21,1.0000000000
121110046,21,1.0000000000
121110047,21,1.0000000000
121110048,21,1.0000000000
121110049,21,1.0000000000
121110050,21,1.0000000000
121110051,21,1.0000000000
121110052,21,1.0000000000
121110053,21,1.0000000000
121110054,21,1.0000000000
121110055,21,1.0000000000
121110056,21,1.0000000000
121110057,21,1.0000000000
121110058,21,1.0000000000
121110059,21,1.0000000000
121110060,21,1.0000000000
121110061,21,1.0000000000
121110062,21,1.0000000000
121110063,21,1.0000000000
121110064,21,1.0000000000
121110065,21,1.0000000000
121110066,21,1.0000000000
121110067,21,1.0000000000
121110068,21,1.0000000000
121110069,21,1.0000000000
121110070,21,1.0000000000
121110071,21,1.0000000000
121110072,21,1.0000000000
121110073,21,1.0000000000
121110074,21,1.0000000000
121110075,21,1.0000000000
121110076,21,1.0000000000
121110077,21,1.0000000000
121110078,21,1.0000000000
121110079,21,1.0000000000
121110080,21,1.0000000000
121130001,1,1.0000000000
121130002,1,1.0000000000
121130003,1,1.0000000000
121130004,1,1.0000000000
121130005,1,1.0000000000
121130006,1,1.0000000000
121130007,1,1.0000000000
121130008,1,1.0000000000
121130009,1,1.0000000000
121130010,1,1.0000000000
121130011,1,1.0000000000
121130012,1,1.0000000000
121130013,1,1.0000000000
121130014,1,1.0000000000
121130015,1,1.0000000000
121130016,1,1.0000000000
121130017,1,1.0000000000
121130018,1,1.0000000000
121130019,1,1.0000000000
121130020,1,1.0000000000
121130021,1,1.0000000000
121130022,1,1.0000000000
121130023,1,1.0000000000
121130024,1,1.0000000000
121130025,1,1.0000000000
121130026,1,1.0000000000
121130027,1,1.0000000000
121130028,1,1.0000000000
121130029,1,1.0000000000
121130030,1,1.0000000000
121130031,1,1.0000000000
121130032,1,1.0000000000
121130033,1,1.0000000000
121130034,1,1.0000000000
121130035,1,1.0000000000
121130036,1,1.0000000000
121130037,1,1.0000000000
121130038,1,1.0000000000
121130039,1,1.0000000000
121130040,1,1.0000000000
121130041,1,1.0000000000
121130042,1,1.0000000000
121150001,17,1.0000000000
121150002,17,1.0000000000
121150003,17,1.0000000000
121150004,17,1.0000000000
121150005,17,1.0000000000
121150006,17,1.0000000000
121150007,17,1.0000000000
121150008,17,1.0000000000
121150009,17,1.0000000000
121150010,16,0.0000238201
121150010,17,0.9999761799
121150011,17,1.0000000000
121150012,17,1.0000000000
121150013,17,1.0000000000
121150014,17,1.0000000000
121150015,17,1.0000000000
121150016,17,1.0000000000
121150017,17,1.0000000000
121150018,17,1.0000000000
121150019,17,1.0000000000
121150020,17,1.0000000000
121150021,17,1.0000000000
121150022,17,1.0000000000
121150023,17,1.0000000000
121150024,17,1.0000000000
121150025,17,1.0000000000
121150026,17,1.0000000000
121150027,17,1.0000000000
121150028,17,1.0000000000
121150029,17,1.0000000000
121150030,17,1.0000000000
121150031,17,1.0000000000
121150032,17,1.0000000000
121150033,17,1.0000000000
121150034,17,1.0000000000
121150035,17,1.0000000000
121150036,17,1.0000000000
121150037,17,1.0000000000
121150038,17,1.0000000000
121150039,17,1.0000000000
121150040,17,1.0000000000
121150041,17,1.0000000000
121150042,17,1.0000000000
121150043,17,1.0000000000
121150044,17,1.0000000000
121150045,17,1.0000000000
121150046,17,1.0000000000
121150047,17,1.0000000000
121150048,17,1.0000000000
121150049,17,1.0000000000
121150050,17,1.0000000000
121150051,17,1.0000000000
121150052,17,1.0000000000
121150053,17,1.0000000000
121150054,17,1.0000000000
121150055,17,1.0000000000
121150056,17,1.0000000000
121150057,17,1.0000000000
121150058,17,1.0000000000
121150059,17,1.0000000000
121150060,17,1.0000000000
121150061,17,1.0000000000
121150062,17,1.0000000000
121150063,17,1.0000000000
121150064,17,1.0000000000
121150065,17,1.0000000000
121150066,17,1.0000000000
121150067,17,1.0000000000
121150068,17,1.0000000000
121150069,17,1.0000000000
121150070,16,0.0001609620
121150070,17,0.9998390380
121150071,17,1.0000000000
121150072,17,1.0000000000
121150073,17,1.0000000000
121150074,17,1.0000000000
121150075,17,1.0000000000
121150076,17,1.0000000000
121150077,17,1.0000000000
121150078,17,1.0000000000
121150079,17,1.0000000000
121150080,17,1.0000000000
121150081,17,1.0000000000
121150082,17,1.0000000000
121150083,17,1.0000000000
121150084,17,1.0000000000
121150085,17,1.0000000000
121150086,17,1.0000000000
121150087,17,1.0000000000
121150088,17,1.0000000000
121150089,17,1.0000000000
121150090,17,1.0000000000
121150091,17,1.0000000000
121150092,17,1.0000000000
121150093,17,1.0000000000
121150094,17,1.0000000000
121150095,17,1.0000000000
121150096,17,1.0000000000
121150097,17,1.0000000000
121150098,17,1.0000000000
121150099,17,1.0000000000
121150100,17,1.0000000000
121150101,17,1.0000000000
121150102,17,1.0000000000
121150103,17,1.0000000000
121150104,17,1.0000000000
121150105,17,1.0000000000
121150106,17,1.0000000000
121150107,17,1.0000000000
121150108,17,1.0000000000
121150109,17,1.0000000000
121150110,17,1.0000000000
121170001,7,1.0000000000
121170002,7,1.0000000000
121170003,7,1.0000000000
121170004,7,1.0000000000
121170005,7,1.0000000000
121170006,7,1.0000000000
121170007,7,1.0000000000
121170008,7,1.0000000000
121170009,7,1.0000000000
121170010,7,1.0000000000
121170011,7,1.0000000000
121170012,7,1.0000000000
121170013,7,1.0000000000
121170014,7,1.0000000000
121170015,7,1.0000000000
121170016,7,1.0000000000
121170017,7,1.0000000000
121170018,7,1.0000000000
121170019,7,1.0000000000
121170020,7,1.0000000000
121170022,7,1.0000000000
121170023,7,1.0000000000
121170024,7,1.0000000000
121170025,7,1.0000000000
121170026,7,1.0000000000
121170027,7,1.0000000000
121170028,7,1.0000000000
121170029,7,1.0000000000
121170030,7,1.0000000000
121170031,7,1.0000000000
121170032,7,1.0000000000
121170033,7,1.0000000000
121170034,7,1.0000000000
121170035,7,1.0000000000
121170036,7,1.0000000000
121170037,7,1.0000000000
121170038,7,1.0000000000
121170039,7,1.0000000000
121170040,7,1.0000000000
121170041,7,1.0000000000
121170042,7,1.0000000000
121170043,7,1.0000000000
121170044,7,1.0000000000
121170045,7,1.0000000000
121170046,7,1.0000000000
121170047,7,1.0000000000
121170048,7,1.0000000000
121170049,7,1.0000000000
121170050,10,0.0191618120
121170050,7,0.9808381880
121170051,7,1.0000000000
121170052,7,1.0000000000
121170053,7,1.0000000000
121170054,7,1.0000000000
121170055,7,1.0000000000
121170056,7,1.0000000000
121170057,7,1.0000000000
121170058,7,1.0000000000
121170059,7,1.0000000000
121170060,7,1.0000000000
121170061,7,1.0000000000
121170062,7,1.0000000000
121170063,7,1.0000000000
121170064,7,1.0000000000
121170065,7,1.0000000000
121170066,7,1.0000000000
121170067,7,1.0000000000
121170068,7,1.0000000000
121170069,7,1.0000000000
121170070,7,1.0000000000
121170071,7,1.0000000000
121170072,7,1.0000000000
121170073,7,1.0000000000
121170074,7,1.0000000000
121170075,7,1.0000000000
121170076,7,1.0000000000
121170077,7,1.0000000000
121170078,7,1.0000000000
121170079,7,1.0000000000
121170080,7,1.0000000000
121170081,7,1.0000000000
121170082,7,1.0000000000
121170083,7,1.0000000000
121170084,7,1.0000000000
121170085,7,1.0000000000
121170086,7,1.0000000000
121170087,7,1.0000000000
121170088,7,1.0000000000
121170089,7,1.0000000000
121170090,7,1.0000000000
121170091,7,1.0000000000
121170092,7,1.0000000000
121170093,7,1.0000000000
121170094,7,1.0000000000
121170095,7,1.0000000000
121170096,7,1.0000000000
121170097,7,1.0000000000
121170098,7,1.0000000000
121170099,7,1.0000000000
121170100,7,1.0000000000
121170101,7,1.0000000000
121170102,7,1.0000000000
121170103,7,1.0000000000
121170104,7,1.0000000000
121170105,7,1.0000000000
121170106,7,1.0000000000
121170107,7,1.0000000000
121170108,7,1.0000000000
121170109,7,1.0000000000
121170110,7,1.0000000000
121170111,7,1.0000000000
121170112,7,1.0000000000
121170113,7,1.0000000000
121170114,7,1.0000000000
121170115,7,1.0000000000
121170116,7,1.0000000000
121170117,7,1.0000000000
121170118,7,1.0000000000
121170119,7,1.0000000000
121170120,7,1.0000000000
121170121,7,1.0000000000
121170122,7,1.0000000000
121170123,7,1.0000000000
121170124,7,1.0000000000
121170125,7,1.0000000000
121170126,7,1.0000000000
121170127,7,1.0000000000
121170128,7,1.0000000000
121170129,7,1.0000000000
121170130,7,1.0000000000
121170131,7,1.0000000000
121170132,7,1.0000000000
121170133,7,1.0000000000
121170134,7,1.0000000000
121170135,7,1.0000000000
121170136,7,1.0000000000
121170137,7,1.0000000000
121170138,7,1.0000000000
121170139,7,1.0000000000
121170140,7,1.0000000000
121170141,7,1.0000000000
121170142,7,1.0000000000
121170143,7,1.0000000000
121170144,7,1.0000000000
121170145,7,1.0000000000
121170146,7,1.0000000000
121170147,7,1.0000000000
121170148,7,1.0000000000
121170149,7,1.0000000000
121170150,7,1.0000000000
121170151,7,1.0000000000
121170152,7,1.0000000000
121170153,7,1.0000000000
121170154,7,1.0000000000
121170155,7,1.0000000000
121170156,7,1.0000000000
121170157,7,1.0000000000
121170158,7,1.0000000000
121170159,7,1.0000000000
121170160,7,1.0000000000
121170161,7,1.0000000000
121170162,7,1.0000000000
121170163,7,1.0000000000
121170164,7,1.0000000000
121170165,7,1.0000000000
121170166,7,1.0000000000
121170167,7,1.0000000000
121170168,7,1.0000000000
121170169,7,1.0000000000
121170170,7,1.0000000000
121170171,7,1.0000000000
121170172,7,1.0000000000
121170173,7,1.0000000000
121170174,7,1.0000000000
121170175,7,1.0000000000
121170176,7,1.0000000000
121170177,7,1.0000000000
121170178,7,1.0000000000
121170179,7,1.0000000000
121170180,7,1.0000000000
121170181,7,1.0000000000
121170182,7,1.0000000000
121170183,7,1.0000000000
121170184,7,1.0000000000
121170185,7,1.0000000000
121170186,7,1.0000000000
121170187,7,1.0000000000
121170188,7,1.0000000000
121170189,7,1.0000000000
121170190,7,1.0000000000
121170191,7,1.0000000000
121170192,7,1.0000000000
121170193,7,1.0000000000
121170194,7,1.0000000000
121170195,7,1.0000000000
121170196,7,1.0000000000
121170197,7,1.0000000000
121170198,7,1.0000000000
121170199,7,1.0000000000
121170200,7,1.0000000000
121170201,7,1.0000000000
121170202,7,1.0000000000
121170203,7,1.0000000000
121170204,7,1.0000000000
121170205,7,1.0000000000
121170206,7,1.0000000000
121170207,7,1.0000000000
121170208,7,1.0000000000
121170209,7,1.0000000000
121170210,7,1.0000000000
121170211,7,1.0000000000
121170212,7,1.0000000000
121170213,7,1.0000000000
121170214,7,1.0000000000
121170215,7,1.0000000000
121170216,7,1.0000000000
121170217,7,1.0000000000
121170218,7,1.0000000000
121170219,7,1.0000000000
121170220,7,1.0000000000
121170221,7,1.0000000000
121170222,7,1.0000000000
121170223,7,1.0000000000
121170224,7,1.0000000000
121170225,7,1.0000000000
121170226,7,1.0000000000
121170227,7,1.0000000000
121170228,7,1.0000000000
121170229,7,1.0000000000
121170230,7,1.0000000000
121170231,7,1.0000000000
121170232,7,1.0000000000
121170233,7,1.0000000000
121170234,7,1.0000000000
121170235,7,1.0000000000
121170236,7,1.0000000000
121170237,7,1.0000000000
121170238,7,1.0000000000
121170239,7,1.0000000000
121170240,7,1.0000000000
121170241,7,1.0000000000
121170242,7,1.0000000000
121170243,7,1.0000000000
121170244,7,1.0000000000
121170245,7,1.0000000000
121170246,7,1.0000000000
121170247,7,1.0000000000
121170248,7,1.0000000000
121170249,7,1.0000000000
121170250,7,1.0000000000
121170251,7,1.0000000000
121170252,7,1.0000000000
121170253,7,1.0000000000
121170254,7,1.0000000000
121170255,7,1.0000000000
121170256,7,1.0000000000
121170257,7,1.0000000000
121170258,7,1.0000000000
121170259,7,1.0000000000
121170260,7,1.0000000000
121170261,7,1.0000000000
121170262,7,1.0000000000
121170263,7,1.0000000000
121170264,7,1.0000000000
121170265,7,1.0000000000
121170266,7,1.0000000000
121170267,7,1.0000000000
121170268,7,1.0000000000
121170269,7,1.0000000000
121170270,7,1.0000000000
121170271,7,1.0000000000
121170272,7,1.0000000000
121170273,7,1.0000000000
121170274,7,1.0000000000
121170275,7,1.0000000000
121170276,7,1.0000000000
121170277,7,1.0000000000
121170278,7,1.0000000000
121170279,7,1.0000000000
121170280,7,1.0000000000
121170281,7,1.0000000000
121170282,7,1.0000000000
121170283,7,1.0000000000
121170284,7,1.0000000000
121170285,7,1.0000000000
121170286,7,1.0000000000
121170287,7,1.0000000000
121170288,7,1.0000000000
121170289,7,1.0000000000
121170290,7,1.0000000000
121170291,7,1.0000000000
121170292,7,1.0000000000
121170293,7,1.0000000000
121170294,7,1.0000000000
121170295,7,1.0000000000
121170296,7,1.0000000000
121170297,7,1.0000000000
121170298,7,1.0000000000
121170299,7,1.0000000000
121170300,7,1.0000000000
121170301,7,1.0000000000
121170302,7,1.0000000000
121170303,7,1.0000000000
121170304,7,1.0000000000
121170305,7,1.0000000000
121170306,7,1.0000000000
121170307,7,1.0000000000
121170308,7,1.0000000000
121170309,7,1.0000000000
121170310,7,1.0000000000
121170311,7,1.0000000000
121170312,7,1.0000000000
121170313,7,1.0000000000
121170314,7,1.0000000000
121170315,7,1.0000000000
121170316,7,1.0000000000
121170317,7,1.0000000000
121170318,7,1.0000000000
121170319,7,1.0000000000
121170320,7,1.0000000000
121170321,7,1.0000000000
121170322,7,1.0000000000
121170323,7,1.0000000000
121170324,7,1.0000000000
121170325,7,1.0000000000
121170326,7,1.0000000000
121170327,7,1.0000000000
121170328,7,1.0000000000
121170329,7,1.0000000000
121170330,7,1.0000000000
121170331,7,1.0000000000
121170332,7,1.0000000000
121170333,7,1.0000000000
121170334,7,1.0000000000
121170335,7,1.0000000000
121170336,7,1.0000000000
121170337,7,1.0000000000
121170338,7,1.0000000000
121170339,7,1.0000000000
121170340,7,1.0000000000
121170341,7,1.0000000000
121170342,7,1.0000000000
121170343,7,1.0000000000
121170344,7,1.0000000000
121170345,7,1.0000000000
121170346,7,1.0000000000
121170347,7,1.0000000000
121170348,7,1.0000000000
121170349,7,1.0000000000
121170350,7,1.0000000000
121170351,7,1.0000000000
121170352,7,1.0000000000
121170353,7,1.0000000000
121170354,7,1.0000000000
121170355,7,1.0000000000
121170356,7,1.0000000000
121170357,7,1.0000000000
121170358,7,1.0000000000
121170359,7,1.0000000000
121170360,7,1.0000000000
121170361,7,1.0000000000
121170362,7,1.0000000000
121170363,7,1.0000000000
121170364,7,1.0000000000
121170365,7,1.0000000000
121170366,7,1.0000000000
121170367,7,1.0000000000
121170368,7,1.0000000000
121170369,7,1.0000000000
121170370,7,1.0000000000
121170371,7,1.0000000000
121170372,7,1.0000000000
121170373,7,1.0000000000
121170374,7,1.0000000000
121170375,7,1.0000000000
121170376,7,1.0000000000
121170377,7,1.0000000000
121170378,7,1.0000000000
121170379,7,1.0000000000
121170380,7,1.0000000000
121170381,7,1.0000000000
121170382,7,1.0000000000
121170383,7,1.0000000000
121170384,7,1.0000000000
121170385,7,1.0000000000
121170386,7,1.0000000000
121190001,11,1.0000000000
121190002,11,1.0000000000
121190003,11,1.0000000000
121190004,11,1.0000000000
121190005,11,1.0000000000
121190006,11,1.0000000000
121190007,11,1.0000000000
121190008,11,1.0000000000
121190009,11,1.0000000000
121190010,11,1.0000000000
121190011,11,1.0000000000
121190012,11,1.0000000000
121190013,11,1.0000000000
121190014,11,1.0000000000
121190015,11,1.0000000000
121190016,11,1.0000000000
121190017,11,1.0000000000
121190018,11,1.0000000000
121190019,11,1.0000000000
121190020,11,1.0000000000
121190021,11,1.0000000000
121190022,11,1.0000000000
121190023,11,1.0000000000
121190024,11,1.0000000000
121190025,11,1.0000000000
121190026,11,1.0000000000
121190027,11,1.0000000000
121190028,11,1.0000000000
121190029,11,1.0000000000
121190030,11,1.0000000000
121190031,11,1.0000000000
121190032,11,1.0000000000
121190033,11,1.0000000000
121190034,11,1.0000000000
121190035,11,1.0000000000
121190036,11,1.0000000000
121190037,11,1.0000000000
121190038,11,1.0000000000
121190039,11,1.0000000000
121190040,11,1.0000000000
121190041,11,1.0000000000
121190042,11,1.0000000000
121190043,11,1.0000000000
121190044,11,1.0000000000
121210001,3,1.0000000000
121210002,3,1.0000000000
121210003,3,1.0000000000
121210004,3,1.0000000000
121210005,3,1.0000000000
121210006,3,1.0000000000
121210007,3,1.0000000000
121210008,3,1.0000000000
121210009,3,1.0000000000
121210010,3,1.0000000000
121210011,3,1.0000000000
121210012,3,1.0000000000
121210013,3,1.0000000000
121210014,3,1.0000000000
121210015,3,1.0000000000
121210016,3,1.0000000000
121230001,2,1.0000000000
121230002,2,1.0000000000
121230003,2,1.0000000000
121230004,2,1.0000000000
121230005,2,1.0000000000
121230006,2,1.0000000000
121230007,2,1.0000000000
121230008,2,1.0000000000
121230009,2,1.0000000000
121230010,2,1.0000000000
121230011,2,1.0000000000
121230012,2,1.0000000000
121230013,2,1.0000000000
121230014,2,1.0000000000
121250001,3,1.0000000000
121250002,3,1.0000000000
121250003,3,1.0000000000
121250004,3,1.0000000000
121250005,3,1.0000000000
121250006,3,1.0000000000
121250007,3,1.0000000000
121250008,3,1.0000000000
121250009,3,1.0000000000
121250010,3,1.0000000000
121270001,6,1.0000000000
121270002,6,1.0000000000
121270003,6,1.0000000000
121270004,6,1.0000000000
121270005,6,1.0000000000
121270006,6,1.0000000000
121270007,6,1.0000000000
121270008,6,1.0000000000
121270009,6,1.0000000000
121270010,6,1.0000000000
121270011,6,1.0000000000
121270012,6,1.0000000000
121270013,6,1.0000000000
121270014,6,1.0000000000
121270015,6,1.0000000000
121270017,6,1.0000000000
121270018,6,1.0000000000
121270019,6,1.0000000000
121270020,6,1.0000000000
121270021,6,1.0000000000
121270022,6,1.0000000000
121270023,6,1.0000000000
121270024,6,1.0000000000
121270025,6,1.0000000000
121270026,6,0.9889711276
121270026,7,0.0110288724
121270027,6,1.0000000000
121270028,6,1.0000000000
121270029,6,1.0000000000
121270030,6,1.0000000000
121270031,6,1.0000000000
121270032,6,1.0000000000
121270033,6,1.0000000000
121270034,6,1.0000000000
121270035,6,1.0000000000
121270036,6,1.0000000000
121270037,6,1.0000000000
121270038,6,1.0000000000
121270039,6,1.0000000000
121270040,6,1.0000000000
121270041,6,1.0000000000
121270042,6,1.0000000000
121270043,7,1.0000000000
121270044,7,1.0000000000
121270045,7,1.0000000000
121270046,6,0.1509433962
121270046,7,0.8490566038
121270047,7,1.0000000000
121270048,7,1.0000000000
121270049,6,0.8736998281
121270049,7,0.1263001719
121270050,6,1.0000000000
121270051,6,1.0000000000
121270052,6,0.5597196656
121270052,7,0.4402803344
121270053,7,1.0000000000
121270054,7,1.0000000000
121270055,7,1.0000000000
121270056,7,1.0000000000
121270057,7,1.0000000000
121270058,7,1.0000000000
121270059,7,1.0000000000
121270060,7,1.0000000000
121270061,7,1.0000000000
121270062,7,1.0000000000
121270063,7,1.0000000000
121270064,7,1.0000000000
121270065,7,1.0000000000
121270066,7,1.0000000000
121270067,7,1.0000000000
121270069,7,1.0000000000
121270070,7,1.0000000000
121270071,7,1.0000000000
121270072,7,1.0000000000
121270073,7,1.0000000000
121270074,6,0.0594489987
121270074,7,0.9405510013
121270075,7,1.0000000000
121270076,7,1.0000000000
121270077,7,1.0000000000
121270078,7,1.0000000000
121270079,7,1.0000000000
121270080,7,1.0000000000
121270081,7,1.0000000000
121270082,7,1.0000000000
121270083,7,1.0000000000
121270084,7,1.0000000000
121270085,7,1.0000000000
121270086,7,1.0000000000
121270087,7,1.0000000000
121270088,7,1.0000000000
121270089,7,1.0000000000
121270090,7,1.0000000000
121270091,7,1.0000000000
121270092,7,1.0000000000
121270093,7,1.0000000000
121270094,7,1.0000000000
121270095,7,1.0000000000
121270096,7,1.0000000000
121270097,7,1.0000000000
121270098,7,1.0000000000
121270099,7,1.0000000000
121270100,7,1.0000000000
121270101,6,1.0000000000
121270102,6,1.0000000000
121270103,6,1.0000000000
121270104,6,1.0000000000
121270105,6,1.0000000000
121270106,6,1.0000000000
121270107,6,1.0000000000
121270108,6,1.0000000000
121270109,6,1.0000000000
121270110,6,1.0000000000
121270111,6,1.0000000000
121270112,6,1.0000000000
121270113,6,1.0000000000
121270114,6,1.0000000000
121270115,6,1.0000000000
121270116,6,1.0000000000
121270118,6,1.0000000000
121270119,6,1.0000000000
121270120,6,1.0000000000
121270121,6,1.0000000000
121270122,6,1.0000000000
121270123,6,1.0000000000
121270124,6,1.0000000000
121270125,6,1.0000000000
121270126,6,1.0000000000
121270127,6,1.0000000000
121270128,6,1.0000000000
121270129,6,1.0000000000
121270130,6,1.0000000000
121270131,6,1.0000000000
121270132,6,1.0000000000
121270133,6,1.0000000000
121270134,6,1.0000000000
121270135,6,1.0000000000
121270136,6,1.0000000000
121270137,6,1.0000000000
121270138,6,1.0000000000
121270139,6,1.0000000000
121270140,6,1.0000000000
121270141,6,1.0000000000
121270142,6,1.0000000000
121270143,6,1.0000000000
121270144,6,1.0000000000
121270145,6,1.0000000000
121270146,6,1.0000000000
121270147,6,1.0000000000
121270148,6,1.0000000000
121270149,6,1.0000000000
121270150,6,1.0000000000
121270151,6,1.0000000000
121270152,6,1.0000000000
121270153,6,1.0000000000
121270154,6,1.0000000000
121270155,6,1.0000000000
121270156,6,1.0000000000
121270157,6,1.0000000000
121270158,6,1.0000000000
121270159,6,0.9991966422
121270159,7,0.0008033578
121270160,6,1.0000000000
121270161,6,1.0000000000
121270162,6,1.0000000000
121270163,6,1.0000000000
121270164,6,1.0000000000
121270165,6,1.0000000000
121270166,6,1.0000000000
121270167,6,1.0000000000
121270168,6,1.0000000000
121270169,6,1.0000000000
121270170,6,0.9996332878
121270170,7,0.0003667122
121270171,6,1.0000000000
121270172,7,1.0000000000
121270173,6,0.0014717101
121270173,7,0.9985282899
121270174,7,1.0000000000
121270175,7,1.0000000000
121270176,6,0.0167292019
121270176,7,0.9832707981
121270177,6,0.0039625273
121270177,7,0.9960374727
121270178,6,0.0112612537
121270178,7,0.9887387463
121270179,7,1.0000000000
121270180,7,1.0000000000
121270181,7,1.0000000000
121270182,6,0.4901960784
121270182,7,0.5098039216
121270183,7,1.0000000000
121270184,7,1.0000000000
121270185,7,1.0000000000
121270186,7,1.0000000000
121270187,7,1.0000000000
121270188,7,1.0000000000
121270189,6,1.0000000000
121270190,7,1.0000000000
121270191,7,1.0000000000
121270192,7,1.0000000000
121270193,7,1.0000000000
121270194,7,1.0000000000
121270195,7,1.0000000000
121270196,7,1.0000000000
121270197,7,1.0000000000
121270198,7,1.0000000000
121270199,7,1.0000000000
121270200,6,0.0307692308
121270200,7,0.9692307692
121270201,7,1.0000000000
121270202,7,1.0000000000
121270203,7,1.0000000000
121270204,7,1.0000000000
121270205,7,1.0000000000
121270206,7,1.0000000000
121270207,7,1.0000000000
121270208,7,1.0000000000
121270209,7,1.0000000000
121270210,7,1.0000000000
121270211,7,1.0000000000
121270212,7,1.0000000000
121270213,7,1.0000000000
121270214,7,1.0000000000
121270215,7,1.0000000000
121270216,7,1.0000000000
121270217,7,1.0000000000
121270218,7,1.0000000000
121270219,7,1.0000000000
121270220,7,1.0000000000
121270221,7,1.0000000000
121270222,7,1.0000000000
121270223,7,1.0000000000
121270224,7,1.0000000000
121270225,7,1.0000000000
121270226,7,1.0000000000
121270227,7,1.0000000000
121270228,7,1.0000000000
121270229,7,1.0000000000
121270230,7,1.0000000000
121270231,7,1.0000000000
121270232,7,1.0000000000
121270233,7,1.0000000000
121270234,7,1.0000000000
121270235,7,1.0000000000
121270236,7,1.0000000000
121270237,7,1.0000000000
121270238,7,1.0000000000
121270239,7,1.0000000000
121270240,7,1.0000000000
121270241,7,1.0000000000
121270242,7,1.0000000000
121270243,7,1.0000000000
121270244,7,1.0000000000
121270245,7,1.0000000000
121270246,7,1.0000000000
121270248,7,1.0000000000
121270249,7,1.0000000000
121270250,7,1.0000000000
121270251,7,1.0000000000
121270252,7,1.0000000000
121270253,7,1.0000000000
121270254,7,1.0000000000
121270255,7,1.0000000000
121270256,7,1.0000000000
121270257,7,1.0000000000
121270258,7,1.0000000000
121270259,7,1.0000000000
121270260,7,1.0000000000
121270261,7,1.0000000000
121270262,7,1.0000000000
121270263,7,1.0000000000
121270264,7,1.0000000000
121270265,7,1.0000000000
121270266,7,1.0000000000
121270267,7,1.0000000000
121270268,7,1.0000000000
121270270,7,1.0000000000
121270271,7,1.0000000000
121290001,2,1.0000000000
121290002,2,1.0000000000
121290003,2,1.0000000000
121290004,2,1.0000000000
121290005,2,1.0000000000
121290006,2,1.0000000000
121290007,2,1.0000000000
121290008,2,1.0000000000
121290009,2,1.0000000000
121290010,2,1.0000000000
121290011,2,1.0000000000
121290012,2,1.0000000000
121310001,1,0.7121384250
121310001,2,0.2878615750
121310002,2,1.0000000000
121310003,2,1.0000000000
121310004,1,1.0000000000
121310005,2,1.0000000000
121310006,1,1.0000000000
121310007,1,1.0000000000
121310008,1,1.0000000000
121310009,2,1.0000000000
121310010,2,1.0000000000
121310011,1,1.0000000000
121310012,2,1.0000000000
121310013,1,1.0000000000
121310014,1,0.7412162364
121310014,2,0.2587837636
121310015,1,0.6853932584
121310015,2,0.3146067416
121310016,1,0.4237288136
121310016,2,0.5762711864
121310017,1,1.0000000000
121310018,2,1.0000000000
121310019,1,1.0000000000
121310020,2,1.0000000000
121310021,1,1.0000000000
121310022,1,1.0000000000
121310023,1,0.5124230214
121310023,2,0.4875769786
121310024,1,1.0000000000
121310025,2,1.0000000000
121310026,1,1.0000000000
121310027,2,1.0000000000
121310028,1,1.0000000000
121310029,2,1.0000000000
121310030,2,1.0000000000
121310031,2,1.0000000000
121310032,1,1.0000000000
121310033,2,1.0000000000
121310034,1,0.2090036176
121310034,2,0.7909963824
121330001,2,1.0000000000
121330002,2,1.0000000000
121330003,2,1.0000000000
121330004,2,1.0000000000
121330005,2,1.0000000000
121330006,2,1.0000000000
121330007,2,1.0000000000
121330008,2,1.0000000000
121330009,2,1.0000000000
121330010,2,1.0000000000
121330011,2,1.0000000000
121330012,2,1.0000000000
121330013,2,1.0000000000
121330014,2,1.0000000000
121330015,2,1.0000000000
121330016,2,1.0000000000
121330017,2,1.0000000000
121330018,2,1.0000000000
121330019,2,1.0000000000
121330020,2,1.0000000000
121330021,2,1.0000000000
121330022,2,1.0000000000
121330023,2,1.0000000000
121330024,2,1.0000000000
121330025,2,1.0000000000
121330026,2,1.0000000000
121330027,2,1.0000000000
121330028,2,1.0000000000
