from_vtd10,to_vtd20,weight
120010001,12001000001,0.2363636364
120010001,12001000067,0.6454545455
120010001,12001000071,0.1181818182
120010002,12001000002,1.0000000000
120010003,12001000003,0.9117647059
120010003,12001000010,0.0882352941
120010004,12001000001,0.3489583333
120010004,12001000004,0.6196126079
120010004,12001000050,0.0001790587
120010004,12001000064,0.0104166667
120010004,12001000068,0.0208333333
120010005,12001000004,0.0621468927
120010005,12001000005,0.9378531073
120010006,12001000006,0.9772727273
120010006,12001000064,0.0151515152
120010006,12001000071,0.0075757576
120010007,12001000007,0.9812206573
120010007,12001000067,0.0187793427
120010008,12001000008,0.9947081509
120010008,12001000009,0.0052918491
120010009,12001000007,0.0060606061
120010009,12001000008,0.0060606061
120010009,12001000009,0.9252013362
120010009,12001000034,0.0243092900
120010009,12001000038,0.0262469495
120010009,12001000039,0.0121212121
120010010,12001000010,0.8940406895
120010010,12001000033,0.1059593105
120010011,12001000011,0.6966751070
120010011,12001000012,0.2820482972
120010011,12001000070,0.0212765957
120010012,12001000024,0.5577107475
120010012,12001000025,0.4422892525
120010013,12001000004,0.0337837838
120010013,12001000013,0.2938553694
120010013,12001000023,0.5434436819
120010013,12001000031,0.0005387866
120010013,12001000032,0.1283783784
120010014,12001000014,1.0000000000
120010015,12001000015,0.4889282589
120010015,12001000016,0.5110717411
120010016,12001000015,0.4790231683
120010016,12001000016,0.5209768317
120010017,12001000017,1.0000000000
120010018,12001000018,1.0000000000
120010019,12001000019,1.0000000000
120010020,12001000020,1.0000000000
120010021,12001000012,0.0234283165
120010021,12001000021,0.9765716835
120010022,12001000020,0.0002944710
120010022,12001000022,0.9997055290
120010023,12001000019,0.9670941587
120010023,12001000024,0.0329058413
120010024,12001000019,0.0154679048
120010024,12001000024,0.9845320952
120010025,12001000025,0.4432168398
120010025,12001000027,0.1758307792
120010025,12001000030,0.3809523810
120010026,12001000019,0.0158730159
120010026,12001000024,0.0158730159
120010026,12001000027,0.2857142857
120010026,12001000028,0.6190476190
120010026,12001000058,0.0634920635
120010027,12001000027,1.0000000000
120010028,12001000028,0.5535714286
120010028,12001000057,0.4464285714
120010029,12001000029,1.0000000000
120010030,12001000029,0.0188192905
120010030,12001000030,0.5636724872
120010030,12001000031,0.4175082223
120010031,12001000031,0.5625000000
120010031,12001000036,0.4375000000
120010032,12001000004,0.0210526316
120010032,12001000032,0.8826830429
120010032,12001000037,0.0646853782
120010032,12001000050,0.0315789474
120010033,12001000033,1.0000000000
120010034,12001000009,0.0137931034
120010034,12001000034,0.8328693085
120010034,12001000038,0.1448275862
120010034,12001000067,0.0085100018
120010035,12001000001,0.8863328648
120010035,12001000034,0.0064935065
120010035,12001000050,0.1071736287
120010036,12001000031,0.0305343511
120010036,12001000036,0.9694656489
120010037,12001000023,0.1801837540
120010037,12001000032,0.0214196874
120010037,12001000036,0.0043290043
120010037,12001000037,0.7029331292
120010037,12001000050,0.0911344251
120010038,12001000009,0.0000446689
120010038,12001000038,0.8552184890
120010038,12001000039,0.1184210526
120010038,12001000059,0.0263157895
120010039,12001000039,0.6607142857
120010039,12001000059,0.3392857143
120010040,12001000040,1.0000000000
120010041,12001000041,1.0000000000
120010042,12001000040,0.0156250000
120010042,12001000042,0.9843750000
120010043,12001000043,0.7910447761
120010043,12001000044,0.2089552239
120010044,12001000044,0.6666666667
120010044,12001000045,0.3333333333
120010045,12001000038,0.5151515152
120010045,12001000045,0.4848484848
120010046,12001000031,0.1395348837
120010046,12001000046,0.8604651163
120010047,12001000029,0.0081967213
120010047,12001000047,0.9918032787
120010048,12001000029,0.0167008316
120010048,12001000048,0.9832991684
120010049,12001000049,1.0000000000
120010050,12001000001,0.0875000000
120010050,12001000026,0.1375000000
120010050,12001000050,0.7750000000
120010051,12001000051,0.7023367611
120010051,12001000052,0.0040696736
120010051,12001000053,0.0158157875
120010051,12001000054,0.2777777778
120010052,12001000051,0.1059862886
120010052,12001000052,0.8363214037
120010052,12001000054,0.0576923077
120010053,12001000051,0.0000713954
120010053,12001000053,0.8867210575
120010053,12001000054,0.1132075472
120010054,12001000026,0.4605263158
120010054,12001000054,0.5394736842
120010055,12001000055,1.0000000000
120010056,12001000056,1.0000000000
120010057,12001000028,0.4054054054
120010057,12001000057,0.5945945946
120010058,12001000034,1.0000000000
120010059,12001000059,1.0000000000
120010060,12001000037,0.0281690141
120010060,12001000050,0.5774647887
120010060,12001000056,0.3943661972
120010061,12001000035,0.9844285376
120010061,12001000040,0.0155714624
120010062,12001000029,0.1276595745
120010062,12001000030,0.1063829787
120010062,12001000058,0.7659574468
120010063,12001000027,0.4800000000
120010063,12001000058,0.5200000000
120010064,12001000004,0.0418848168
120010064,12001000005,0.0314136126
120010064,12001000064,0.9267015707
120010065,12001000065,1.0000000000
120010066,12001000066,0.9936849311
120010066,12001000069,0.0063150689
120010067,12001000067,1.0000000000
120010068,12001000004,0.0219780220
120010068,12001000005,0.0054945055
120010068,12001000068,0.9725274725
120010069,12001000069,1.0000000000
120010070,12001000011,0.0125000000
120010070,12001000070,0.9875000000
120010071,12001000071,1.0000000000
120030001,1200300001A,0.8918918919
120030001,1200300005A,0.1081081081
120030002,1200300002A,0.9650655022
120030002,1200300005A,0.0349344978
120030003,1200300002A,0.2378048780
120030003,1200300003A,0.7621951220
120030004,1200300004A,0.9807692308
120030004,1200300004B,0.0192307692
120030005,1200300001A,0.0085470085
120030005,1200300004B,0.9914529915
120030006,1200300004C,1.0000000000
120030007,1200300001A,0.1052631579
120030007,1200300004D,0.8947368421
120030008,1200300001A,0.0048780488
120030008,1200300002A,0.1756097561
120030008,1200300005A,0.8195121951
120030009,1200300006A,1.0000000000
120050001,12005000001,1.0000000000
120050002,12005000002,0.0245098039
120050002,12005000003,0.5426371602
120050002,12005000004,0.0294117647
120050002,12005000017,0.4034412712
120050003,12005000002,0.4342105263
120050003,12005000004,0.5657894737
120050004,12005000002,0.9871244635
120050004,12005000005,0.0128755365
120050005,12005000002,0.0069930070
120050005,12005000005,0.3986013986
120050005,12005000006,0.5944055944
120050006,12005000002,0.0024691358
120050006,12005000005,0.9975308642
120050007,12005000005,0.0064102564
120050007,12005000007,0.9935897436
120050008,12005000007,1.0000000000
120050009,12005000007,0.0074074074
120050009,12005000008,0.9925925926
120050010,12005000007,0.1982758621
120050010,12005000009,0.8017241379
120050011,12005000009,1.0000000000
120050012,12005000007,0.0975609756
120050012,12005000009,0.0002709815
120050012,12005000010,0.8411924331
120050012,12005000011,0.0609756098
120050013,12005000010,0.0183486239
120050013,12005000011,0.9816513761
120050014,12005000010,1.0000000000
120050015,12005000010,0.0120481928
120050015,12005000011,0.9879518072
120050016,12005000011,0.1318005191
120050016,12005000012,0.5657894737
120050016,12005000013,0.3024100072
120050017,12005000011,0.1720430108
120050017,12005000012,0.8279561225
120050017,12005000015,0.0000008668
120050018,12005000014,1.0000000000
120050019,12005000012,0.0620155039
120050019,12005000014,0.2403100775
120050019,12005000015,0.6976744186
120050020,12005000007,0.0277777778
120050020,12005000011,0.1111111111
120050020,12005000013,0.4351851852
120050020,12005000014,0.4259259259
120050021,12005000006,1.0000000000
120050022,12005000004,0.0102040816
120050022,12005000016,0.9897959184
120050023,12005000002,0.0533333333
120050023,12005000004,0.9466666667
120050024,12005000003,0.1003584229
120050024,12005000004,0.0286738351
120050024,12005000016,0.0215053763
120050024,12005000017,0.7810770618
120050024,12005000021,0.0035842294
120050024,12005000027,0.0289556249
120050024,12005000030,0.0143400731
120050024,12005000037,0.0035842294
120050024,12005000038,0.0179211470
120050025,12005000021,1.0000000000
120050026,12005000018,0.5179856115
120050026,12005000019,0.4748201439
120050026,12005000021,0.0071942446
120050027,12005000018,0.9726027397
120050027,12005000020,0.0273972603
120050028,12005000018,0.1162790698
120050028,12005000020,0.8837209302
120050029,12005000020,0.0531914894
120050029,12005000022,0.9468085106
120050030,12005000019,0.3796296296
120050030,12005000022,0.0092592593
120050030,12005000023,0.6111111111
120050031,12005000017,0.1397058824
120050031,12005000021,0.5661764706
120050031,12005000027,0.2941176471
120050032,12005000027,1.0000000000
120050033,12005000023,1.0000000000
120050034,12005000022,0.1600000000
120050034,12005000024,0.8400000000
120050035,12005000025,0.9268292683
120050035,12005000028,0.0731707317
120050036,12005000026,1.0000000000
120050037,12005000028,1.0000000000
120050038,12005000029,1.0000000000
120050039,12005000029,0.2500000000
120050039,12005000030,0.7291666667
120050039,12005000033,0.0208333333
120050040,12005000030,0.1086956522
120050040,12005000033,0.2608695652
120050040,12005000037,0.6086956522
120050040,12005000038,0.0217391304
120050041,12005000037,0.0615384615
120050041,12005000038,0.6769230769
120050041,12005000039,0.2615384615
120050042,12005000031,1.0000000000
120050043,12005000031,1.0000000000
120050044,12005000032,1.0000000000
120050045,12005000032,0.2400000000
120050045,12005000033,0.7600000000
120050046,12005000033,0.4387755102
120050046,12005000036,0.0918367347
120050046,12005000037,0.4693877551
120050047,12005000037,1.0000000000
120050048,12005000037,0.0294117647
120050048,12005000038,0.7058823529
120050048,12005000041,0.2647058824
120050049,12005000039,0.7692307692
120050049,12005000041,0.1648351648
120050049,12005000043,0.0659340659
120050050,12005000040,0.2424242424
120050050,12005000041,0.7575757576
120050051,12005000040,1.0000000000
120050052,12005000036,0.8333333333
120050052,12005000037,0.1594202899
120050052,12005000040,0.0072463768
120050053,12005000035,1.0000000000
120050054,12005000034,1.0000000000
120050055,12005000042,0.9834254144
120050055,12005000043,0.0165745856
120050056,12005000042,0.0263157895
120050056,12005000043,0.9736842105
120050057,12005000039,1.0000000000
120050058,12005000042,0.0301501480
120050058,12005000044,0.9698498520
120070001,12007000001,1.0000000000
120070002,12007000002,1.0000000000
120070003,12007000001,0.1250000000
120070003,12007000003,0.8750000000
120070004,12007000004,1.0000000000
120070005,12007000004,0.0138888889
120070005,12007000005,0.9861111111
120070006,12007000006,1.0000000000
120070007,12007000007,1.0000000000
120070008,12007000008,1.0000000000
120070009,12007000009,1.0000000000
120070010,12007000010,1.0000000000
120070011,12007000011,1.0000000000
120070012,12007000012,1.0000000000
120070013,12007000013,1.0000000000
120070014,12007000014,1.0000000000
120070015,12007000015,1.0000000000
120070016,12007000016,1.0000000000
120070017,12007000016,0.0285714286
120070017,12007000017,0.9714285714
120070018,12007000018,1.0000000000
120070019,12007000019,1.0000000000
120070020,12007000020,1.0000000000
120090001,12009000100,0.9518699930
120090001,12009000103,0.0046584150
120090001,12009000105,0.0434715921
120090002,12009000100,1.0000000000
120090003,12009000105,1.0000000000
120090004,12009000100,1.0000000000
120090005,12009000112,1.0000000000
120090006,12009000105,0.0155178610
120090006,12009000108,0.9844821390
120090007,12009000102,1.0000000000
120090008,12009000200,0.9871794872
120090008,12009000417,0.0128205128
120090009,12009000400,0.9637549400
120090009,12009000403,0.0003304618
120090009,12009000407,0.0359145982
120090010,12009000300,0.8369565217
120090010,12009000306,0.1630434783
120090011,12009000301,0.1864406780
120090011,12009000302,0.0169491525
120090011,12009000325,0.2395600399
120090011,12009000326,0.3197619940
120090011,12009000327,0.2033898305
120090011,12009000328,0.0338983051
120090012,12009000301,0.0000262261
120090012,12009000302,0.9872948052
120090012,12009000312,0.0123662758
120090012,12009000320,0.0002893480
120090012,12009000326,0.0000233448
120090013,12009000229,0.1000000000
120090013,12009000404,0.8000000000
120090013,12009000411,0.1000000000
120090014,12009000201,0.7318206838
120090014,12009000202,0.0031190753
120090014,12009000240,0.2650602410
120090015,12009000202,0.6994906213
120090015,12009000206,0.3005093787
120090016,12009000203,0.9999832799
120090016,12009000206,0.0000167201
120090017,12009000204,0.9999921189
120090017,12009000220,0.0000078811
120090018,12009000103,0.9537998747
120090018,12009000109,0.0462001253
120090019,12009000103,1.0000000000
120090020,12009000205,0.9920000000
120090020,12009000217,0.0080000000
120090021,12009000104,1.0000000000
120090022,12009000303,1.0000000000
120090023,12009000304,0.9847013113
120090023,12009000312,0.0152986887
120090024,12009000312,1.0000000000
120090025,12009000235,1.0000000000
120090026,12009000100,0.0129262689
120090026,12009000105,0.9742532183
120090026,12009000108,0.0128205128
120090027,12009000105,1.0000000000
120090028,12009000100,0.2000000000
120090028,12009000105,0.8000000000
120090029,12009000105,1.0000000000
120090030,12009000129,0.0030691244
120090030,12009000207,0.8460956034
120090030,12009000210,0.0008352722
120090030,12009000214,0.1500000000
120090031,12009000133,1.0000000000
120090032,12009000208,0.8543335395
120090032,12009000222,0.1456664605
120090033,12009000111,1.0000000000
120090034,12009000106,1.0000000000
120090035,12009000305,1.0000000000
120090036,12009000305,0.9887153195
120090036,12009000324,0.0112846805
120090037,12009000300,0.6029411765
120090037,12009000306,0.3970588235
120090038,12009000107,1.0000000000
120090039,12009000500,1.0000000000
120090040,12009000307,0.8380685809
120090040,12009000309,0.1619314191
120090041,12009000307,0.6666666667
120090041,12009000321,0.3333333333
120090042,12009000307,1.0000000000
120090043,12009000500,0.6522646304
120090043,12009000523,0.0091110310
120090043,12009000528,0.3386243386
120090044,12009000501,1.0000000000
120090045,12009000405,0.0270434257
120090045,12009000409,0.9729565743
120090046,12009000408,0.0134629676
120090046,12009000529,0.9865370324
120090047,12009000209,0.8049837618
120090047,12009000231,0.1950162382
120090048,12009000108,1.0000000000
120090049,12009000109,1.0000000000
120090050,12009000210,0.8801248693
120090050,12009000227,0.1198751307
120090051,12009000210,0.9977385135
120090051,12009000214,0.0022614865
120090052,12009000210,0.9090909091
120090052,12009000214,0.0909090909
120090053,12009000209,1.0000000000
120090054,12009000402,0.9814814815
120090054,12009000422,0.0185185185
120090055,12009000403,0.9722222222
120090055,12009000407,0.0277777778
120090056,12009000400,0.9990498065
120090056,12009000407,0.0009501935
120090057,12009000403,1.0000000000
120090058,12009000403,0.9731838843
120090058,12009000407,0.0148270196
120090058,12009000414,0.0119890960
120090059,12009000403,1.0000000000
120090060,12009000507,1.0000000000
120090061,12009000502,1.0000000000
120090062,12009000503,0.9016393443
120090062,12009000504,0.0491803279
120090062,12009000530,0.0491803279
120090063,12009000503,0.6666666667
120090063,12009000530,0.3333333333
120090064,12009000503,0.0194738319
120090064,12009000504,0.9799716540
120090064,12009000511,0.0005545141
120090065,12009000503,0.2313936160
120090065,12009000504,0.1164324710
120090065,12009000523,0.0095950893
120090065,12009000530,0.6425788238
120090066,12009000504,0.3333333333
120090066,12009000507,0.6666666667
120090067,12009000503,0.8000000000
120090067,12009000504,0.2000000000
120090068,12009000503,0.2000000000
120090068,12009000504,0.5488581238
120090068,12009000507,0.2511418762
120090069,12009000405,1.0000000000
120090070,12009000404,1.0000000000
120090071,12009000505,0.9999923852
120090071,12009000506,0.0000076148
120090072,12009000308,1.0000000000
120090073,12009000309,1.0000000000
120090074,12009000310,0.6095238095
120090074,12009000323,0.3904761905
120090075,12009000506,1.0000000000
120090076,12009000305,0.0044796309
120090076,12009000311,0.6180864475
120090076,12009000318,0.0014787699
120090076,12009000324,0.3759551517
120090077,12009000507,1.0000000000
120090078,12009000404,1.0000000000
120090079,12009000211,0.9957141832
120090079,12009000238,0.0042858168
120090080,12009000200,0.0107526882
120090080,12009000212,0.9892473118
120090081,12009000212,0.1500000000
120090081,12009000213,0.8500000000
120090082,12009000210,0.0021501584
120090082,12009000214,0.9729213713
120090082,12009000227,0.0249284703
120090083,12009000210,0.0002051868
120090083,12009000214,0.9997948132
120090084,12009000203,1.0000000000
120090085,12009000206,0.9811320755
120090085,12009000217,0.0188679245
120090086,12009000215,0.9953054194
120090086,12009000221,0.0045774485
120090086,12009000226,0.0001171321
120090087,12009000109,1.0000000000
120090088,12009000111,1.0000000000
120090089,12009000100,0.0185185185
120090089,12009000112,0.9814814815
120090090,12009000405,1.0000000000
120090091,12009000405,0.9859154930
120090091,12009000409,0.0140845070
120090092,12009000409,0.0348837209
120090092,12009000411,0.0976101459
120090092,12009000432,0.1550458321
120090092,12009000434,0.0232558140
120090092,12009000508,0.5772085090
120090092,12009000515,0.1003680711
120090092,12009000529,0.0116279070
120090093,12009000411,0.2000000000
120090093,12009000432,0.4000000000
120090093,12009000508,0.3914620872
120090093,12009000515,0.0085379128
120090094,12009000203,0.0001073601
120090094,12009000216,0.9704808752
120090094,12009000217,0.0294117647
120090095,12009000205,0.0169491525
120090095,12009000217,0.9830508475
120090096,12009000203,0.0003463361
120090096,12009000216,0.9996536639
120090097,12009000113,0.8481012658
120090097,12009000125,0.1518987342
120090098,12009000105,1.0000000000
120090099,12009000115,1.0000000000
120090100,12009000114,0.9302748621
120090100,12009000116,0.0626941079
120090100,12009000127,0.0004520826
120090100,12009000134,0.0065789474
120090101,12009000115,1.0000000000
120090102,12009000114,0.0000452084
120090102,12009000116,0.9758866447
120090102,12009000136,0.0234414555
120090102,12095000545,0.0006266913
120090103,12009000116,1.0000000000
120090104,12009000100,0.0053752591
120090104,12009000105,0.9946247409
120090105,12009000406,0.9752027312
120090105,12009000412,0.0009877450
120090105,12009000431,0.0238095238
120090106,12009000218,0.2291666667
120090106,12009000222,0.0208333333
120090106,12009000236,0.7500000000
120090107,12009000422,0.2807993537
120090107,12009000426,0.4450574102
120090107,12009000427,0.0014159634
120090107,12009000511,0.2636451041
120090107,12009000518,0.0090821686
120090108,12009000511,0.9598205071
120090108,12009000518,0.0401794929
120090109,12009000422,0.0431827508
120090109,12009000426,0.9568172492
120090110,12009000400,0.0008380435
120090110,12009000403,0.0440289242
120090110,12009000407,0.8985383761
120090110,12009000408,0.0235772889
120090110,12009000414,0.0330173674
120090111,12009000407,1.0000000000
120090112,12009000509,1.0000000000
120090113,12009000402,0.0005738147
120090113,12009000404,0.0003455209
120090113,12009000408,0.6470806645
120090113,12009000502,0.3520000000
120090114,12009000308,1.0000000000
120090115,12009000510,1.0000000000
120090116,12009000409,1.0000000000
120090117,12009000135,0.0256410256
120090117,12009000219,0.9743490844
120090117,12009000228,0.0000098899
120090118,12009000220,1.0000000000
120090119,12009000215,0.0322580645
120090119,12009000220,0.8529569892
120090119,12009000226,0.1147849462
120090120,12009000208,0.0384637612
120090120,12009000221,0.9615362388
120090121,12009000222,0.9767441860
120090121,12009000223,0.0232558140
120090122,12009000222,0.9878059164
120090122,12009000236,0.0121940837
120090123,12009000511,0.9995642257
120090123,12009000518,0.0004357743
120090124,12009000512,0.8687183577
120090124,12009000525,0.1312816423
120090125,12009000223,1.0000000000
120090126,12009000118,1.0000000000
120090127,12009000224,1.0000000000
120090128,12009000433,1.0000000000
120090129,12009000211,0.0006880920
120090129,12009000238,0.9993119080
120090130,12009000417,0.7087680454
120090130,12009000433,0.2912319546
120090131,12009000433,1.0000000000
120090132,12009000412,0.8500000000
120090132,12009000417,0.0500000000
120090132,12009000439,0.1000000000
120090133,12009000433,1.0000000000
120090134,12009000433,1.0000000000
120090135,12009000433,1.0000000000
120090136,12009000238,1.0000000000
120090137,12009000410,0.9999027031
120090137,12009000427,0.0000972969
120090138,12009000409,0.0000695929
120090138,12009000411,0.9564313355
120090138,12009000432,0.0000208107
120090138,12009000434,0.0434782609
120090139,12009000131,0.0203697843
120090139,12009000135,0.9796302157
120090140,12009000120,1.0000000000
120090141,12009000219,1.0000000000
120090142,12009000200,0.0282739015
120090142,12009000237,0.1310160428
120090142,12009000239,0.0508021390
120090142,12009000412,0.7272727273
120090142,12009000417,0.0626351894
120090143,12009000510,0.1333333333
120090143,12009000513,0.8666666667
120090144,12009000412,0.0909090909
120090144,12009000416,0.9090909091
120090145,12009000503,0.0285750584
120090145,12009000504,0.0285714286
120090145,12009000507,0.9012013008
120090145,12009000511,0.0416522123
120090146,12009000507,1.0000000000
120090147,12009000507,0.5000000000
120090147,12009000511,0.5000000000
120090148,12009000432,0.0487804878
120090148,12009000434,0.0731707317
120090148,12009000515,0.8780487805
120090149,12009000508,0.0377004507
120090149,12009000515,0.9622995493
120090150,12009000315,1.0000000000
120090151,12009000302,0.0101439023
120090151,12009000304,0.0093693195
120090151,12009000312,0.9804867782
120090152,12009000510,0.0024038462
120090152,12009000516,0.7956730769
120090152,12009000517,0.0120192308
120090152,12009000520,0.1899038462
120090153,12009000000,0.2741531646
120090153,12009000126,0.0234108574
120090153,12009000205,0.0172764290
120090153,12009000225,0.6851595490
120090154,12009000313,1.0000000000
120090155,12009000510,0.0512820513
120090155,12009000517,0.9487179487
120090156,12009000314,0.9997855809
120090156,12009000327,0.0002144191
120090157,12009000308,1.0000000000
120090158,12009000303,0.9880903394
120090158,12009000306,0.0096153846
120090158,12009000308,0.0022942760
120090159,12009000403,0.0000170409
120090159,12009000408,0.0106358691
120090159,12009000414,0.9893470900
120090160,12009000404,0.0000347089
120090160,12009000415,0.9999652911
120090161,12009000415,0.9565217391
120090161,12009000437,0.0434782609
120090162,12009000226,1.0000000000
120090163,12009000102,0.0833333333
120090163,12009000227,0.9166666667
120090164,12009000121,0.8747309521
120090164,12009000129,0.1250000000
120090164,12009000131,0.0002690479
120090165,12009000122,1.0000000000
120090166,12009000128,0.0001236441
120090166,12009000131,0.0084899319
120090166,12009000135,0.9909887603
120090166,12095000434,0.0003976637
120090167,12009000410,0.0154661953
120090167,12009000416,0.6429774073
120090167,12009000420,0.1129032258
120090167,12009000421,0.2279903346
120090167,12009000427,0.0006628369
120090168,12009000511,0.0033149939
120090168,12009000518,0.9966850061
120090169,12009000511,0.3333333333
120090169,12009000518,0.6666666667
120090170,12009000504,0.9935279994
120090170,12009000518,0.0064720006
120090171,12009000519,0.9893617021
120090171,12009000521,0.0106382979
120090172,12009000123,1.0000000000
120090173,12009000313,0.2829224466
120090173,12009000316,0.7170775534
120090174,12009000124,1.0000000000
120090175,12009000118,1.0000000000
120090176,12009000212,1.0000000000
120090177,12009000121,0.8571428571
120090177,12009000135,0.1428571429
120090178,12009000209,0.9997160694
120090178,12009000233,0.0002839306
120090179,12009000135,0.0500000000
120090179,12009000219,0.0012623762
120090179,12009000224,0.0250658516
120090179,12009000228,0.5986717722
120090179,12009000435,0.2308519238
120090179,12009000440,0.0941480762
120090180,12009000135,0.0734767384
120090180,12009000228,0.9265232616
120090181,12009000228,1.0000000000
120090182,12009000228,1.0000000000
120090183,12009000417,0.9663486989
120090183,12009000433,0.0169846344
120090183,12009000436,0.0166666667
120090184,12009000418,0.9934370234
120090184,12009000428,0.0065629766
120090185,12009000424,0.0483081867
120090185,12009000441,0.2910199140
120090185,12009000442,0.5068257454
120090185,12009000504,0.1538461538
120090186,12009000229,1.0000000000
120090187,12009000507,0.1279039282
120090187,12009000511,0.6752711267
120090187,12009000518,0.1968249452
120090188,12009000511,0.7617928129
120090188,12009000518,0.2382071871
120090189,12009000511,1.0000000000
120090190,12009000511,1.0000000000
120090191,12009000511,0.5060985371
120090191,12009000518,0.4939014629
120090192,12009000511,0.0847050472
120090192,12009000518,0.9152949528
120090193,12009000426,0.4636078997
120090193,12009000518,0.5363921003
120090194,12009000512,0.6619709224
120090194,12009000525,0.2046957443
120090194,12009000531,0.1333333333
120090195,12009000519,1.0000000000
120090196,12009000512,0.8233765213
120090196,12009000525,0.1766234787
120090197,12009000230,1.0000000000
120090198,12009000520,1.0000000000
120090199,12009000303,1.0000000000
120090200,12009000419,0.8888888889
120090200,12009000431,0.1111111111
120090201,12009000402,0.9777777778
120090201,12009000422,0.0222222222
120090202,12009000420,0.9279380258
120090202,12009000421,0.0720619742
120090203,12009000317,1.0000000000
120090204,12009000404,0.8672062382
120090204,12009000415,0.1327937618
120090205,12009000421,0.9995540789
120090205,12009000430,0.0004459211
120090206,12009000303,1.0000000000
120090207,12009000521,1.0000000000
120090208,12009000510,1.0000000000
120090209,12009000315,1.0000000000
120090210,12009000315,1.0000000000
120090211,12009000422,0.9950859242
120090211,12009000427,0.0049140758
120090212,12009000419,0.9994740001
120090212,12009000431,0.0005259999
120090213,12009000318,1.0000000000
120090214,12009000118,1.0000000000
120090215,12009000114,0.0598481622
120090215,12009000116,0.3442935800
120090215,12009000127,0.5844018892
120090215,12009000134,0.0114563687
120090216,12009000114,0.0262191234
120090216,12009000116,0.9737808766
120090217,12009000118,0.9959835348
120090217,12009000122,0.0040164653
120090218,12009000113,0.1250000000
120090218,12009000124,0.5535714286
120090218,12009000125,0.3214285714
120090219,12009000125,1.0000000000
120090220,12009000209,0.0232558140
120090220,12009000231,0.7674418605
120090220,12009000233,0.2093023256
120090221,12009000231,1.0000000000
120090222,12009000121,0.0769230769
120090222,12009000131,0.9230769231
120090223,12009000129,0.0020837045
120090223,12009000131,0.9964967970
120090223,12009000135,0.0014194985
120090224,12009000131,1.0000000000
120090225,12009000424,0.8750866877
120090225,12009000441,0.1249133123
120090226,12009000102,0.0287966423
120090226,12009000118,0.9712033577
120090227,12009000207,0.9655172414
120090227,12009000209,0.0344827586
120090228,12009000121,1.0000000000
120090229,12009000209,0.9165974050
120090229,12009000233,0.0834025950
120090230,12009000212,1.0000000000
120090231,12009000214,0.6666666667
120090231,12009000234,0.3333333333
120090232,12009000303,0.0069155221
120090232,12009000317,0.9930844779
120090233,12009000519,0.9999533843
120090233,12009000522,0.0000466157
120090234,12009000512,0.0516442208
120090234,12009000522,0.8968804733
120090234,12009000527,0.0000958078
120090234,12009000531,0.0513794981
120090235,12009000522,0.9218282373
120090235,12009000527,0.0781717627
120090236,12009000523,1.0000000000
120090237,12009000523,1.0000000000
120090238,12009000523,1.0000000000
120090239,12009000302,0.0006990212
120090239,12009000312,0.3333333333
120090239,12009000320,0.6659676455
120090240,12009000320,1.0000000000
120090241,12009000320,1.0000000000
120090242,12009000307,0.6666666667
120090242,12009000321,0.3333333333
120090243,12009000307,1.0000000000
120090244,12009000307,0.4032280073
120090244,12009000321,0.5967719927
120090245,12009000307,1.0000000000
120090246,12009000523,0.2510836399
120090246,12009000524,0.7489163600
120090247,12009000417,0.1428571429
120090247,12009000425,0.8562643143
120090247,12009000428,0.0008785428
120090248,12009000417,1.0000000000
120090249,12009000317,0.9195067985
120090249,12009000319,0.0804932015
120090250,12009000319,1.0000000000
120090251,12009000315,1.0000000000
120090252,12009000409,1.0000000000
120090253,12009000210,0.9990999149
120090253,12009000214,0.0009000851
120090254,12009000422,0.8461538462
120090254,12009000426,0.0769230769
120090254,12009000511,0.0769230769
120090255,12009000422,0.7928888659
120090255,12009000426,0.1237778008
120090255,12009000441,0.0416666667
120090255,12009000518,0.0416666667
120090256,12009000422,1.0000000000
120090257,12009000309,1.0000000000
120090258,12009000309,1.0000000000
120090259,12009000000,0.0082342673
120090259,12009000126,0.9875290142
120090259,12009000205,0.0042367185
120090260,12009000404,0.9955616364
120090260,12009000405,0.0044383636
120090261,12009000219,0.9901069567
120090261,12009000228,0.0098930433
120090262,12009000224,1.0000000000
120090263,12009000224,1.0000000000
120090264,12009000224,1.0000000000
120090265,12009000209,0.0285714286
120090265,12009000233,0.9714285714
120090266,12009000207,1.0000000000
120090267,12009000214,0.7441860465
120090267,12009000234,0.2558139535
120090268,12009000512,0.1666666667
120090268,12009000525,0.8333333333
120090269,12009000525,1.0000000000
120090270,12009000525,1.0000000000
120090271,12009000525,1.0000000000
120090272,12009000525,1.0000000000
120090273,12009000525,1.0000000000
120090274,12009000103,0.2399483330
120090274,12009000109,0.7600516670
120090275,12009000109,0.8333333333
120090275,12009000126,0.1666666667
120090276,12009000103,0.1661440880
120090276,12009000109,0.8338559120
120090277,12009000109,1.0000000000
120090278,12009000103,0.5000000000
120090278,12009000109,0.5000000000
120090279,12009000112,0.0909090909
120090279,12009000114,0.7272727273
120090279,12009000116,0.1818181818
120090280,12009000114,1.0000000000
120090281,12009000114,0.7500000000
120090281,12009000116,0.2500000000
120090282,12009000114,0.4688681802
120090282,12009000116,0.5311318198
120090283,12009000116,1.0000000000
120090284,12009000114,0.0305058481
120090284,12009000116,0.9694941519
120090285,12009000116,1.0000000000
120090286,12009000114,1.0000000000
120090287,12009000114,1.0000000000
120090288,12009000116,1.0000000000
120090289,12009000114,0.0110080517
120090289,12009000116,0.9889919483
120090290,12009000114,0.1363842180
120090290,12009000116,0.8636157820
120090291,12009000422,0.1931990209
120090291,12009000426,0.6303145416
120090291,12009000518,0.1764864375
120090292,12009000421,0.0000352561
120090292,12009000422,0.1770825187
120090292,12009000427,0.8228822252
120090293,12009000427,1.0000000000
120090294,12009000410,0.4149990039
120090294,12009000422,0.2221477847
120090294,12009000427,0.3628532114
120090295,12009000410,0.3629164912
120090295,12009000427,0.6370835088
120090296,12009000402,0.0607058824
120090296,12009000410,0.0000946564
120090296,12009000422,0.0588235294
120090296,12009000427,0.8803759319
120090297,12009000222,1.0000000000
120090298,12009000406,0.0001726777
120090298,12009000412,0.0217391304
120090298,12009000417,0.0135067391
120090298,12009000428,0.9610043613
120090298,12009000431,0.0035770914
120090299,12009000322,1.0000000000
120090300,12009000315,1.0000000000
120090301,12009000128,0.9994561417
120090301,12009000135,0.0005438583
120090302,12009000129,1.0000000000
120090303,12009000102,0.4267149251
120090303,12009000118,0.0018476450
120090303,12009000129,0.5489466087
120090303,12009000227,0.0224908212
120090304,12009000418,1.0000000000
120090305,12009000429,1.0000000000
120090306,12009000321,1.0000000000
120090307,12009000307,0.3457490895
120090307,12009000321,0.6542509105
120090308,12009000430,1.0000000000
120090309,12009000510,0.5000000000
120090309,12009000520,0.5000000000
120090310,12009000428,0.0094205253
120090310,12009000431,0.9905794747
120090311,12009000419,0.0001476774
120090311,12009000431,0.9998523226
120090312,12009000431,1.0000000000
120090313,12009000130,1.0000000000
120090314,12009000121,0.8666666667
120090314,12009000129,0.1333333333
120090315,12009000510,1.0000000000
120090316,12009000505,1.0000000000
120090317,12009000505,1.0000000000
120090318,12009000505,0.0308671754
120090318,12009000506,0.9691328246
120090319,12009000506,1.0000000000
120090320,12009000320,1.0000000000
120090321,12009000302,0.3333333333
120090321,12009000312,0.0000969993
120090321,12009000320,0.6665696674
120090322,12009000320,1.0000000000
120090323,12009000320,1.0000000000
120090324,12009000320,1.0000000000
120090325,12009000121,0.0303030303
120090325,12009000131,0.9393939394
120090325,12009000135,0.0303030303
120090326,12009000118,0.5028546763
120090326,12009000129,0.4971453237
120090327,12009000131,0.4897161313
120090327,12009000135,0.5102838687
120090328,12009000321,1.0000000000
120090329,12009000525,1.0000000000
120090330,12009000519,1.0000000000
120090331,12009000519,1.0000000000
120090332,12009000132,0.4792742166
120090332,12009000135,0.5207257833
120090333,12009000322,1.0000000000
120090334,12009000312,1.0000000000
120090335,12009000312,1.0000000000
120090336,12009000312,1.0000000000
120090337,12009000527,1.0000000000
120090338,12009000424,1.0000000000
120090339,12009000522,0.2625754999
120090339,12009000527,0.7374245001
120090340,12009000511,1.0000000000
120090342,12009000511,1.0000000000
120090343,12009000503,0.5000000000
120090343,12009000504,0.5000000000
120090344,12009000503,0.6589597246
120090344,12009000504,0.3410402754
120090345,12009000503,1.0000000000
120110001,1201100A001,1.0000000000
120110002,1201100A002,1.0000000000
120110003,1201100A003,1.0000000000
120110004,1201100A001,0.9966506091
120110004,1201100B002,0.0033493909
120110005,1201100A004,1.0000000000
120110006,1201100A005,1.0000000000
120110007,1201100A006,0.9677419355
120110007,1201100A017,0.0322580645
120110008,1201100A001,1.0000000000
120110009,1201100A007,1.0000000000
120110010,1201100A008,0.4215058853
120110010,1201100A011,0.5784941147
120110011,1201100A003,0.9960017368
120110011,1201100A007,0.0039982632
120110012,1201100A009,1.0000000000
120110013,1201100A009,1.0000000000
120110014,1201100A001,0.0294117647
120110014,1201100A010,0.9705882353
120110015,1201100A008,0.2307692308
120110015,1201100A011,0.7692307692
120110016,1201100A003,1.0000000000
120110017,1201100A009,1.0000000000
120110018,1201100A003,0.0769230769
120110018,1201100A009,0.9230769231
120110019,1201100A003,1.0000000000
120110020,1201100A012,0.9310344828
120110020,1201100A021,0.0689655172
120110021,1201100A013,1.0000000000
120110022,1201100A014,0.8837209302
120110022,1201100F005,0.1159266396
120110022,1201100F012,0.0003524302
120110023,1201100A006,0.0066616067
120110023,1201100A011,0.0057683079
120110023,1201100A015,0.9875700854
120110024,1201100A013,0.9600000000
120110024,1201100F012,0.0400000000
120110025,1201100A014,0.8400000000
120110025,1201100F012,0.1600000000
120110026,1201100A002,1.0000000000
120110027,1201100A002,1.0000000000
120110028,1201100A016,1.0000000000
120110029,1201100A011,0.2500000000
120110029,1201100A017,0.7500000000
120110030,1201100A011,0.0013570779
120110030,1201100A017,0.9986429221
120110031,1201100A018,0.9285714286
120110031,1201100A022,0.0714285714
120110032,1201100A006,0.0015769525
120110032,1201100A017,0.1363636364
120110032,1201100A018,0.8166048656
120110032,1201100A023,0.0454545455
120110033,1201100A009,0.0010060505
120110033,1201100A019,0.9989939495
120110034,1201100A020,1.0000000000
120110035,1201100A017,0.1333333333
120110035,1201100A021,0.7333333333
120110035,1201100A024,0.1333333333
120110036,1201100F005,1.0000000000
120110037,1201100A022,1.0000000000
120110038,1201100A017,0.0370370370
120110038,1201100A023,0.8888888889
120110038,1201100A024,0.0740740741
120110039,1201100A024,1.0000000000
120110040,1201100A024,1.0000000000
120110041,1201100A005,0.0045851828
120110041,12011ZZZZZZ,0.9954148172
120110042,12011ZZZZZZ,1.0000000000
120110043,12011ZZZZZZ,1.0000000000
120110044,12011ZZZZZZ,1.0000000000
120110045,12011ZZZZZZ,1.0000000000
120110046,1201100B001,1.0000000000
120110047,1201100A001,0.0382072524
120110047,1201100B002,0.9617927476
120110048,1201100B003,1.0000000000
120110049,1201100B004,1.0000000000
120110050,1201100B005,1.0000000000
120110051,1201100B004,1.0000000000
120110052,1201100B006,1.0000000000
120110053,1201100C001,1.0000000000
120110054,1201100C002,1.0000000000
120110055,1201100C001,1.0000000000
120110056,1201100C003,1.0000000000
120110057,1201100C004,1.0000000000
120110058,1201100C005,1.0000000000
120110059,1201100C006,0.9887640449
120110059,1201100C007,0.0112359551
120110060,1201100C007,0.9714285714
120110060,1201100C030,0.0285714286
120110061,1201100C008,1.0000000000
120110062,1201100C009,1.0000000000
120110063,12011000012,0.0689655172
120110063,1201100C010,0.9310344828
120110064,1201100C010,1.0000000000
120110065,1201100C011,1.0000000000
120110066,1201100C012,1.0000000000
120110067,1201100C013,0.9998312978
120110067,1201100Q031,0.0001687023
120110068,1201100C014,1.0000000000
120110069,1201100C015,1.0000000000
120110070,1201100R052,1.0000000000
120110071,1201100C003,0.0081131398
120110071,1201100C016,0.9918868602
120110072,1201100C017,0.9995102658
120110072,1201100R001,0.0004897342
120110073,1201100C016,1.0000000000
120110074,1201100C018,0.9795918367
120110074,1201100R002,0.0204081633
120110075,1201100C019,1.0000000000
120110076,12011000025,0.5000000000
120110076,1201100R002,0.5000000000
120110077,1201100C020,0.9980408861
120110077,1201100C025,0.0019591139
120110078,1201100C009,0.9879003738
120110078,1201100C028,0.0120996262
120110079,1201100C015,0.1000000000
120110079,1201100C021,0.9000000000
120110080,1201100C022,1.0000000000
120110081,1201100C023,1.0000000000
120110082,1201100C024,1.0000000000
120110083,1201100C006,0.0259920949
120110083,1201100C015,0.0434782609
120110083,1201100C025,0.9305296443
120110084,1201100C023,1.0000000000
120110085,1201100C009,1.0000000000
120110086,1201100C026,1.0000000000
120110087,1201100C023,1.0000000000
120110088,1201100C027,1.0000000000
120110089,1201100C015,0.0253457899
120110089,1201100C028,0.9746542101
120110090,1201100C028,1.0000000000
120110092,1201100C016,0.9710170063
120110092,1201100C027,0.0289829937
120110093,1201100C016,1.0000000000
120110094,1201100C016,1.0000000000
120110095,1201100C024,1.0000000000
120110096,1201100C024,1.0000000000
120110097,1201100C024,1.0000000000
120110098,1201100C024,1.0000000000
120110099,1201100C024,1.0000000000
120110100,1201100C015,0.0368438904
120110100,1201100C024,0.5000000000
120110100,1201100C028,0.4631561095
120110101,1201100C029,1.0000000000
120110102,1201100C023,1.0000000000
120110103,1201100C030,1.0000000000
120110104,1201100C031,0.9787234043
120110104,1201100C035,0.0212765957
120110105,1201100C032,1.0000000000
120110106,1201100C007,0.0909090909
120110106,1201100C031,0.8636363636
120110106,1201100C035,0.0454545455
120110107,1201100A018,0.0540540541
120110107,1201100C033,0.9459459459
120110108,1201100A022,0.0135135135
120110108,1201100C034,0.9864864865
120110109,1201100C035,1.0000000000
120110110,1201100C036,1.0000000000
120110111,1201100C032,0.0312500000
120110111,1201100C037,0.9687500000
120110112,1201100C038,1.0000000000
120110113,1201100C038,1.0000000000
120110114,1201100D001,1.0000000000
120110115,1201100D002,1.0000000000
120110116,1201100D003,1.0000000000
120110117,1201100D007,1.0000000000
120110118,1201100D004,0.4500000000
120110118,1201100D008,0.5000000000
120110118,1201100D016,0.0500000000
120110119,1201100D001,1.0000000000
120110120,1201100D002,0.5121951220
120110120,1201100D005,0.4878048780
120110121,1201100D012,0.7126482875
120110121,1201100K001,0.2873517125
120110122,1201100D006,0.9997841381
120110122,1201100R013,0.0002158619
120110123,1201100D007,0.9705707845
120110123,1201100K011,0.0031134261
120110123,1201100R025,0.0263157895
120110124,1201100D008,1.0000000000
120110125,1201100D009,0.9375000000
120110125,1201100K001,0.0625000000
120110126,1201100D005,0.3600000000
120110126,1201100D010,0.6400000000
120110127,1201100D002,0.0028685894
120110127,1201100D011,0.9971314106
120110128,1201100D012,0.4855876710
120110128,1201100K002,0.5144123290
120110129,1201100D013,0.9930694331
120110129,1201100J010,0.0069305669
120110131,1201100D001,0.4000000000
120110131,1201100D014,0.6000000000
120110132,1201100D015,1.0000000000
120110133,1201100D001,1.0000000000
120110134,1201100D014,0.4166666667
120110134,1201100D016,0.5766323522
120110134,1201100R002,0.0067009811
120110135,1201100D015,1.0000000000
120110136,1201100D016,1.0000000000
120110137,1201100D008,0.6250000000
120110137,1201100R052,0.3750000000
120110138,1201100E001,1.0000000000
120110139,1201100E002,1.0000000000
120110140,1201100E003,1.0000000000
120110141,1201100E004,1.0000000000
120110142,1201100E005,1.0000000000
120110143,1201100E020,1.0000000000
120110144,1201100E006,1.0000000000
120110145,1201100E007,1.0000000000
120110146,1201100E004,0.8888888889
120110146,1201100E029,0.0277777778
120110146,12011ZZZZZZ,0.0833333333
120110147,1201100E008,0.9736842105
120110147,12011ZZZZZZ,0.0263157895
120110148,1201100E010,1.0000000000
120110149,1201100E009,1.0000000000
120110150,1201100E010,1.0000000000
120110151,12011000021,0.0769230769
120110151,1201100E011,0.9230769231
120110152,12011000021,1.0000000000
120110153,1201100E006,1.0000000000
120110154,1201100E001,0.0010120520
120110154,1201100E012,0.9989879480
120110155,1201100E013,1.0000000000
120110156,1201100E014,1.0000000000
120110157,1201100E014,1.0000000000
120110158,1201100E015,1.0000000000
120110159,1201100E027,1.0000000000
120110160,12011000011,1.0000000000
120110161,12011000011,1.0000000000
120110163,1201100E018,0.9987746424
120110163,1201100E026,0.0012253576
120110164,1201100E019,1.0000000000
120110165,1201100E020,1.0000000000
120110166,1201100E007,1.0000000000
120110167,1201100E021,1.0000000000
120110168,12011000011,1.0000000000
120110169,12011000011,1.0000000000
120110170,1201100E024,1.0000000000
120110171,1201100E025,1.0000000000
120110172,1201100E026,0.9714285714
120110172,12011ZZZZZZ,0.0285714286
120110173,1201100E006,1.0000000000
120110174,1201100E027,1.0000000000
120110175,1201100E028,1.0000000000
120110176,1201100E028,1.0000000000
120110177,1201100E029,1.0000000000
120110178,1201100E019,1.0000000000
120110179,1201100E030,1.0000000000
120110180,12011000011,1.0000000000
120110181,12011000011,1.0000000000
120110182,12011000011,1.0000000000
120110183,12011000011,1.0000000000
120110184,12011000011,0.5693720197
120110184,1201100E019,0.1000000000
120110184,1201100E034,0.1303680370
120110184,1201100Q043,0.2002599433
120110185,1201100E011,1.0000000000
120110186,1201100E021,1.0000000000
120110187,1201100E026,0.0094339623
120110187,1201100M025,0.0007650615
120110187,1201100Q062,0.0283018868
120110187,1201100Q064,0.0094339623
120110187,12011ZZZZZZ,0.9520651272
120110188,1201100C009,0.4444444444
120110188,1201100F004,0.3165700674
120110188,1201100F008,0.2389854882
120110189,1201100C009,0.0156572428
120110189,1201100F001,0.9843427572
120110190,1201100F004,1.0000000000
120110191,1201100F003,1.0000000000
120110192,1201100C026,0.1429923088
120110192,1201100F002,0.8570076912
120110193,1201100F004,1.0000000000
120110194,1201100F005,0.9209187188
120110194,1201100F010,0.0000194575
120110194,1201100F012,0.0790618237
120110195,1201100C023,0.1052631579
120110195,1201100F001,0.2105263158
120110195,1201100F006,0.6578784361
120110195,1201100G006,0.0263320902
120110196,1201100F007,0.8888888889
120110196,1201100F013,0.1111111111
120110197,1201100F004,1.0000000000
120110198,1201100F004,0.0434782609
120110198,1201100F008,0.9565217391
120110199,1201100F009,0.9960857381
120110199,1201100G011,0.0039142619
120110200,1201100F010,1.0000000000
120110201,1201100F011,1.0000000000
120110202,1201100F012,1.0000000000
120110203,1201100F013,1.0000000000
120110204,1201100F014,1.0000000000
120110205,12011000002,1.0000000000
120110206,1201100E011,0.0004399019
120110206,1201100G016,0.9995600981
120110207,1201100G002,0.8666666667
120110207,1201100G006,0.0333333333
120110207,1201100G010,0.1000000000
120110208,1201100E005,0.0035975492
120110208,1201100G002,0.9964024508
120110209,12011000002,0.1133862431
120110209,1201100G003,0.8866137569
120110210,1201100G004,1.0000000000
120110211,1201100G005,1.0000000000
120110212,12011000003,1.0000000000
120110213,1201100G006,1.0000000000
120110214,1201100G007,1.0000000000
120110215,1201100G004,0.5652173913
120110215,1201100G012,0.4347826087
120110216,1201100F001,0.0013937147
120110216,1201100G006,0.5714285714
120110216,1201100G014,0.4271777139
120110217,1201100C023,0.0285714286
120110217,1201100F001,0.0000870288
120110217,1201100G008,0.9713415426
120110218,1201100G009,1.0000000000
120110219,1201100G008,1.0000000000
120110220,1201100G010,1.0000000000
120110221,1201100F010,0.0019319005
120110221,1201100G011,0.9980680995
120110222,1201100G004,0.7368421053
120110222,1201100G012,0.1052631579
120110222,1201100G014,0.1578947368
120110223,1201100G013,1.0000000000
120110224,1201100G014,1.0000000000
120110225,1201100G015,1.0000000000
120110226,1201100G008,1.0000000000
120110227,1201100E005,0.0129662383
120110227,1201100G016,0.9870337617
120110228,1201100G012,1.0000000000
120110229,1201100H001,0.8461538462
120110229,1201100H004,0.1538461538
120110230,1201100H001,0.2857142857
120110230,1201100H002,0.4642857143
120110230,1201100H003,0.2500000000
120110231,1201100H003,1.0000000000
120110232,1201100E010,0.0416666667
120110232,1201100H004,0.8333333333
120110232,1201100H009,0.1250000000
120110233,1201100G008,0.0404421802
120110233,1201100H005,0.9595578198
120110234,1201100H006,0.9931205816
120110234,1201100J004,0.0068794184
120110235,1201100H007,1.0000000000
120110236,1201100H008,1.0000000000
120110237,1201100H004,1.0000000000
120110238,1201100H001,0.1333333333
120110238,1201100H003,0.4333333333
120110238,1201100H009,0.4333333333
120110239,1201100H010,0.9411764706
120110239,1201100R052,0.0588235294
120110240,1201100H005,0.3333333333
120110240,1201100H010,0.6561205897
120110240,1201100R053,0.0105460770
120110241,1201100H011,1.0000000000
120110242,1201100H011,0.9982133104
120110242,1201100J013,0.0017866896
120110243,1201100J011,1.0000000000
120110244,1201100H003,0.0034978299
120110244,1201100J001,0.9965021701
120110245,1201100J002,0.9606816305
120110245,12011ZZZZZZ,0.0393183695
120110246,1201100J003,1.0000000000
120110247,1201100H006,0.0253709702
120110247,1201100J004,0.9737100804
120110247,1201100J008,0.0009189494
120110248,1201100J005,1.0000000000
120110249,1201100J006,1.0000000000
120110250,1201100J007,0.9502441293
120110250,1201100J015,0.0497558707
120110251,1201100H006,0.0520590231
120110251,1201100J004,0.0555555556
120110251,1201100J008,0.8923854214
120110252,1201100J009,1.0000000000
120110253,1201100D012,0.0587340204
120110253,1201100D013,0.0317757067
120110253,1201100H010,0.0317460317
120110253,1201100J010,0.8679882486
120110253,1201100K002,0.0047580431
120110253,1201100R052,0.0049979494
120110254,1201100J011,1.0000000000
120110255,1201100J012,1.0000000000
120110256,1201100H011,0.0909090909
120110256,1201100J013,0.9090909091
120110257,1201100J014,0.9811320755
120110257,1201100J020,0.0188679245
120110258,1201100J015,1.0000000000
120110259,1201100J010,0.9979771064
120110259,1201100R052,0.0020228936
120110260,1201100J016,1.0000000000
120110261,1201100J017,1.0000000000
120110262,1201100J018,1.0000000000
120110263,1201100J019,0.9833436618
120110263,12011ZZZZZZ,0.0166563382
120110264,1201100J012,1.0000000000
120110265,1201100J015,0.1250000000
120110265,1201100J020,0.8750000000
120110266,1201100H011,0.0011726461
120110266,1201100J013,0.1000000000
120110266,1201100J020,0.8988273539
120110267,1201100J021,1.0000000000
120110268,1201100J002,0.0833333333
120110268,1201100J022,0.9166666667
120110269,1201100J012,0.0000205742
120110269,1201100J023,0.9999794258
120110270,1201100J011,1.0000000000
120110271,1201100J024,1.0000000000
120110272,1201100J007,1.0000000000
120110273,1201100D012,0.0027212920
120110273,1201100K002,0.9972787080
120110274,1201100K003,1.0000000000
120110275,1201100K003,0.9666666667
120110275,1201100L010,0.0333333333
120110276,1201100D009,0.0715684300
120110276,1201100K004,0.9284315700
120110277,1201100K005,1.0000000000
120110278,1201100K008,0.1111111111
120110278,1201100K009,0.7777777778
120110278,1201100L010,0.1111111111
120110279,1201100K006,0.9583333333
120110279,1201100K011,0.0416666667
120110280,1201100K007,1.0000000000
120110281,1201100K008,0.9948260264
120110281,1201100L002,0.0022132122
120110281,1201100L003,0.0023939202
120110281,1201100L008,0.0005668412
120110282,1201100K009,1.0000000000
120110283,1201100K005,0.0250643335
120110283,1201100K010,0.9749356665
120110284,1201100K011,1.0000000000
120110287,1201100K001,1.0000000000
120110288,1201100L001,1.0000000000
120110289,1201100L013,1.0000000000
120110290,1201100L010,1.0000000000
120110291,1201100L010,1.0000000000
120110292,1201100K008,0.0081224580
120110292,1201100L002,0.9918775420
120110293,1201100L003,1.0000000000
120110294,1201100L004,1.0000000000
120110295,1201100L004,0.9203871786
120110295,1201100M002,0.0796128214
120110296,1201100L005,1.0000000000
120110297,1201100L006,1.0000000000
120110298,1201100L007,1.0000000000
120110299,1201100L006,0.9230769231
120110299,1201100L008,0.0769230769
120110300,1201100L008,0.9986261013
120110300,1201100N001,0.0003525830
120110300,1201100N019,0.0010213158
120110301,1201100L004,0.5263157895
120110301,1201100L019,0.4736842105
120110302,1201100J015,0.0009751341
120110302,1201100L013,0.9990248659
120110303,1201100L009,1.0000000000
120110304,1201100L010,1.0000000000
120110305,1201100L009,0.1250000000
120110305,1201100L011,0.8750000000
120110306,1201100L012,0.9991359504
120110306,1201100N019,0.0008640496
120110307,1201100L001,1.0000000000
120110308,1201100L001,0.8333333333
120110308,1201100M015,0.1666666667
120110309,1201100L001,1.0000000000
120110310,1201100L013,1.0000000000
120110311,1201100L004,1.0000000000
120110312,1201100L014,0.9994713191
120110312,1201100R069,0.0005286809
120110313,1201100L015,1.0000000000
120110314,1201100L006,0.0256410256
120110314,1201100L016,0.9743589744
120110315,1201100L017,1.0000000000
120110316,1201100L018,0.9687500000
120110316,1201100N001,0.0312500000
120110317,1201100M001,0.7835605533
120110317,1201100M022,0.0277320396
120110317,1201100M029,0.0002232304
120110317,12011ZZZZZZ,0.1884841766
120110318,1201100M002,1.0000000000
120110319,1201100L012,0.0299658097
120110319,1201100M003,0.9700341903
120110320,1201100L012,0.0023533818
120110320,1201100M003,0.9976466182
120110321,1201100M002,1.0000000000
120110322,1201100L009,0.0515662926
120110322,1201100M004,0.9484337074
120110323,1201100M005,0.8888888889
120110323,1201100M007,0.1111111111
120110324,1201100M006,0.9022955988
120110324,1201100M020,0.0038003389
120110324,1201100M024,0.0029949714
120110324,1201100M027,0.0909090909
120110325,1201100L009,0.0456213223
120110325,1201100M007,0.9543786777
120110326,1201100M008,1.0000000000
120110327,1201100M005,0.2000000000
120110327,1201100M009,0.7999483147
120110327,1201100N009,0.0000516853
120110328,1201100M009,1.0000000000
120110329,1201100M008,0.0833333333
120110329,1201100M010,0.9166666667
120110330,1201100M011,1.0000000000
120110331,1201100M012,0.9962109757
120110331,1201100N025,0.0037890243
120110332,1201100M013,1.0000000000
120110333,1201100M001,0.0027671295
120110333,1201100M014,0.9669298401
120110333,1201100M029,0.0303030303
120110334,1201100J019,0.0317286951
120110334,1201100M015,0.9240320181
120110334,12011ZZZZZZ,0.0442392869
120110335,1201100M010,0.2731866956
120110335,1201100M016,0.7268133044
120110336,1201100M016,0.1004660179
120110336,1201100M017,0.8995339821
120110337,1201100M018,1.0000000000
120110338,1201100M012,0.2852621022
120110338,1201100M019,0.7085116560
120110338,1201100N009,0.0057740582
120110338,1201100N025,0.0004521835
120110339,1201100M020,0.8666666667
120110339,1201100M024,0.1333333333
120110340,1201100L007,0.0126557771
120110340,1201100M007,0.1220538698
120110340,1201100M008,0.8571428571
120110340,1201100M032,0.0081474960
120110341,1201100M021,0.6666666667
120110341,1201100M027,0.3333333333
120110342,1201100M021,1.0000000000
120110343,1201100M014,0.0055308497
120110343,1201100M022,0.8311568828
120110343,1201100M025,0.0172413793
120110343,1201100M030,0.1254612320
120110343,1201100N028,0.0117105296
120110343,12011ZZZZZZ,0.0088991265
120110344,1201100M023,1.0000000000
120110345,1201100M024,1.0000000000
120110346,1201100M025,0.9921611020
120110346,1201100Q064,0.0045542684
120110346,1201100T008,0.0032846296
120110347,1201100M026,1.0000000000
120110348,1201100M025,0.9075030797
120110348,1201100Q064,0.0924969203
120110349,1201100M027,1.0000000000
120110350,1201100M028,1.0000000000
120110351,1201100M029,1.0000000000
120110352,1201100M030,1.0000000000
120110353,1201100M030,1.0000000000
120110354,1201100M030,0.9947756497
120110354,1201100N004,0.0052243503
120110355,1201100M020,1.0000000000
120110356,1201100M031,1.0000000000
120110357,1201100L007,0.0611497432
120110357,1201100M032,0.9388502568
120110358,1201100L006,0.0256410256
120110358,1201100L016,0.0256410256
120110358,1201100N001,0.9487179487
120110359,1201100N002,0.9756097561
120110359,1201100N008,0.0238838338
120110359,1201100N019,0.0005064101
120110360,1201100R063,1.0000000000
120110361,1201100N003,0.8965517241
120110361,1201100N005,0.0689655172
120110361,1201100Z003,0.0344827586
120110362,1201100M030,0.0000265523
120110362,1201100N004,0.9999734477
120110363,1201100N008,1.0000000000
120110364,1201100N005,1.0000000000
120110365,1201100N005,0.0227272727
120110365,1201100N006,0.8636363636
120110365,1201100N020,0.1136363636
120110366,1201100N007,1.0000000000
120110367,1201100N008,1.0000000000
120110368,1201100N009,0.5455712906
120110368,1201100N024,0.0028158062
120110368,1201100N025,0.4516129032
120110369,1201100N010,0.9565217391
120110369,1201100N027,0.0434782609
120110370,1201100N011,0.9736842105
120110370,1201100N027,0.0263157895
120110371,1201100N011,0.0041635082
120110371,1201100N012,0.8804518764
120110371,1201100N017,0.0037167217
120110371,1201100N018,0.1116678937
120110372,1201100N013,1.0000000000
120110373,1201100N014,1.0000000000
120110374,1201100N014,0.0015316849
120110374,1201100N015,0.9984683151
120110375,1201100M030,0.0384615385
120110375,1201100N016,0.6923076923
120110375,1201100N028,0.2692307692
120110376,1201100N017,1.0000000000
120110377,1201100N015,1.0000000000
120110378,1201100N017,0.0022134477
120110378,1201100N018,0.8126013671
120110378,1201100N022,0.0185185185
120110378,1201100N026,0.1666666667
120110379,1201100N019,1.0000000000
120110380,1201100M003,0.0063851048
120110380,1201100M004,0.0000566788
120110380,1201100N014,0.9935582164
120110381,1201100N020,0.9791666667
120110381,1201100N027,0.0208333333
120110382,1201100N004,0.0312500000
120110382,1201100N021,0.7812500000
120110382,1201100N029,0.1250000000
120110382,1201100T006,0.0312500000
120110382,1201100T028,0.0312500000
120110383,1201100N015,1.0000000000
120110384,1201100N022,0.8695652174
120110384,1201100N029,0.1304347826
120110385,1201100N022,0.0500000000
120110385,1201100N023,0.9500000000
120110386,1201100N015,0.0476190476
120110386,1201100N024,0.9523809524
120110387,1201100N024,0.1142857143
120110387,1201100N025,0.8857142857
120110388,1201100N022,0.1052631579
120110388,1201100N026,0.8947368421
120110389,1201100L008,0.0625000000
120110389,1201100L012,0.0625000000
120110389,1201100L019,0.2425103306
120110389,1201100N002,0.0063243584
120110389,1201100N019,0.6261653110
120110390,1201100N027,1.0000000000
120110391,1201100N003,1.0000000000
120110392,1201100N017,0.0769230769
120110392,1201100N029,0.9230769231
120110393,1201100N028,1.0000000000
120110394,1201100N022,0.1875000000
120110394,1201100N023,0.8125000000
120110395,1201100N022,1.0000000000
120110396,1201100N008,0.6666666667
120110396,1201100N027,0.3333333333
120110397,1201100N019,1.0000000000
120110398,1201100N029,1.0000000000
120110399,1201100N006,1.0000000000
120110400,1201100P001,1.0000000000
120110401,1201100P003,1.0000000000
120110402,1201100P002,1.0000000000
120110403,1201100D005,0.0053767529
120110403,1201100D007,0.0381015080
120110403,1201100P003,0.9347826087
120110403,1201100R022,0.0217391304
120110404,1201100P004,1.0000000000
120110405,1201100P005,1.0000000000
120110406,1201100P006,1.0000000000
120110407,1201100P003,1.0000000000
120110408,1201100A001,0.0032376966
120110408,1201100B002,0.0020235196
120110408,1201100Q010,0.9947387838
120110409,1201100Q020,0.8075974597
120110409,1201100Q031,0.1368469848
120110409,1201100R001,0.0555555556
120110410,1201100Q030,0.9964960449
120110410,1201100R005,0.0023288077
120110410,1201100R012,0.0011751475
120110411,1201100Q031,1.0000000000
120110412,1201100Q031,1.0000000000
120110413,1201100Q030,1.0000000000
120110414,12011000011,0.7847981182
120110414,1201100Q040,0.1176470588
120110414,1201100Q041,0.0392156863
120110414,1201100Q042,0.0583391367
120110415,1201100F011,0.1111111111
120110415,1201100Q041,0.8888888889
120110416,1201100Q042,1.0000000000
120110417,12011000011,0.0471008703
120110417,1201100E014,0.0416666667
120110417,1201100E034,0.0004082929
120110417,1201100Q043,0.9108241702
120110418,12011000011,1.0000000000
120110419,1201100F007,0.1666666667
120110419,1201100Q041,0.8333333333
120110420,1201100Q041,1.0000000000
120110421,12011000011,1.0000000000
120110422,1201100Q050,0.9938340296
120110422,1201100Q082,0.0061659704
120110423,1201100Q051,1.0000000000
120110424,1201100Q051,0.8232183498
120110424,1201100Q080,0.1767816502
120110425,1201100Q060,0.9570425779
120110425,12011ZZZZZZ,0.0429574221
120110426,1201100Q060,0.9936950509
120110426,1201100Q065,0.0063049491
120110427,1201100Q061,1.0000000000
120110428,1201100Q061,0.1200000000
120110428,1201100Q062,0.8800000000
120110429,1201100Q062,1.0000000000
120110430,1201100Q061,0.0250000000
120110430,1201100Q063,0.7750000000
120110430,1201100Q064,0.2000000000
120110431,1201100Q064,1.0000000000
120110432,1201100Q065,1.0000000000
120110433,1201100Q065,1.0000000000
120110434,1201100Q065,0.3492063492
120110434,1201100Q091,0.0000699470
120110434,12011ZZZZZZ,0.6507237038
120110435,1201100Q066,1.0000000000
120110436,1201100Q067,1.0000000000
120110437,1201100Q068,0.8695420737
120110437,1201100Q070,0.0212765957
120110437,1201100T018,0.1091813305
120110438,1201100Q069,0.7262501200
120110438,1201100Q070,0.2333333333
120110438,1201100Q091,0.0404165467
120110439,1201100Q070,1.0000000000
120110440,1201100Q061,0.4000000000
120110440,1201100Q071,0.6000000000
120110441,1201100Q068,0.0043189978
120110441,1201100Q071,0.9946432551
120110441,1201100T018,0.0010377471
120110442,1201100Q061,1.0000000000
120110443,1201100Q072,1.0000000000
120110444,1201100Q051,0.0306933352
120110444,1201100Q080,0.9693066648
120110445,1201100Q051,0.0312500000
120110445,1201100Q080,0.9687500000
120110446,1201100Q050,0.0020445199
120110446,1201100Q081,0.9746996661
120110446,12086000256,0.0232558140
120110447,1201100Q050,0.0001090226
120110447,1201100Q082,0.9998909774
120110448,1201100Q083,1.0000000000
120110449,1201100Q090,0.9318248239
120110449,1201100T017,0.0002233563
120110449,1201100U008,0.0679518198
120110450,1201100Q090,0.5000000000
120110450,1201100U008,0.5000000000
120110451,1201100Q090,1.0000000000
120110452,1201100Q091,0.9305354399
120110452,1201100T017,0.0383937212
120110452,1201100T018,0.0178571429
120110452,1201100T024,0.0132136960
120110453,1201100Q091,0.8483930088
120110453,12011ZZZZZZ,0.1516069912
120110454,1201100Q091,0.9400855827
120110454,1201100X032,0.0253651591
120110454,1201100X037,0.0345492583
120110455,1201100Q091,0.9268067924
120110455,1201100T024,0.0731932076
120110456,1201100Q091,0.6766491987
120110456,1201100X032,0.3233508013
120110457,1201100Q091,0.9316136594
120110457,1201100X032,0.0683863406
120110458,1201100R001,1.0000000000
120110459,1201100R002,1.0000000000
120110460,1201100C015,0.0029323056
120110460,1201100D008,0.1724137931
120110460,1201100D016,0.0004220840
120110460,1201100R052,0.8242318172
120110461,1201100R052,1.0000000000
120110462,1201100R003,1.0000000000
120110463,1201100R004,1.0000000000
120110464,1201100R005,1.0000000000
120110465,1201100D001,0.0416666667
120110465,1201100R006,0.9583333333
120110466,1201100R007,1.0000000000
120110467,1201100R008,1.0000000000
120110468,1201100R002,0.5252331092
120110468,1201100R009,0.4747668908
120110469,1201100D014,0.0526315789
120110469,1201100R002,0.0527879886
120110469,1201100R009,0.8945804324
120110470,1201100R010,1.0000000000
120110471,1201100R010,1.0000000000
120110472,1201100R011,1.0000000000
120110473,1201100R052,1.0000000000
120110474,1201100D016,0.4965569742
120110474,1201100R052,0.5034430258
120110475,1201100R012,1.0000000000
120110476,1201100R013,1.0000000000
120110477,1201100R013,1.0000000000
120110478,1201100R012,1.0000000000
120110479,1201100R040,1.0000000000
120110480,1201100D006,0.0012068378
120110480,1201100R013,0.9987931622
120110481,1201100R046,1.0000000000
120110482,1201100R014,0.9999819979
120110482,1201100R055,0.0000180021
120110483,12011000019,0.1846153846
120110483,1201100R015,0.7996675729
120110483,1201100R016,0.0157170425
120110484,1201100R016,1.0000000000
120110485,1201100R016,1.0000000000
120110486,1201100R016,0.5897435897
120110486,1201100R017,0.4102564103
120110487,1201100R016,0.0303030303
120110487,1201100R018,0.9676039631
120110487,1201100R020,0.0020930066
120110488,1201100R019,1.0000000000
120110489,1201100R020,1.0000000000
120110490,1201100R035,1.0000000000
120110491,1201100R021,1.0000000000
120110492,1201100R022,0.6470588235
120110492,1201100R056,0.3529411765
120110493,1201100R023,0.4074074074
120110493,1201100R030,0.5925925926
120110494,1201100R024,0.9905479337
120110494,1201100R030,0.0094520663
120110495,1201100P003,0.0285714286
120110495,1201100R025,0.9714285714
120110496,1201100R026,1.0000000000
120110497,1201100R027,0.8181818182
120110497,1201100R056,0.1818181818
120110498,1201100R028,0.9777777778
120110498,1201100R069,0.0222222222
120110499,1201100R023,0.1250000000
120110499,1201100R029,0.8707590635
120110499,1201100R064,0.0042409365
120110500,1201100R030,1.0000000000
120110501,1201100R031,0.9600000000
120110501,1201100R058,0.0400000000
120110502,1201100R032,0.9562075900
120110502,1201100R040,0.0155234994
120110502,1201100R041,0.0147058824
120110502,1201100R060,0.0135630282
120110503,1201100R031,0.4000000000
120110503,1201100R041,0.6000000000
120110504,1201100R023,0.3252480111
120110504,1201100R031,0.0010199580
120110504,1201100R033,0.5244468017
120110504,1201100R041,0.0178983678
120110504,1201100R056,0.0072992701
120110504,1201100R060,0.1240875912
120110505,1201100R034,1.0000000000
120110506,1201100R034,1.0000000000
120110507,1201100R034,1.0000000000
120110508,1201100R035,1.0000000000
120110509,1201100R036,1.0000000000
120110510,1201100R037,1.0000000000
120110511,1201100R038,0.6048979007
120110511,1201100R039,0.3708689701
120110511,1201100R055,0.0232558140
120110511,1201100V058,0.0009773152
120110512,1201100R039,1.0000000000
120110513,1201100R040,0.9963962002
120110513,1201100V058,0.0036037998
120110514,1201100R040,1.0000000000
120110515,1201100R041,1.0000000000
120110516,1201100R019,0.9999288087
120110516,1201100R034,0.0000711914
120110517,1201100R031,0.1093407002
120110517,1201100R042,0.8906592998
120110518,1201100R043,1.0000000000
120110519,1201100R043,1.0000000000
120110520,1201100R040,0.0042851659
120110520,1201100R044,0.9957148341
120110521,1201100R045,1.0000000000
120110522,1201100R046,1.0000000000
120110523,1201100R047,0.9900474103
120110523,1201100S007,0.0099525897
120110524,1201100R048,1.0000000000
120110525,1201100R050,1.0000000000
120110526,1201100R049,0.9038111121
120110526,1201100R050,0.0517241379
120110526,1201100R065,0.0444647500
120110527,1201100R050,1.0000000000
120110528,1201100R051,1.0000000000
120110529,1201100H010,1.0000000000
120110530,1201100C024,0.0023543089
120110530,1201100D008,0.0229885057
120110530,1201100H010,0.0003201533
120110530,1201100J010,0.0912045162
120110530,1201100R052,0.8831325159
120110531,1201100C024,0.0289573408
120110531,1201100R052,0.9710426592
120110532,1201100R052,0.2222222222
120110532,1201100R053,0.7777777778
120110533,1201100R053,1.0000000000
120110534,1201100R018,0.9942542728
120110534,1201100R060,0.0057457272
120110535,1201100R054,1.0000000000
120110536,1201100R055,1.0000000000
120110537,1201100R022,0.7500000000
120110537,1201100R056,0.2500000000
120110538,1201100R021,0.1470588235
120110538,1201100R022,0.0294117647
120110538,1201100R057,0.8235294118
120110539,1201100R031,0.2777777778
120110539,1201100R058,0.7222222222
120110540,1201100R032,1.0000000000
120110541,1201100R058,0.0476190476
120110541,1201100R059,0.9523809524
120110542,1201100R041,1.0000000000
120110543,1201100R018,0.1407900357
120110543,1201100R032,0.1153846154
120110543,1201100R033,0.1139293116
120110543,1201100R034,0.0129097057
120110543,1201100R041,0.0026758122
120110543,1201100R060,0.6143105194
120110544,1201100R018,0.8461538462
120110544,1201100R060,0.1538461538
120110545,1201100R016,0.4166666667
120110545,1201100R018,0.5833333333
120110546,1201100R016,1.0000000000
120110547,1201100R016,1.0000000000
120110548,1201100R043,0.0571428571
120110548,1201100R047,0.0341590846
120110548,1201100R061,0.9086980582
120110549,1201100R047,1.0000000000
120110550,1201100R047,0.9232940599
120110550,1201100S007,0.0767059401
120110551,1201100R058,1.0000000000
120110552,1201100R021,0.5000000000
120110552,1201100R022,0.5000000000
120110553,1201100R062,0.9751103575
120110553,1201100R064,0.0248896425
120110554,1201100R002,1.0000000000
120110555,1201100H010,0.0107997256
120110555,1201100R053,0.9892002744
120110556,1201100C024,0.0206894829
120110556,1201100R052,0.9793105171
120110557,1201100R063,1.0000000000
120110558,1201100R063,1.0000000000
120110559,1201100R050,1.0000000000
120110560,1201100R031,0.0131578947
120110560,1201100R064,0.9868421053
120110561,1201100R047,0.0209134149
120110561,1201100R065,0.6949974135
120110561,1201100R066,0.1000000000
120110561,1201100S008,0.1840891716
120110562,1201100R048,1.0000000000
120110563,1201100R048,1.0000000000
120110564,1201100R048,1.0000000000
120110565,1201100R053,1.0000000000
120110566,1201100R066,1.0000000000
120110567,1201100R067,1.0000000000
120110568,1201100R068,0.9393270604
120110568,1201100T016,0.0606729396
120110569,1201100D007,0.0625000000
120110569,1201100R025,0.0625000000
120110569,1201100R069,0.8750000000
120110570,1201100S004,1.0000000000
120110571,1201100R047,0.0224994749
120110571,1201100S005,0.0433758955
120110571,1201100S008,0.7119060368
120110571,1201100T016,0.1314097378
120110571,1201100V055,0.0908088549
120110572,1201100S001,0.9979537443
120110572,1201100S007,0.0020462557
120110573,1201100R047,0.1215225265
120110573,1201100S005,0.1089781992
120110573,1201100S007,0.7346219506
120110573,1201100S008,0.0348773237
120110574,1201100S002,1.0000000000
120110575,1201100S003,0.9952637373
120110575,1201100V058,0.0047362627
120110576,1201100S004,1.0000000000
120110577,1201100S005,0.9777777778
120110577,1201100S008,0.0196119929
120110577,1201100V055,0.0026102293
120110578,1201100S006,1.0000000000
120110579,12011000005,0.1234567901
120110579,1201100S005,0.0022265703
120110579,1201100S007,0.8743166396
120110580,12011000013,0.0104572444
120110580,1201100S008,0.9078990090
120110580,1201100V055,0.0816437467
120110581,1201100T013,0.0760315210
120110581,1201100V055,0.0251504748
120110581,1201100Z004,0.8988180042
120110582,1201100S008,0.8898803959
120110582,1201100V055,0.1101196041
120110583,1201100S004,0.0172413793
120110583,1201100S007,0.4535886686
120110583,1201100V058,0.5291699520
120110584,1201100S009,0.9624527990
120110584,1201100V055,0.0375472010
120110585,1201100T001,1.0000000000
120110586,1201100T002,1.0000000000
120110587,1201100T003,1.0000000000
120110588,1201100T004,1.0000000000
120110589,1201100T005,0.1875000000
120110589,1201100T029,0.8125000000
120110590,1201100T005,1.0000000000
120110591,1201100T006,1.0000000000
120110592,1201100T006,1.0000000000
120110593,1201100T006,1.0000000000
120110595,1201100T006,0.3076923077
120110595,1201100T012,0.3846153846
120110595,1201100T028,0.3076923077
120110596,1201100T007,0.9333333333
120110596,1201100T019,0.0444444444
120110596,1201100T025,0.0222222222
120110597,1201100M022,0.0833333333
120110597,1201100T008,0.9166666667
120110598,12011000008,0.0740740741
120110598,1201100T009,0.8618027145
120110598,1201100V051,0.0270861744
120110598,1201100V052,0.0370370370
120110599,1201100T010,1.0000000000
120110600,1201100T011,1.0000000000
120110601,1201100T012,0.9657623391
120110601,1201100T025,0.0342376609
120110602,1201100T013,0.9153367219
120110602,1201100Z004,0.0846632781
120110603,1201100T003,0.1818181818
120110603,1201100T014,0.8181818182
120110604,1201100T015,1.0000000000
120110605,1201100T018,1.0000000000
120110606,1201100T016,1.0000000000
120110607,1201100T013,1.0000000000
120110608,1201100S008,0.0102184436
120110608,1201100T016,0.9685049607
120110608,1201100Z003,0.0212765957
120110609,1201100T017,0.6578947368
120110609,1201100T020,0.3421052632
120110610,1201100Q090,0.0474426634
120110610,1201100T018,0.9333333333
120110610,1201100U007,0.0192240032
120110612,1201100Q068,0.0139833702
120110612,1201100Q071,0.0227028910
120110612,1201100T018,0.9633137388
120110613,1201100T019,1.0000000000
120110614,1201100T020,0.6666666667
120110614,1201100T024,0.3333333333
120110615,1201100T021,0.7000000000
120110615,1201100T030,0.0047206511
120110615,1201100U004,0.1000000000
120110615,1201100U007,0.1952793489
120110616,1201100T003,0.2307692308
120110616,1201100T022,0.7692307692
120110617,1201100T003,1.0000000000
120110618,1201100T023,1.0000000000
120110619,1201100Q091,0.0569674718
120110619,1201100T024,0.9430325282
120110620,1201100Q090,0.0588235294
120110620,1201100Q091,0.0007446016
120110620,1201100T020,0.5882352941
120110620,1201100T024,0.2933730454
120110620,1201100X040,0.0588235294
120110621,1201100T021,0.0697674419
120110621,1201100T025,0.9302325581
120110622,1201100T021,1.0000000000
120110623,1201100T026,0.9523809524
120110623,1201100T027,0.0476190476
120110624,1201100T026,1.0000000000
120110625,1201100T014,0.2660226180
120110625,1201100T027,0.7339773820
120110626,1201100T027,1.0000000000
120110627,1201100T003,1.0000000000
120110629,1201100N029,0.0588235294
120110629,1201100T028,0.9411764706
120110631,1201100R065,0.1481865630
120110631,1201100R068,0.0500000000
120110631,1201100S008,0.1518134370
120110631,1201100T016,0.6500000000
120110632,1201100T029,1.0000000000
120110633,1201100T006,0.1428571429
120110633,1201100T028,0.8571428571
120110634,1201100T006,1.0000000000
120110635,1201100T006,1.0000000000
120110636,1201100T028,1.0000000000
120110637,1201100T030,0.9653450602
120110637,1201100U004,0.0346549398
120110638,1201100T021,1.0000000000
120110639,1201100U001,1.0000000000
120110640,1201100U004,1.0000000000
120110641,1201100T030,0.0000012802
120110641,1201100U002,0.9999987198
120110642,1201100U003,1.0000000000
120110643,1201100T030,0.0595336295
120110643,1201100U004,0.9404663705
120110644,1201100T030,1.0000000000
120110645,1201100T030,1.0000000000
120110646,1201100T030,0.5059911180
120110646,1201100U002,0.4940088819
120110647,1201100T030,0.5000000000
120110647,1201100U002,0.5000000000
120110648,1201100T030,0.2500000000
120110648,1201100U004,0.7500000000
120110649,1201100T030,0.0601820112
120110649,1201100U007,0.9398179888
120110650,1201100U005,0.9600000000
120110650,1201100U010,0.0400000000
120110651,1201100U006,0.9705882353
120110651,1201100U010,0.0294117647
120110652,1201100U007,1.0000000000
120110653,1201100Q090,0.0981393777
120110653,1201100U008,0.9018606223
120110654,1201100Q090,1.0000000000
120110655,1201100U008,1.0000000000
120110656,1201100U008,1.0000000000
120110657,1201100U002,1.0000000000
120110658,1201100T030,0.1712424403
120110658,1201100U002,0.8287575597
120110659,1201100U007,0.5183352964
120110659,1201100U008,0.4816647036
120110660,1201100Q090,0.0384615385
120110660,1201100U008,0.0769230769
120110660,1201100U009,0.8846153846
120110661,1201100U003,1.0000000000
120110662,12011000008,0.0378990407
120110662,1201100U011,0.9621009593
120110663,1201100U006,1.0000000000
120110664,1201100U010,1.0000000000
120110665,12011000008,1.0000000000
120110666,1201100V057,0.9833333333
120110666,1201100V058,0.0166666667
120110667,1201100V002,1.0000000000
120110668,1201100V002,1.0000000000
120110669,1201100V002,0.6855968256
120110669,1201100Y001,0.3143926989
120110669,1201100Y004,0.0000104755
120110670,1201100V001,0.9034444853
120110670,1201100Y003,0.0965555147
120110671,1201100V002,1.0000000000
120110672,1201100V003,1.0000000000
120110673,1201100V004,1.0000000000
120110674,1201100V057,1.0000000000
120110675,1201100V005,1.0000000000
120110676,1201100V007,1.0000000000
120110677,1201100V006,1.0000000000
120110678,1201100V007,1.0000000000
120110679,1201100V008,1.0000000000
120110680,1201100V009,0.9804759055
120110680,1201100V056,0.0027405136
120110680,1201100Y006,0.0155692019
120110680,1201100Y008,0.0012143790
120110681,1201100V010,1.0000000000
120110682,1201100S007,0.0016475548
120110682,1201100V011,0.9983524452
120110683,1201100V012,1.0000000000
120110684,1201100V011,0.0015360248
120110684,1201100V013,0.9984639752
120110685,1201100V014,1.0000000000
120110686,1201100V015,1.0000000000
120110687,1201100V011,0.0005685381
120110687,1201100V016,0.9994314619
120110688,1201100V017,1.0000000000
120110689,1201100V012,0.0025100117
120110689,1201100V018,0.9974899883
120110690,1201100V018,1.0000000000
120110691,1201100V019,0.9832132900
120110691,1201100Y008,0.0167867100
120110692,1201100V020,0.9963340445
120110692,1201100V021,0.0036659555
120110693,1201100V021,1.0000000000
120110694,1201100V022,1.0000000000
120110695,1201100V023,1.0000000000
120110696,1201100V024,1.0000000000
120110697,1201100V025,1.0000000000
120110698,1201100V026,0.9598708055
120110698,1201100Z004,0.0401291945
120110699,1201100V027,1.0000000000
120110700,1201100V028,1.0000000000
120110701,1201100V029,1.0000000000
120110702,1201100V030,1.0000000000
120110703,1201100V031,1.0000000000
120110704,1201100V032,1.0000000000
120110705,1201100V033,1.0000000000
120110706,1201100V034,1.0000000000
120110707,1201100V035,1.0000000000
120110708,1201100V036,1.0000000000
120110709,1201100V037,1.0000000000
120110710,1201100V038,0.9682539683
120110710,1201100V041,0.0158730159
120110710,1201100V044,0.0158730159
120110711,1201100V039,0.9523809524
120110711,1201100V040,0.0238095238
120110711,1201100V050,0.0238095238
120110712,1201100V040,1.0000000000
120110713,1201100V038,0.0377358491
120110713,1201100V041,0.9622641509
120110714,1201100V042,0.9740259740
120110714,1201100X001,0.0259740260
120110715,1201100V043,1.0000000000
120110716,1201100V044,1.0000000000
120110717,1201100V045,1.0000000000
120110718,1201100V040,0.1250000000
120110718,1201100V044,0.3250000000
120110718,1201100V046,0.5500000000
120110719,1201100V047,0.9983310126
120110719,1201100V055,0.0016689874
120110720,1201100V048,1.0000000000
120110721,1201100V049,1.0000000000
120110722,1201100V050,1.0000000000
120110723,1201100V050,1.0000000000
120110724,1201100V051,1.0000000000
120110725,1201100V052,1.0000000000
120110726,1201100V034,1.0000000000
120110727,1201100S008,0.0243902439
120110727,1201100V053,0.9756097561
120110728,1201100V054,1.0000000000
120110729,1201100S008,0.4666666667
120110729,1201100T013,0.0735683542
120110729,1201100V055,0.4597649791
120110730,1201100S008,0.1248589003
120110730,1201100V055,0.8751410997
120110731,12011000010,0.3272727273
120110731,12011000013,0.2833292948
120110731,1201100S005,0.0181818182
120110731,1201100S008,0.0003187402
120110731,1201100V055,0.3708974195
120110732,1201100V055,1.0000000000
120110733,1201100V055,1.0000000000
120110734,1201100V055,1.0000000000
120110735,1201100V048,1.0000000000
120110736,1201100V051,1.0000000000
120110737,1201100V051,1.0000000000
120110738,1201100V010,0.0014906267
120110738,1201100V056,0.9985093733
120110739,1201100V012,1.0000000000
120110740,12011000024,0.9248870797
120110740,1201100V057,0.0751129203
120110741,1201100S008,0.1418386057
120110741,1201100V055,0.8581613943
120110742,1201100S004,0.0256410256
120110742,1201100V058,0.9743589744
120110743,1201100S003,0.0001262512
120110743,1201100S004,0.0008237243
120110743,1201100V058,0.9990500245
120110744,1201100V012,0.0556762900
120110744,1201100V020,0.9443237100
120110745,1201100W001,1.0000000000
120110746,1201100V057,1.0000000000
120110747,1201100W001,1.0000000000
120110748,1201100W001,0.9545454545
120110748,1201100W004,0.0454545455
120110749,1201100W013,1.0000000000
120110750,1201100W024,1.0000000000
120110751,1201100W002,0.9030817370
120110751,1201100X001,0.0969182630
120110752,1201100W003,1.0000000000
120110753,1201100W004,1.0000000000
120110754,1201100W005,1.0000000000
120110755,1201100W006,1.0000000000
120110756,1201100W006,0.0149181222
120110756,1201100W007,0.9850818778
120110757,1201100W008,0.8421052632
120110757,1201100W013,0.1052631579
120110757,1201100W025,0.0526315789
120110758,1201100W005,0.0039601145
120110758,1201100W012,0.2089777127
120110758,1201100W013,0.0015486031
120110758,1201100W025,0.7855135698
120110759,12011000004,1.0000000000
120110760,1201100W010,1.0000000000
120110761,1201100W011,1.0000000000
120110762,1201100W012,0.9734418894
120110762,1201100W013,0.0065581106
120110762,1201100W021,0.0200000000
120110763,1201100W013,0.9935570100
120110763,1201100W023,0.0064429900
120110764,12011000006,0.0184805906
120110764,1201100W014,0.9806501548
120110764,1201100W021,0.0008692546
120110765,1201100W015,0.7902538790
120110765,1201100W016,0.0332755328
120110765,1201100X033,0.0588235294
120110765,12011ZZZZZZ,0.1176470588
120110766,1201100W016,0.9310344828
120110766,1201100W017,0.0689655172
120110767,1201100W014,0.0909090909
120110767,1201100W017,0.9090909091
120110768,12011000007,0.1809179555
120110768,1201100W016,0.7833677587
120110768,1201100X043,0.0357142857
120110769,1201100W018,0.9375000000
120110769,1201100X043,0.0625000000
120110770,1201100W019,1.0000000000
120110771,12011000022,0.4936079154
120110771,1201100W020,0.4859839214
120110771,1201100W021,0.0204081633
120110772,1201100W012,0.0289855072
120110772,1201100W021,0.9710144928
120110773,12011000004,0.7800000000
120110773,1201100W021,0.1400000000
120110773,1201100W022,0.0800000000
120110774,1201100W023,1.0000000000
120110775,1201100W023,1.0000000000
120110776,1201100W024,1.0000000000
120110777,1201100W013,0.0740740741
120110777,1201100W025,0.9259259259
120110778,1201100X001,0.7037037037
120110778,1201100X002,0.2962962963
120110779,1201100X001,0.0606060606
120110779,1201100X002,0.1515151515
120110779,1201100X009,0.0606060606
120110779,1201100X022,0.7272727273
120110780,1201100V048,0.0090046653
120110780,1201100X003,0.9909953347
120110781,1201100X004,1.0000000000
120110782,1201100X005,1.0000000000
120110783,1201100U006,0.0005470242
120110783,1201100X006,0.9994529758
120110784,1201100X007,0.8727272727
120110784,1201100X017,0.1272727273
120110785,1201100X008,0.7500000000
120110785,1201100X016,0.2500000000
120110786,1201100X009,1.0000000000
120110787,1201100X009,0.9166666667
120110787,1201100X050,0.0833333333
120110788,1201100X010,1.0000000000
120110789,1201100Q091,0.0011022151
120110789,1201100X011,0.9988977849
120110790,1201100V042,0.0037421711
120110790,1201100X001,0.4156126676
120110790,1201100X002,0.5806451613
120110791,1201100X012,1.0000000000
120110792,1201100X013,0.9642857143
120110792,1201100X018,0.0357142857
120110793,1201100X014,1.0000000000
120110794,1201100X010,0.1000000000
120110794,1201100X015,0.8927350662
120110794,1201100X039,0.0072649338
120110795,1201100X014,0.0029443807
120110795,1201100X016,0.9970556193
120110796,1201100X012,0.0223582213
120110796,1201100X017,0.9776417787
120110797,1201100X018,1.0000000000
120110798,1201100X031,1.0000000000
120110799,1201100X019,1.0000000000
120110800,1201100X020,1.0000000000
120110801,1201100X019,1.0000000000
120110802,1201100X021,1.0000000000
120110803,1201100X009,0.1250000000
120110803,1201100X022,0.8750000000
120110804,1201100X029,1.0000000000
120110805,1201100X001,1.0000000000
120110806,1201100X023,1.0000000000
120110807,12011000009,0.2232910481
120110807,1201100W012,0.1034482759
120110807,1201100X024,0.6555207508
120110807,1201100X040,0.0172413793
120110807,1201100X051,0.0004985459
120110808,1201100X010,1.0000000000
120110809,1201100W015,0.0016653783
120110809,1201100X033,0.8316679550
120110809,12011ZZZZZZ,0.1666666667
120110810,1201100X025,1.0000000000
120110811,1201100X026,1.0000000000
120110812,1201100X027,1.0000000000
120110813,1201100Q091,0.1538461538
120110813,1201100X011,0.0769230769
120110813,1201100X028,0.7692307692
120110814,1201100X029,1.0000000000
120110815,1201100X030,1.0000000000
120110816,1201100X031,0.9411764706
120110816,1201100X040,0.0588235294
120110817,1201100Q091,0.2004045728
120110817,1201100X032,0.7995954272
120110818,1201100Q091,0.2390854549
120110818,1201100X032,0.7609145451
120110819,1201100Q091,0.0254986428
120110819,1201100X032,0.9745013572
120110820,1201100X011,0.0952380952
120110820,1201100X033,0.9047619048
120110821,1201100X034,1.0000000000
120110822,1201100X035,1.0000000000
120110823,1201100X036,1.0000000000
120110824,1201100X038,1.0000000000
120110825,1201100X037,1.0000000000
120110826,1201100X038,1.0000000000
120110827,1201100X039,1.0000000000
120110828,1201100X040,1.0000000000
120110829,1201100X040,1.0000000000
120110830,1201100X041,1.0000000000
120110831,1201100X039,0.1818181818
120110831,1201100X040,0.8181818182
120110832,1201100X033,0.0277777778
120110832,1201100X042,0.9722222222
120110833,1201100X043,1.0000000000
120110834,1201100X043,1.0000000000
120110835,1201100X043,0.0909090909
120110835,1201100X044,0.9090909091
120110836,1201100X045,1.0000000000
120110837,1201100X046,1.0000000000
120110838,1201100X009,1.0000000000
120110839,1201100X008,0.0251056933
120110839,1201100X009,0.1471648735
120110839,1201100X016,0.0107298633
120110839,1201100X047,0.8169995698
120110840,1201100X048,1.0000000000
120110841,1201100X004,1.0000000000
120110842,1201100X004,1.0000000000
120110843,12011000023,0.8707940169
120110843,1201100X049,0.1292059831
120110844,1201100X049,1.0000000000
120110845,1201100X050,1.0000000000
120110846,1201100X020,0.9000000000
120110846,1201100X023,0.1000000000
120110847,1201100Y001,1.0000000000
120110848,1201100Y002,1.0000000000
120110849,1201100Y002,1.0000000000
120110850,1201100Y002,0.9995717895
120110850,12086000001,0.0004282105
120110851,1201100V002,0.0414209839
120110851,1201100Y003,0.9411764706
120110851,1201100Y004,0.0174025455
120110852,1201100Y004,1.0000000000
120110853,1201100Y005,1.0000000000
120110854,1201100Y005,1.0000000000
120110855,1201100Y006,1.0000000000
120110856,1201100Y006,1.0000000000
120110857,1201100Y006,1.0000000000
120110858,1201100Y006,1.0000000000
120110859,1201100Y007,1.0000000000
120110860,1201100V002,0.1175569381
120110860,1201100Y004,0.8824430619
120110861,1201100Y008,1.0000000000
120110862,1201100Q051,0.0222222222
120110862,1201100Y007,0.9777777778
120110863,1201100Q051,0.0540540541
120110863,1201100Y008,0.9459459459
120110865,1201100R028,0.1829887987
120110865,1201100Z001,0.8170112013
120110866,1201100R051,0.0436918454
120110866,1201100R062,0.0060677755
120110866,1201100R064,0.0027507202
120110866,1201100Z002,0.9474896589
120110867,1201100Z003,1.0000000000
120110868,1201100Z003,1.0000000000
120110869,1201100Z005,1.0000000000
120110870,1201100Z003,1.0000000000
120110871,1201100V026,0.0230929180
120110871,1201100Z004,0.9769070820
120110872,1201100N003,0.0387238351
120110872,1201100Z005,0.9612761649
120110873,1201100Z003,1.0000000000
120110874,1201100Z004,1.0000000000
120130001,12013000101,1.0000000000
120130002,12013000202,1.0000000000
120130003,12013000202,1.0000000000
120130004,12013000201,1.0000000000
120130005,12013000301,1.0000000000
120130006,12013000302,1.0000000000
120130007,12013000102,1.0000000000
120130008,12013000102,1.0000000000
120130009,12013000502,1.0000000000
120130010,12013000503,1.0000000000
120130011,12013000402,1.0000000000
120130012,12013000503,1.0000000000
120130013,12013000401,1.0000000000
120130014,12013000501,0.9942196532
120130014,12013000502,0.0057803468
120150001,12015000001,1.0000000000
120150002,12015000002,0.9830508475
120150002,12015000103,0.0169491525
120150003,12015000003,1.0000000000
120150004,12015000004,0.9722222222
120150004,12015000040,0.0277777778
120150005,12015000005,0.8571428571
120150005,12015000012,0.1428571429
120150006,12015000006,1.0000000000
120150007,12015000006,1.0000000000
120150008,12015000008,1.0000000000
120150009,12015000008,1.0000000000
120150010,12015000010,1.0000000000
120150011,12015000010,1.0000000000
120150012,12015000012,1.0000000000
120150013,12015000013,0.9354838710
120150013,12015000023,0.0645161290
120150014,12015000027,1.0000000000
120150015,12015000015,0.9913043478
120150015,12015000076,0.0086956522
120150016,12015000016,1.0000000000
120150017,12015000016,1.0000000000
120150018,12015000018,0.9925925926
120150018,12015000062,0.0074074074
120150019,12015000018,1.0000000000
120150020,12015000020,1.0000000000
120150021,12015000020,1.0000000000
120150022,12015000022,1.0000000000
120150023,12015000023,1.0000000000
120150024,12015000024,1.0000000000
120150025,12015000024,1.0000000000
120150026,12015000026,1.0000000000
120150027,12015000027,1.0000000000
120150028,12015000027,1.0000000000
120150029,12015000022,1.0000000000
120150030,12015000030,0.9814814815
120150030,12015000034,0.0185185185
120150031,12015000031,1.0000000000
120150032,12015000031,1.0000000000
120150033,12015000022,0.0563380282
120150033,12015000033,0.8591549296
120150033,12015000052,0.0845070423
120150034,12015000034,1.0000000000
120150035,12015000034,1.0000000000
120150036,12015000036,1.0000000000
120150037,12015000036,1.0000000000
120150038,12015000010,0.0833333333
120150038,12015000038,0.9166666667
120150039,12015000038,1.0000000000
120150040,12015000040,1.0000000000
120150041,12015000041,0.9866666667
120150041,12015000110,0.0133333333
120150042,12015000041,0.9893617021
120150042,12015000062,0.0106382979
120150043,12015000043,1.0000000000
120150044,12015000043,1.0000000000
120150045,12015000045,1.0000000000
120150046,12015000045,1.0000000000
120150047,12015000043,0.0416666667
120150047,12015000045,0.5833333333
120150047,12015000047,0.3750000000
120150048,12015000048,1.0000000000
120150049,12015000048,1.0000000000
120150050,12015000050,1.0000000000
120150051,12015000051,1.0000000000
120150052,12015000052,1.0000000000
120150053,12015000033,0.0294117647
120150053,12015000052,0.9705882353
120150054,12015000013,0.4761904762
120150054,12015000022,0.0476190476
120150054,12015000052,0.4761904762
120150055,12015000030,0.1379310345
120150055,12015000055,0.8620689655
120150056,12015000124,1.0000000000
120150057,12015000057,1.0000000000
120150058,12015000057,1.0000000000
120150059,12015000005,0.9444444444
120150059,12015000033,0.0555555556
120150060,12015000060,1.0000000000
120150061,12015000060,1.0000000000
120150062,12015000062,1.0000000000
120150063,12015000062,1.0000000000
120150064,12015000018,0.0459363958
120150064,12015000062,0.9540636042
120150065,12015000065,1.0000000000
120150066,12015000065,1.0000000000
120150067,12015000067,1.0000000000
120150068,12015000068,1.0000000000
120150069,12015000068,1.0000000000
120150070,12015000052,1.0000000000
120150071,12015000070,0.9607843137
120150071,12015000096,0.0392156863
120150072,12015000072,1.0000000000
120150073,12015000072,1.0000000000
120150074,12015000072,1.0000000000
120150075,12015000072,1.0000000000
120150076,12015000076,1.0000000000
120150077,12015000076,1.0000000000
120150078,12015000015,0.1818181818
120150078,12015000078,0.6363636364
120150078,12015000106,0.1818181818
120150079,12015000078,1.0000000000
120150080,12015000030,0.9693877551
120150080,12015000055,0.0204081633
120150080,12115000079,0.0102040816
120150081,12015000030,0.9677419355
120150081,12015000057,0.0322580645
120150082,12015000038,1.0000000000
120150083,12015000038,0.9761904762
120150083,12015000087,0.0238095238
120150084,12015000036,0.0089285714
120150084,12015000084,0.2187500000
120150084,12015000098,0.7723214286
120150085,12015000084,0.9925925926
120150085,12015000098,0.0074074074
120150086,12015000084,1.0000000000
120150087,12015000087,1.0000000000
120150088,12015000087,0.9893617021
120150088,12015000090,0.0106382979
120150089,12015000090,1.0000000000
120150090,12015000090,1.0000000000
120150091,12015000091,1.0000000000
120150092,12015000091,0.1194029851
120150092,12015000092,0.8805970149
120150093,12015000091,1.0000000000
120150094,12015000094,1.0000000000
120150095,12015000094,1.0000000000
120150096,12015000096,1.0000000000
120150097,12015000097,1.0000000000
120150098,12015000098,1.0000000000
120150099,12015000098,1.0000000000
120150100,12015000036,0.0212765957
120150100,12015000098,0.9787234043
120150101,12015000096,0.3333333333
120150101,12015000106,0.6666666667
120150102,12015000015,1.0000000000
120150103,12015000103,1.0000000000
120150104,12015000104,1.0000000000
120150105,12015000067,1.0000000000
120150106,12015000106,1.0000000000
120150107,12015000106,1.0000000000
120150108,12015000108,1.0000000000
120150109,12015000041,0.0182743463
120150109,12015000108,0.9817256537
120150110,12015000110,1.0000000000
120150111,12015000110,1.0000000000
120150112,12015000112,1.0000000000
120150113,12015000113,1.0000000000
120150114,12015000114,1.0000000000
120150115,12015000041,0.0269642656
120150115,12015000108,0.0975609756
120150115,12015000113,0.8754747588
120150116,12015000113,1.0000000000
120150117,12015000045,0.4285714286
120150117,12015000047,0.5714285714
120150118,12015000096,1.0000000000
120150119,12015000096,0.2500000000
120150119,12015000106,0.7500000000
120150120,12015000106,1.0000000000
120150121,12015000096,1.0000000000
120150122,12015000070,0.9183673469
120150122,12015000096,0.0816326531
120150123,12015000096,1.0000000000
120150124,12015000055,0.4901960784
120150124,12015000124,0.5098039216
120150125,12015000124,1.0000000000
120150126,12015000126,1.0000000000
120150127,12015000127,1.0000000000
120150128,12015000127,1.0000000000
120150129,12015000129,1.0000000000
120150130,12015000129,1.0000000000
120150131,12015000131,1.0000000000
120150132,12015000131,1.0000000000
120170001,120170100.1,1.0000000000
120170002,120170100.1,1.0000000000
120170003,120170100.1,1.0000000000
120170004,120170100.1,0.0263157895
120170004,120170101.1,0.9736842105
120170005,120170101.1,1.0000000000
120170006,120170100.1,0.0701754386
120170006,120170101.1,0.8947368421
120170006,120170104.1,0.0350877193
120170007,120170102.1,0.8174478828
120170007,120170102.2,0.1785714286
120170007,12083000022,0.0004583582
120170007,12083000085,0.0035223305
120170008,120170102.2,0.9948068260
120170008,12083000022,0.0051931740
120170009,120170102.1,0.7413793103
120170009,120170103.1,0.2586206897
120170010,120170103.1,0.9029535865
120170010,120170103.2,0.0970464135
120170011,120170103.1,0.6428571429
120170011,120170103.2,0.0414746544
120170011,120170110.1,0.3156682028
120170012,120170104.1,1.0000000000
120170013,120170104.1,0.9590491039
120170013,120170105.1,0.0409508961
120170014,120170104.1,0.9641965576
120170014,120170105.1,0.0358034424
120170015,120170104.1,0.0151382614
120170015,120170105.1,0.9848617386
120170016,120170104.1,0.0087764749
120170016,120170105.1,0.9735213196
120170016,120170301.1,0.0177022055
120170017,120170100.1,0.0479452055
120170017,120170105.1,0.9296617703
120170017,120170301.1,0.0223930243
120170018,120170105.1,0.1111395059
120170018,120170301.1,0.8274563482
120170018,120170301.2,0.0614035088
120170018,120170302.1,0.0000006372
120170019,120170100.1,0.0217391304
120170019,120170105.1,0.0222217816
120170019,120170301.1,0.9560390880
120170020,120170301.1,0.9913793103
120170020,120170302.1,0.0086206897
120170021,120170107.1,1.0000000000
120170022,120170107.1,1.0000000000
120170023,120170107.1,0.8571428571
120170023,120170300.3,0.1428571429
120170024,120170108.1,1.0000000000
120170025,120170108.1,1.0000000000
120170026,120170107.1,0.0600000000
120170026,120170108.1,0.9400000000
120170027,120170108.1,0.0975609756
120170027,120170109.1,0.8658536585
120170027,120170109.2,0.0365853659
120170028,120170104.1,0.1582280973
120170028,120170109.1,0.7176470588
120170028,120170109.2,0.1241248438
120170029,120170107.1,0.0800000000
120170029,120170109.1,0.8800000000
120170029,120170109.2,0.0400000000
120170030,120170103.1,0.2875536481
120170030,120170103.2,0.0042918455
120170030,120170103.3,0.0428482091
120170030,120170110.1,0.6652360515
120170030,12083000022,0.0000702459
120170031,120170110.1,0.9840425532
120170031,120170200.2,0.0159574468
120170032,120170110.1,1.0000000000
120170033,120170110.1,0.9574468085
120170033,120170110.2,0.0425531915
120170034,120170110.1,0.9884393064
120170034,120170110.2,0.0115606936
120170035,120170100.1,1.0000000000
120170036,120170100.1,1.0000000000
120170037,120170100.1,0.9555618264
120170037,120170105.1,0.0444381736
120170038,120170200.1,0.4627323683
120170038,120170200.2,0.5333333333
120170038,12083000087,0.0039342983
120170039,120170200.1,0.9989496161
120170039,12083000089,0.0010503839
120170040,120170200.1,0.6166666667
120170040,120170200.2,0.3833333333
120170041,120170201.1,1.0000000000
120170042,120170201.1,1.0000000000
120170043,120170201.1,1.0000000000
120170044,120170201.1,1.0000000000
120170045,120170201.1,0.1086956522
120170045,120170202.1,0.8913043478
120170046,120170202.1,0.6276595745
120170046,120170202.2,0.3723404255
120170047,120170202.1,0.5882352941
120170047,120170204.2,0.4117647059
120170048,120170203.1,0.9512195122
120170048,120170205.1,0.0487804878
120170049,120170203.1,1.0000000000
120170050,120170203.1,1.0000000000
120170051,120170204.1,0.9230769231
120170051,120170204.2,0.0769230769
120170052,120170204.1,0.9565217391
120170052,120170204.2,0.0434782609
120170053,120170204.1,1.0000000000
120170054,120170203.1,0.0625000000
120170054,120170205.1,0.9375000000
120170055,120170205.1,1.0000000000
120170056,120170108.1,0.0175438596
120170056,120170206.1,0.9824561404
120170057,120170108.1,0.0151515152
120170057,120170206.1,0.9848484848
120170058,120170203.1,1.0000000000
120170059,120170203.1,1.0000000000
120170060,120170203.1,1.0000000000
120170061,120170208.1,0.6666666667
120170061,120170208.2,0.3333333333
120170062,120170201.1,0.3461538462
120170062,120170208.1,0.6538461538
120170063,120170107.1,1.0000000000
120170064,120170300.1,1.0000000000
120170065,120170107.1,0.0491803279
120170065,120170300.2,0.5573770492
120170065,120170300.3,0.3934426230
120170066,120170300.2,0.2577319588
120170066,120170300.3,0.7216494845
120170066,120170302.1,0.0206185567
120170067,120170300.2,0.5294117647
120170067,120170307.1,0.4705882353
120170068,120170301.1,1.0000000000
120170069,120170105.1,0.2288240672
120170069,120170301.1,0.7542267803
120170069,120170301.2,0.0169491525
120170070,120170105.1,0.0139081590
120170070,120170107.1,0.0149253731
120170070,120170301.1,0.4040022887
120170070,120170301.2,0.5503920689
120170070,120170302.2,0.0167721102
120170071,120170107.1,0.0212765957
120170071,120170301.1,0.1914893617
120170071,120170302.1,0.5208829784
120170071,120170302.2,0.2663510642
120170072,120170301.1,0.0086206897
120170072,120170302.1,0.8359250851
120170072,120170302.2,0.1554542252
120170073,120170302.1,0.4967126266
120170073,120170302.2,0.5032873734
120170074,120170302.1,0.9480481642
120170074,120170302.2,0.0043327881
120170074,120170305.1,0.0476190476
120170075,120170305.1,0.4418604651
120170075,120170305.2,0.5581395349
120170076,120170305.1,0.2018785993
120170076,120170305.2,0.7981214007
120170077,120170305.1,0.9000000000
120170077,120170305.2,0.1000000000
120170078,120170305.1,1.0000000000
120170079,120170305.1,1.0000000000
120170080,120170305.1,1.0000000000
120170081,120170305.1,1.0000000000
120170082,120170305.1,1.0000000000
120170083,120170305.1,1.0000000000
120170084,120170307.1,1.0000000000
120170085,120170305.1,0.1666666667
120170085,120170307.1,0.8333333333
120170086,120170307.1,1.0000000000
120170087,120170307.1,1.0000000000
120170088,120170307.1,1.0000000000
120170089,120170307.1,1.0000000000
120170090,120170302.1,0.9482758621
120170090,120170302.2,0.0517241379
120170091,120170302.1,0.3906018900
120170091,120170302.2,0.6093981100
120170092,120170302.2,1.0000000000
120170093,120170202.1,0.0363636364
120170093,120170400.1,0.9090909091
120170093,120170402.1,0.0545454545
120170094,120170202.1,0.1071428571
120170094,120170202.2,0.1785714286
120170094,120170400.1,0.7142857143
120170095,120170400.1,1.0000000000
120170096,120170400.1,1.0000000000
120170097,120170402.1,1.0000000000
120170098,120170402.1,0.6128367676
120170098,120170402.2,0.3275862069
120170098,120170403.1,0.0595770255
120170099,120170201.1,0.0400000000
120170099,120170402.1,0.9600000000
120170100,120170402.1,1.0000000000
120170101,120170402.1,0.9788236486
120170101,120170403.1,0.0211763514
120170102,120170402.1,0.8478506801
120170102,120170403.1,0.1521493199
120170103,120170402.2,0.0277777778
120170103,120170403.1,0.0277777778
120170103,120170404.1,0.9444444444
120170104,120170404.1,1.0000000000
120170105,120170404.1,1.0000000000
120170106,120170403.1,0.0154923984
120170106,120170405.1,0.9845076016
120170107,120170403.1,0.0153092841
120170107,120170405.1,0.9846907159
120170108,120170403.1,0.0154427100
120170108,120170405.1,0.9845572900
120170109,120170406.1,1.0000000000
120170110,120170406.1,1.0000000000
120170111,120170407.1,1.0000000000
120170112,120170407.1,1.0000000000
120170113,120170400.1,1.0000000000
120170114,120170400.1,1.0000000000
120170115,120170407.1,0.0072463768
120170115,120170408.1,0.9927536232
120170116,120170402.1,0.0152642039
120170116,120170403.1,0.9847357961
120170117,120170403.1,1.0000000000
120170118,120170402.1,0.0131930694
120170118,120170403.1,0.9608329046
120170118,120170404.1,0.0259740260
120170119,120170403.1,0.9887905604
120170119,120170405.1,0.0112094396
120170120,120170403.1,0.9751055025
120170120,120170405.1,0.0248944975
120170121,120170403.1,1.0000000000
120190001,12019010000,0.9946808511
120190001,12019010200,0.0053191489
120190002,12019010000,0.0043103448
120190002,12019010200,0.5387931034
120190002,12019050800,0.4525841809
120190002,12019070000,0.0043123708
120190003,12019050800,0.9642857143
120190003,12019070000,0.0357142857
120190004,12019010200,0.3777777778
120190004,12019010600,0.6222222222
120190005,12019010600,0.9894736842
120190005,12019011001,0.0105263158
120190006,12019010600,0.3414634146
120190006,12019011001,0.6496168453
120190006,12019011002,0.0089197401
120190007,12019011001,1.0000000000
120190008,12019011001,1.0000000000
120190009,12019011001,0.3333675424
120190009,12019011002,0.6666324576
120190010,12019010000,0.0101010101
120190010,12019011000,0.0505050505
120190010,12019011200,0.6262626263
120190010,12019011201,0.3131313131
120190011,12019011201,0.9996154085
120190011,12019011202,0.0000209415
120190011,12019011302,0.0003636499
120190012,12019011201,0.8370424749
120190012,12019011203,0.1629575252
120190013,12019011201,0.0072718110
120190013,12019011202,0.9927281890
120190014,12019011203,1.0000000000
120190015,12019011300,1.0000000000
120190016,12019011301,1.0000000000
120190017,12019011300,0.0626624210
120190017,12019011301,0.9373375790
120190018,12019011201,0.0000475895
120190018,12019011300,0.0476190476
120190018,12019011302,0.9047143152
120190018,12019011303,0.0476190476
120190019,12019011800,1.0000000000
120190020,12019011500,0.9333333333
120190020,12019011601,0.0666666667
120190021,12019011501,1.0000000000
120190022,12019011600,1.0000000000
120190023,12019011600,0.9708821149
120190023,12019011601,0.0291178851
120190024,12019011800,1.0000000000
120190025,12019012200,1.0000000000
120190026,12019012200,0.9970297410
120190026,12019021600,0.0029702590
120190027,12019012400,1.0000000000
120190028,12019012200,0.0425531915
120190028,12019012400,0.0000269840
120190028,12019020200,0.9574198245
120190029,12019012800,0.8571428571
120190029,12019020200,0.1428571429
120190030,12019012800,0.5084745763
120190030,12019020400,0.4915254237
120190031,12019020200,1.0000000000
120190032,12019012800,0.0847457627
120190032,12019020200,0.0005824383
120190032,12019020400,0.8862184755
120190032,12019020600,0.0004206738
120190032,12019021000,0.0280326497
120190033,12019012800,0.0129870130
120190033,12019020400,0.0129870130
120190033,12019020600,0.9740259740
120190034,12019020600,0.0185185185
120190034,12019020800,0.0740740741
120190034,12019020801,0.8888888889
120190034,12019041200,0.0185185185
120190035,12019020600,0.1159420290
120190035,12019021000,0.8840579710
120190036,12019021000,1.0000000000
120190037,12019021600,1.0000000000
120190038,12019021600,1.0000000000
120190039,12019021800,0.8571428571
120190039,12019030200,0.1428571429
120190040,12019021800,0.9428571429
120190040,12019030200,0.0571428571
120190041,12019030200,1.0000000000
120190042,12019030200,0.5937500000
120190042,12019030400,0.4062500000
120190043,12019011800,0.0204081633
120190043,12019030200,0.3673469388
120190043,12019030400,0.6122448980
120190044,12019030400,0.3488372093
120190044,12019030800,0.2093023256
120190044,12019040800,0.4418604651
120190045,12019030800,0.8055555556
120190045,12019040800,0.1944444444
120190046,12019031000,1.0000000000
120190047,12019031000,0.9591836735
120190047,12019041002,0.0204081633
120190047,12019041003,0.0204081633
120190048,12019040000,0.9714700995
120190048,12019041200,0.0285299005
120190049,12019040000,0.0243902439
120190049,12019041200,0.3658536585
120190049,12019041400,0.6097560976
120190050,12019041401,1.0000000000
120190051,12019040601,1.0000000000
120190052,12019040600,1.0000000000
120190053,12019040601,0.8421052632
120190053,12019041400,0.0526315789
120190053,12019041401,0.1052631579
120190054,12019040800,1.0000000000
120190055,12019040800,0.0232830855
120190055,12019040801,0.9767169145
120190056,12019040800,0.3750000000
120190056,12019041000,0.5890848770
120190056,12019041002,0.0359151230
120190057,12019041000,1.0000000000
120190058,12019041000,0.6000000000
120190058,12019041001,0.4000000000
120190059,12019041001,0.9937779630
120190059,12019041002,0.0062220370
120190060,12019041000,0.0555555556
120190060,12019041001,0.9444444444
120190061,12019041000,0.1428571429
120190061,12019041002,0.8571428571
120190062,12019040601,0.0666666667
120190062,12019041002,0.9333333333
120190063,12019041000,0.6363636364
120190063,12019041200,0.3636363636
120190064,12019041000,0.9999090444
120190064,12019041001,0.0000909556
120190065,12019041001,1.0000000000
120190066,12019041400,1.0000000000
120190067,12019041200,0.0344827586
120190067,12019041400,0.1725452534
120190067,12019041401,0.7929719880
120190068,12019041200,1.0000000000
120190069,12019041200,1.0000000000
120190071,12019041200,0.3000000000
120190071,12019041201,0.7000000000
120190072,12019050000,1.0000000000
120190073,12019010600,0.0800000000
120190073,12019011001,0.6737991823
120190073,12019050000,0.2462008177
120190074,12019011001,0.0555555556
120190074,12019050300,0.9444444444
120190075,12019050300,0.0400000000
120190075,12019050400,0.8548452891
120190075,1201950400a,0.1051547109
120190076,12019050400,0.9560067682
120190076,12019050401,0.0439932318
120190077,12019050400,0.0125275850
120190077,12019050401,0.9874724150
120190078,12019050600,0.5762711864
120190078,12019050601,0.0169491525
120190078,12019071000,0.1163387270
120190078,12019071001,0.0023053408
120190078,1201950601a,0.2881355932
120190079,12019010200,0.1621621622
120190079,12019050600,0.0135135135
120190079,12019050800,0.8108108108
120190079,12019070000,0.0135135135
120190080,12019031000,0.0129870130
120190080,12019050601,0.5499015328
120190080,12019050603,0.0721941114
120190080,12019071000,0.1570905235
120190080,12019071001,0.0051261106
120190080,1201950601a,0.0532290312
120190080,1201971000a,0.1494716776
120190081,12019060000,0.7662251269
120190081,1201950601a,0.0545454545
120190081,1201960000a,0.1792294185
120190082,12019060000,1.0000000000
120190083,12019060001,0.7142857143
120190083,1201950602a,0.2857142857
120190084,12019041003,0.0655737705
120190084,12019050601,0.1311475410
120190084,12019060200,0.0163934426
120190084,12019060400,0.4196080783
120190084,12019060401,0.0426100653
120190084,1201960100a,0.3082736597
120190084,1201971000a,0.0163934426
120190085,12019060400,1.0000000000
120190086,12019060200,0.9656571124
120190086,12019060401,0.0297158832
120190086,12019060601,0.0046270044
120190087,12019060400,0.1428571429
120190087,12019060401,0.8571428571
120190088,12019060400,0.0262705508
120190088,12019060401,0.9439617114
120190088,12019060601,0.0297148335
120190088,1201960100a,0.0000529043
120190089,12019060600,0.4285001687
120190089,12019060601,0.0096153846
120190089,12019061200,0.0208333333
120190089,1201960600a,0.5410511134
120190090,12019060600,0.0043668122
120190090,12019060601,0.9598529490
120190090,1201960600a,0.0132693598
120190090,1201960601a,0.0225108789
120190091,12019060601,1.0000000000
120190092,12019061000,0.9400000000
120190092,12019061200,0.0400000000
120190092,1201960600a,0.0200000000
120190093,12019060600,0.0178571429
120190093,12019061000,0.0178571429
120190093,12019061200,0.9093386385
120190093,1201961200a,0.0549470757
120190094,12019050800,0.0041899441
120190094,12019070000,0.9958100559
120190095,12019070000,0.0341880342
120190095,12019070200,0.8723582703
120190095,12019070201,0.0763596784
120190095,12019070400,0.0170940171
120190096,12019070200,0.0277939573
120190096,12019070201,0.9247105930
120190096,12019070600,0.0474954497
120190097,12019070200,0.5966920148
120190097,12019070201,0.4033079852
120190098,12019070200,0.0135135135
120190098,12019070400,0.5315315315
120190098,12019070600,0.4549549550
120190099,12019070600,1.0000000000
120190100,12019070800,1.0000000000
120190101,12019060100,0.0218978102
120190101,12019060601,0.0023748073
120190101,12019061200,0.2335766346
120190101,12019070000,0.4379562044
120190101,12019070801,0.0291970803
120190101,12019071000,0.1892314430
120190101,1201960100a,0.0487198182
120190101,1201961200a,0.0072995351
120190101,1201971000a,0.0297466669
120190102,12019071001,1.0000000000
120210001,12021000001,1.0000000000
120210002,12021000002,1.0000000000
120210003,12021000003,1.0000000000
120210004,12021000004,1.0000000000
120210005,12021000005,0.9914529915
120210005,12021000014,0.0085470085
120210006,12021000006,1.0000000000
120210007,12021000007,1.0000000000
120210008,12021000008,1.0000000000
120210009,12021000009,1.0000000000
120210010,12021000010,1.0000000000
120210011,12021000011,1.0000000000
120210012,12021000012,1.0000000000
120210013,12021000013,1.0000000000
120210014,12021000014,1.0000000000
120210015,12021000015,1.0000000000
120210016,12021000016,1.0000000000
120210017,12021000017,0.8377929904
120210017,12021000135,0.1622070096
120210018,12021000018,1.0000000000
120210019,12021000019,1.0000000000
120210020,12021000020,1.0000000000
120210021,12021000017,0.0163934426
120210021,12021000018,0.0000170397
120210021,12021000021,0.9835895177
120210022,12021000022,1.0000000000
120210023,12021000023,1.0000000000
120210024,12021000021,0.0212765957
120210024,12021000024,0.9787234043
120210025,12021000025,1.0000000000
120210026,12021000026,0.9999846886
120210026,12021000137,0.0000153114
120210027,12021000027,1.0000000000
120210028,12021000028,1.0000000000
120210029,12021000029,1.0000000000
120210030,12021000030,0.9565217391
120210030,12021000031,0.0434782609
120210031,12021000031,1.0000000000
120210032,12021000031,0.0941403926
120210032,12021000032,0.9058596074
120210033,12021000033,1.0000000000
120210034,12021000034,1.0000000000
120210035,12021000027,0.0204081633
120210035,12021000035,0.9795918367
120210036,12021000036,1.0000000000
120210037,12021000031,0.0439352314
120210037,12021000037,0.9560647686
120210038,12021000038,1.0000000000
120210039,12021000039,1.0000000000
120210040,12021000040,1.0000000000
120210041,12021000041,1.0000000000
120210042,12021000042,1.0000000000
120210043,12021000043,1.0000000000
120210044,12021000044,1.0000000000
120210045,12021000041,0.0243902439
120210045,12021000045,0.9756097561
120210046,12021000046,1.0000000000
120210047,12021000047,1.0000000000
120210048,12021000048,1.0000000000
120210049,12021000049,1.0000000000
120210050,12021000050,1.0000000000
120210051,12021000051,1.0000000000
120210052,12021000052,1.0000000000
120210053,12021000053,1.0000000000
120210054,12021000054,1.0000000000
120210055,12021000055,1.0000000000
120210056,12021000056,1.0000000000
120210057,12021000057,1.0000000000
120210058,12021000058,1.0000000000
120210059,12021000059,0.5833333333
120210059,12021000060,0.4166666667
120210060,12021000060,1.0000000000
120210061,12021000061,1.0000000000
120210062,12021000062,1.0000000000
120210063,12021000063,1.0000000000
120210064,12021000064,1.0000000000
120210065,12021000046,0.0571428571
120210065,12021000065,0.9428571429
120210066,12021000066,1.0000000000
120210067,12021000067,1.0000000000
120210068,12021000068,1.0000000000
120210069,12021000069,0.9998111323
120210069,12021000078,0.0001888677
120210070,12021000070,1.0000000000
120210071,12021000071,1.0000000000
120210072,12021000072,1.0000000000
120210073,12021000073,1.0000000000
120210074,12021000074,1.0000000000
120210075,12021000075,1.0000000000
120210076,12021000076,0.9565217391
120210076,12021000113,0.0434782609
120210077,12021000077,0.9666666667
120210077,12021000113,0.0333333333
120210078,12021000069,0.0042450453
120210078,12021000078,0.9957549547
120210079,12021000079,0.9803921569
120210079,12021000089,0.0196078431
120210080,12021000080,1.0000000000
120210081,12021000081,1.0000000000
120210082,12021000082,1.0000000000
120210083,12021000083,1.0000000000
120210084,12021000084,1.0000000000
120210085,12021000085,1.0000000000
120210086,12021000086,0.9705882353
120210086,12021000100,0.0294117647
120210087,12021000087,0.9090909091
120210087,12021000088,0.0909090909
120210088,12021000088,1.0000000000
120210089,12021000089,1.0000000000
120210090,12021000090,0.9997480081
120210090,12021000108,0.0002519919
120210091,12021000091,0.8959488792
120210091,12021000108,0.1040511208
120210092,12021000089,0.0281690141
120210092,12021000091,0.0140845070
120210092,12021000092,0.9295774648
120210092,12021000106,0.0281690141
120210093,12021000092,0.0344827586
120210093,12021000093,0.9655172414
120210094,12021000094,0.9818481848
120210094,12021000106,0.0181518152
120210095,12021000095,1.0000000000
120210096,12021000096,0.9648163871
120210096,12021000097,0.0333333333
120210096,12021000106,0.0018502795
120210097,12021000004,0.0123456790
120210097,12021000097,0.9753086420
120210097,12021000106,0.0123456790
120210098,12021000098,1.0000000000
120210099,12021000085,0.1333333333
120210099,12021000086,0.1000000000
120210099,12021000099,0.7666666667
120210100,12021000086,0.0322580645
120210100,12021000100,0.9677419355
120210101,12021000101,1.0000000000
120210102,12021000102,1.0000000000
120210103,12021000103,1.0000000000
120210104,12021000104,1.0000000000
120210105,12021000105,1.0000000000
120210106,12021000001,0.0184867076
120210106,12021000094,0.2615132924
120210106,12021000097,0.0402765571
120210106,12021000106,0.6797234429
120210107,12021000004,0.0227272727
120210107,12021000107,0.9772727273
120210108,12021000086,0.0412371134
120210108,12021000089,0.0206185567
120210108,12021000091,0.0104725029
120210108,12021000108,0.9276718270
120210109,12021000109,1.0000000000
120210110,12021000110,0.8500000000
120210110,12021000114,0.1500000000
120210111,12021000111,0.9827486230
120210111,12021000127,0.0172513770
120210112,12021000112,1.0000000000
120210113,12021000113,1.0000000000
120210114,12021000114,1.0000000000
120210115,12021000115,1.0000000000
120210116,12021000116,0.9915966387
120210116,12021000124,0.0084033613
120210117,12021000117,1.0000000000
120210118,12021000118,1.0000000000
120210119,12021000119,1.0000000000
120210120,12021000120,1.0000000000
120210121,12021000121,0.8823529412
120210121,12051000010,0.1176470588
120210122,12021000109,0.0045662100
120210122,12021000111,0.0182648402
120210122,12021000122,0.9499704910
120210122,12051000025,0.0271984587
120210123,12021000123,1.0000000000
120210124,12021000116,0.1666666667
120210124,12021000122,0.0555555556
120210124,12021000124,0.7777777778
120210125,12021000113,0.2500000000
120210125,12021000125,0.7500000000
120210126,12021000126,1.0000000000
120210127,12021000111,0.0111097168
120210127,12021000127,0.9888902832
120210128,12021000128,1.0000000000
120210129,12021000129,1.0000000000
120210130,12021000062,0.5000000000
120210130,12021000130,0.5000000000
120210131,12021000019,0.0070826462
120210131,12021000022,0.0035460993
120210131,12021000023,0.0106390497
120210131,12021000098,0.0035460993
120210131,12021000101,0.0070921986
120210131,12021000102,0.0035452215
120210131,12021000103,0.0035454593
120210131,12021000105,0.0035460993
120210131,12021000107,0.0070921986
120210131,12021000127,0.0109038514
120210131,12021000131,0.9323391591
120210131,12087000033,0.0071219177
120210132,12021000132,1.0000000000
120210133,12021000133,1.0000000000
120210134,12021000134,1.0000000000
120210135,12021000017,0.0076591754
120210135,12021000135,0.9923408246
120210136,12021000136,1.0000000000
120210137,12021000137,1.0000000000
120210138,12021000138,1.0000000000
120210139,12021000139,1.0000000000
120210140,12021000140,1.0000000000
120210141,12021000141,1.0000000000
120210142,12021000142,1.0000000000
120210143,12021000143,1.0000000000
120230001,12023000001,1.0000000000
120230002,12023000002,1.0000000000
120230003,12023000003,1.0000000000
120230004,12023000004,0.9999350711
120230004,12023000021,0.0000649289
120230005,12023000005,0.9435552266
120230005,12023000013,0.0518576174
120230005,12023000021,0.0045871560
120230006,12023000006,1.0000000000
120230007,12023000007,1.0000000000
120230008,12023000008,1.0000000000
120230009,12023000009,1.0000000000
120230010,12023000002,0.0441577129
120230010,12023000010,0.9558422871
120230011,12023000011,1.0000000000
120230012,12023000012,0.9881575976
120230012,12023000021,0.0118424024
120230013,12023000005,0.0227070727
120230013,12023000013,0.9724822228
120230013,12023000017,0.0048107045
120230014,12023000013,0.0138888889
120230014,12023000014,0.9583483730
120230014,12023000017,0.0277627381
120230015,12023000015,1.0000000000
120230016,12023000016,1.0000000000
120230017,12023000013,0.0019787610
120230017,12023000014,0.0012398492
120230017,12023000017,0.9967813898
120230018,12023000018,1.0000000000
120230019,12023000019,1.0000000000
120230020,12023000020,0.9909090909
120230020,12023000021,0.0090909091
120230021,12023000004,0.0133779264
120230021,12023000005,0.0132443213
120230021,12023000013,0.0033444816
120230021,12023000021,0.9700332707
120230022,12023000022,1.0000000000
120230023,12023000023,1.0000000000
120230024,12023000024,1.0000000000
120230025,12023000025,1.0000000000
120270001,12027000001,1.0000000000
120270002,12027000002,0.8387096774
120270002,12027000005,0.0645161290
120270002,12027000006,0.0967741935
120270003,12027000003,1.0000000000
120270004,12027000004,1.0000000000
120270005,12027000005,1.0000000000
120270006,12027000006,0.9404245090
120270006,12027000010,0.0273174265
120270006,12027000015,0.0322580645
120270007,12027000007,0.9875006575
120270007,12027000016,0.0124993425
120270008,12027000008,1.0000000000
120270009,12027000009,0.9908256881
120270009,12055000013,0.0091743119
120270010,12027000006,0.0110691855
120270010,12027000010,0.9544461361
120270010,12027000014,0.0179209915
120270010,12055000014,0.0165636869
120270011,12027000011,1.0000000000
120270012,12027000012,1.0000000000
120270013,12027000013,1.0000000000
120270014,12027000014,1.0000000000
120270015,12027000010,0.0045466614
120270015,12027000014,0.0139718572
120270015,12027000015,0.9814814815
120270016,12027000014,0.0051282051
120270016,12027000016,0.9948360768
120270016,12055000013,0.0000357181
120290001,12029000001,1.0000000000
120290002,12029000002,1.0000000000
120290003,12029000003,0.9997982274
120290003,12029000008,0.0002017726
120290004,12029000004,1.0000000000
120290005,12029000005,1.0000000000
120290006,12029000006,1.0000000000
120290007,12029000007,1.0000000000
120290008,12029000003,0.0034754371
120290008,12029000008,0.9965245629
120290009,12029000008,0.0051020408
120290009,12029000009,0.9948979592
120290010,12029000010,0.9970149254
120290010,12123000005,0.0029850746
120290011,12029000011,1.0000000000
120310001,12031000001,1.0000000000
120310002,12031000002,1.0000000000
120310003,12031000003,1.0000000000
120310004,12031000004,0.9756097561
120310004,12031000010,0.0243902439
120310005,12031000005,1.0000000000
120310006,12031000005,0.0266666667
120310006,12031000006,0.9593111882
120310006,12031000015,0.0140221451
120310007,12031000007,1.0000000000
120310008,12031000008,1.0000000000
120310009,12031000009,0.9375000000
120310009,12031000012,0.0625000000
120310010,12031000010,0.9375000000
120310010,12031000030,0.0625000000
120310011,12031000011,1.0000000000
120310012,12031000012,1.0000000000
120310013,12031000013,1.0000000000
120310014,12031000014,1.0000000000
120310015,12031000004,0.0178571429
120310015,12031000015,0.9821428571
120310016,12031000016,1.0000000000
120310017,12031000017,1.0000000000
120310018,12031000018,1.0000000000
120310019,12031000019,1.0000000000
120310020,12031000020,1.0000000000
120310021,12031000021,1.0000000000
120310022,12031000022,1.0000000000
120310023,12031000023,1.0000000000
120310024,12031000024,1.0000000000
120310025,12031000025,1.0000000000
120310026,12031000026,1.0000000000
120310027,12031000027,1.0000000000
120310028,12031000028,1.0000000000
120310029,12031000029,1.0000000000
120310030,12031000030,1.0000000000
120310031,12031000031,1.0000000000
120310032,12031000032,1.0000000000
120310033,12031000033,1.0000000000
120310034,12031000034,1.0000000000
120310035,12031000035,1.0000000000
120310036,12031000036,1.0000000000
120310037,12031000037,1.0000000000
120310038,12031000038,1.0000000000
120310039,12031000038,0.2000000000
120310039,12031000039,0.7600000000
120310039,12031000057,0.0400000000
120310040,12031000040,1.0000000000
120310041,12031000041,1.0000000000
120310042,12031000042,1.0000000000
120310043,12031000043,1.0000000000
120310044,12031000044,1.0000000000
120310045,12031000045,1.0000000000
120310046,12031000046,1.0000000000
120310047,12031000047,1.0000000000
120310048,12031000048,1.0000000000
120310049,12031000049,0.9705882353
120310049,12031000266,0.0294117647
120310050,12031000050,1.0000000000
120310051,12031000051,1.0000000000
120310052,12031000052,1.0000000000
120310053,12031000053,1.0000000000
120310054,12031000054,0.9693711973
120310054,12031000058,0.0306288027
120310055,12031000055,1.0000000000
120310056,12031000056,0.9807692308
120310056,12031000266,0.0192307692
120310057,12031000057,1.0000000000
120310058,12031000054,0.0001081746
120310058,12031000058,0.9998918254
120310059,12031000059,0.8333333333
120310059,12031000266,0.1666666667
120310060,12031000060,1.0000000000
120310061,12031000061,0.9894736842
120310061,12031000063,0.0105263158
120310062,12031000062,0.9686558772
120310062,12031000256,0.0313441228
120310063,12031000063,1.0000000000
120310064,12031000064,1.0000000000
120310065,12031000065,1.0000000000
120310066,12031000066,1.0000000000
120310067,12031000067,1.0000000000
120310068,12031000068,1.0000000000
120310069,12031000069,1.0000000000
120310070,12031000070,1.0000000000
120310071,12031000071,1.0000000000
120310072,12031000072,1.0000000000
120310073,12031000062,0.0169491525
120310073,12031000073,0.9830508475
120310074,12031000074,1.0000000000
120310075,12031000075,1.0000000000
120310076,12031000076,1.0000000000
120310077,12031000077,1.0000000000
120310078,12031000078,0.9838709677
120310078,12031000082,0.0161290323
120310079,12031000079,1.0000000000
120310080,12031000080,1.0000000000
120310081,12031000081,1.0000000000
120310082,12031000082,1.0000000000
120310083,12031000083,1.0000000000
120310084,12031000084,1.0000000000
120310085,12031000085,1.0000000000
120310086,12031000086,1.0000000000
120310087,12031000087,1.0000000000
120310088,12031000088,1.0000000000
120310089,12031000089,1.0000000000
120310090,12031000090,1.0000000000
120310091,12031000091,1.0000000000
120310092,12031000092,1.0000000000
120310093,12031000093,1.0000000000
120310094,12031000094,1.0000000000
120310095,12031000095,1.0000000000
120310096,12031000096,1.0000000000
120310097,12031000097,1.0000000000
120310098,12031000098,1.0000000000
120310099,12031000099,1.0000000000
120310100,12031000100,1.0000000000
120310101,12031000101,1.0000000000
120310102,12031000102,1.0000000000
120310103,12031000103,1.0000000000
120310104,12031000104,1.0000000000
120310105,12031000105,1.0000000000
120310106,12031000106,1.0000000000
120310107,12031000107,1.0000000000
120310108,12031000108,1.0000000000
120310109,12031000109,1.0000000000
120310110,12031000110,1.0000000000
120310111,12031000111,1.0000000000
120310112,12031000112,1.0000000000
120310113,12031000113,1.0000000000
120310114,12031000114,1.0000000000
120310115,12031000115,1.0000000000
120310116,12031000029,0.0149253731
120310116,12031000030,0.0149253731
120310116,12031000116,0.9552238806
120310116,12031000128,0.0149253731
120310117,12031000117,1.0000000000
120310118,12031000118,1.0000000000
120310119,12031000119,1.0000000000
120310120,12031000120,1.0000000000
120310121,12031000121,1.0000000000
120310122,12031000122,1.0000000000
120310123,12031000123,1.0000000000
120310124,12031000124,1.0000000000
120310125,12031000125,1.0000000000
120310126,12031000126,1.0000000000
120310127,12031000127,1.0000000000
120310128,12031000128,1.0000000000
120310129,12031000129,1.0000000000
120310130,12031000130,1.0000000000
120310131,12031000131,1.0000000000
120310132,12031000132,1.0000000000
120310133,12031000133,1.0000000000
120310134,12031000134,1.0000000000
120310135,12031000135,1.0000000000
120310136,12031000136,1.0000000000
120310137,12031000137,1.0000000000
120310138,12031000138,1.0000000000
120310139,12031000139,1.0000000000
120310140,12031000140,1.0000000000
120310141,12031000141,1.0000000000
120310142,12031000142,1.0000000000
120310143,12031000143,1.0000000000
120310144,12031000144,1.0000000000
120310145,12031000145,0.9782608696
120310145,12031000151,0.0217391304
120310146,12031000146,1.0000000000
120310147,12031000147,1.0000000000
120310148,12031000148,1.0000000000
120310149,12031000149,1.0000000000
120310150,12031000149,0.0232558140
120310150,12031000150,0.9767441860
120310151,12031000151,1.0000000000
120310152,12031000152,1.0000000000
120310153,12031000153,1.0000000000
120310154,12031000154,1.0000000000
120310155,12031000155,1.0000000000
120310156,12031000156,0.9666666667
120310156,12031000213,0.0333333333
120310157,12031000157,1.0000000000
120310158,12031000158,1.0000000000
120310159,12031000159,1.0000000000
120310160,12031000160,1.0000000000
120310161,12031000161,1.0000000000
120310162,12031000162,1.0000000000
120310163,12031000163,1.0000000000
120310164,12031000164,1.0000000000
120310165,12031000165,1.0000000000
120310166,12031000166,1.0000000000
120310167,12031000167,1.0000000000
120310168,12031000168,1.0000000000
120310169,12031000169,1.0000000000
120310170,12031000170,1.0000000000
120310171,12031000171,1.0000000000
120310172,12031000172,1.0000000000
120310173,12031000173,1.0000000000
120310174,12031000174,1.0000000000
120310175,12031000175,1.0000000000
120310176,12031000176,1.0000000000
120310177,12031000177,1.0000000000
120310178,12031000178,0.9879518072
120310178,12031000186,0.0120481928
120310179,12031000179,1.0000000000
120310180,12031000180,1.0000000000
120310181,12031000181,1.0000000000
120310182,12031000178,0.0247524752
120310182,12031000182,0.9554455446
120310182,12031000288,0.0198019802
120310183,12031000183,1.0000000000
120310184,12031000184,1.0000000000
120310185,12031000185,1.0000000000
120310186,12031000186,1.0000000000
120310187,12031000187,1.0000000000
120310188,12031000188,1.0000000000
120310189,12031000189,1.0000000000
120310190,12031000190,1.0000000000
120310191,12031000191,1.0000000000
120310192,12031000192,1.0000000000
120310193,12031000193,1.0000000000
120310194,12031000194,0.9811320755
120310194,12031000197,0.0188679245
120310195,12031000195,1.0000000000
120310196,12031000194,0.0232558140
120310196,12031000196,0.9767441860
120310197,12031000197,1.0000000000
120310198,12031000198,1.0000000000
120310199,12031000199,1.0000000000
120310200,12031000200,1.0000000000
120310201,12031000201,1.0000000000
120310202,12031000202,1.0000000000
120310203,12031000203,1.0000000000
120310204,12031000204,1.0000000000
120310205,12031000205,1.0000000000
120310206,12031000206,0.9848484848
120310206,12031000217,0.0151515152
120310207,12031000207,1.0000000000
120310208,12031000039,0.0056818182
120310208,12031000208,0.9943181818
120310209,12031000209,1.0000000000
120310210,12031000210,1.0000000000
120310211,12031000211,1.0000000000
120310212,12031000212,1.0000000000
120310213,12031000213,1.0000000000
120310214,12031000214,1.0000000000
120310215,12031000215,1.0000000000
120310216,12031000216,1.0000000000
120310217,12031000217,1.0000000000
120310218,12031000218,1.0000000000
120310219,12031000219,1.0000000000
120310220,12031000220,1.0000000000
120310221,12031000221,1.0000000000
120310222,12031000222,1.0000000000
120310223,12031000223,0.9824561404
120310223,12031000245,0.0175438596
120310224,12031000224,1.0000000000
120310225,12031000206,0.0227272727
120310225,12031000225,0.9772727273
120310226,12031000226,1.0000000000
120310227,12031000227,1.0000000000
120310228,12031000228,1.0000000000
120310229,12031000229,1.0000000000
120310230,12031000230,1.0000000000
120310231,12031000231,1.0000000000
120310232,12031000232,1.0000000000
120310233,12031000233,1.0000000000
120310234,12031000234,1.0000000000
120310235,12031000235,1.0000000000
120310236,12031000236,1.0000000000
120310237,12031000237,1.0000000000
120310238,12031000238,1.0000000000
120310239,12031000236,0.0789473684
120310239,12031000239,0.9210526316
120310240,12031000240,1.0000000000
120310241,12031000222,0.0181818182
120310241,12031000236,0.0181818182
120310241,12031000239,0.0000035529
120310241,12031000241,0.9636328108
120310242,12031000242,1.0000000000
120310243,12031000243,1.0000000000
120310244,12031000244,1.0000000000
120310245,12031000245,1.0000000000
120310246,12031000246,1.0000000000
120310247,12031000247,1.0000000000
120310248,12031000248,1.0000000000
120310249,12031000249,1.0000000000
120310250,12031000250,1.0000000000
120310251,12031000251,1.0000000000
120310252,12031000252,1.0000000000
120310253,12031000253,1.0000000000
120310254,12031000254,1.0000000000
120310255,12031000255,1.0000000000
120310256,12031000256,1.0000000000
120310257,12031000257,1.0000000000
120310258,12031000258,0.9999516506
120310258,12031000259,0.0000483494
120310259,12031000259,1.0000000000
120310260,12031000260,1.0000000000
120310261,12031000261,1.0000000000
120310262,12031000262,1.0000000000
120310263,12031000263,1.0000000000
120310264,12031000264,1.0000000000
120310265,12031000265,1.0000000000
120310266,12031000266,1.0000000000
120310267,12031000267,1.0000000000
120310268,12031000268,1.0000000000
120310269,12031000269,1.0000000000
120310270,12031000270,0.9500000000
120310270,12031000271,0.0500000000
120310271,12031000271,1.0000000000
120310272,12031000272,1.0000000000
120310273,12031000224,0.0357142857
120310273,12031000273,0.9642857143
120310274,12031000274,1.0000000000
120310275,12031000275,1.0000000000
120310276,12031000276,1.0000000000
120310277,12031000277,1.0000000000
120310278,12031000278,1.0000000000
120310279,12031000279,1.0000000000
120310280,12031000280,1.0000000000
120310281,12031000281,1.0000000000
120310282,12019020801,0.0243902439
120310282,12031000280,0.0487804878
120310282,12031000282,0.9268292683
120310283,12031000283,1.0000000000
120310284,12031000284,1.0000000000
120310285,12031000285,1.0000000000
120310286,12031000286,1.0000000000
120310287,12031000287,1.0000000000
120310288,12031000288,1.0000000000
120310289,12031000289,1.0000000000
120310290,12031000111,0.1538461538
120310290,12031000290,0.8461538462
120310291,12031000291,1.0000000000
120310292,12031000292,1.0000000000
120310293,12031000293,1.0000000000
120310294,12031000294,1.0000000000
120310295,12031000295,1.0000000000
120330001,12033000001,1.0000000000
120330002,12033000002,1.0000000000
120330003,12033000003,0.7142857143
120330003,12033000007,0.2857142857
120330004,12033000004,1.0000000000
120330005,12033000005,1.0000000000
120330006,12033000006,1.0000000000
120330007,12033000003,0.0333333333
120330007,12033000007,0.9666666667
120330008,12033000008,1.0000000000
120330009,12033000009,1.0000000000
120330010,12033000010,1.0000000000
120330011,12033000011,1.0000000000
120330012,12033000012,1.0000000000
120330013,12033000013,1.0000000000
120330014,12033000014,1.0000000000
120330015,12033000015,1.0000000000
120330016,12033000016,1.0000000000
120330017,12033000017,1.0000000000
120330018,12033000018,1.0000000000
120330019,12033000019,1.0000000000
120330020,12033000020,1.0000000000
120330021,12033000021,1.0000000000
120330022,12033000022,1.0000000000
120330023,12033000023,1.0000000000
120330024,12033000024,1.0000000000
120330025,12033000025,0.9736842105
120330025,12033000035,0.0263157895
120330026,12033000026,1.0000000000
120330027,12033000026,0.1162790698
120330027,12033000027,0.8837209302
120330028,12033000027,0.3333333333
120330028,12033000028,0.6666666667
120330029,12033000029,1.0000000000
120330030,12033000030,1.0000000000
120330031,12033000031,0.9332638503
120330031,12033000032,0.0111805941
120330031,12033000034,0.0555555556
120330032,12033000032,1.0000000000
120330033,12033000031,0.0073250664
120330033,12033000033,0.9926749336
120330034,12033000034,1.0000000000
120330035,12033000035,1.0000000000
120330036,12033000036,1.0000000000
120330037,12033000037,1.0000000000
120330038,12033000038,1.0000000000
120330039,12033000039,1.0000000000
120330040,12033000040,1.0000000000
120330041,12033000041,1.0000000000
120330042,12033000042,1.0000000000
120330043,12033000043,1.0000000000
120330044,12033000044,1.0000000000
120330045,12033000045,1.0000000000
120330046,12033000046,1.0000000000
120330047,12033000047,1.0000000000
120330048,12033000048,1.0000000000
120330049,12033000049,1.0000000000
120330050,12033000050,1.0000000000
120330051,12033000051,1.0000000000
120330052,12033000052,1.0000000000
120330053,12033000053,1.0000000000
120330054,12033000054,1.0000000000
120330055,12033000055,1.0000000000
120330056,12033000056,1.0000000000
120330057,12033000057,1.0000000000
120330058,12033000058,1.0000000000
120330059,12033000059,1.0000000000
120330060,12033000060,1.0000000000
120330061,12033000061,0.9838590962
120330061,12033000063,0.0161409038
120330062,12033000062,0.9651162791
120330062,12033000064,0.0348837209
120330063,12033000063,1.0000000000
120330064,12033000063,0.0114370678
120330064,12033000064,0.9806763285
120330064,12033000065,0.0048309179
120330064,12033000067,0.0030556858
120330065,12033000064,0.0416666667
120330065,12033000065,0.9583333333
120330066,12033000066,1.0000000000
120330067,12033000067,0.5000000000
120330067,12033000084,0.5000000000
120330068,12033000064,0.0256410256
120330068,12033000068,0.9743589744
120330069,12033000069,1.0000000000
120330070,12033000070,1.0000000000
120330071,12033000071,0.9230769231
120330071,12033000075,0.0769230769
120330072,12033000072,1.0000000000
120330073,12033000064,0.0116492012
120330073,12033000073,0.9883507988
120330074,12033000074,1.0000000000
120330075,12033000075,1.0000000000
120330076,12033000076,1.0000000000
120330077,12033000077,1.0000000000
120330078,12033000078,1.0000000000
120330079,12033000079,0.3333333333
120330079,12033000084,0.6666666667
120330080,12033000080,1.0000000000
120330081,12033000081,1.0000000000
120330082,12033000082,1.0000000000
120330083,12033000083,1.0000000000
120330084,12033000084,1.0000000000
120330085,12033000085,0.9714285714
120330085,12033000087,0.0285714286
120330086,12033000086,1.0000000000
120330087,12033000087,1.0000000000
120330088,12033000088,1.0000000000
120330089,12033000089,1.0000000000
120330090,12033000090,1.0000000000
120330091,12033000091,1.0000000000
120330092,12033000092,1.0000000000
120330093,12033000093,0.9855072464
120330093,12033000097,0.0144927536
120330094,12033000094,1.0000000000
120330095,12033000094,0.0344827586
120330095,12033000095,0.9655172414
120330096,12033000096,1.0000000000
120330097,12033000097,1.0000000000
120330098,12033000098,1.0000000000
120330099,12033000099,1.0000000000
120330100,12033000100,1.0000000000
120330101,12033000101,1.0000000000
120330102,12033000102,1.0000000000
120330103,12033000103,1.0000000000
120330104,12033000104,1.0000000000
120330105,12033000105,1.0000000000
120330106,12033000106,1.0000000000
120330107,12033000107,1.0000000000
120330108,12033000108,1.0000000000
120330109,12033000109,1.0000000000
120330110,12033000110,1.0000000000
120330111,12033000111,1.0000000000
120330112,12033000112,1.0000000000
120330113,12033000113,1.0000000000
120330114,12033000114,1.0000000000
120330115,12033000115,0.9565217391
120330115,12033000117,0.0434782609
120330116,12033000116,1.0000000000
120330117,12033000086,0.0247809749
120330117,12033000117,0.9752190251
120330118,12033000118,1.0000000000
120330119,12033000119,1.0000000000
120330120,12033000120,1.0000000000
120330121,12033000121,1.0000000000
120330122,12033000122,1.0000000000
120330123,12033000123,1.0000000000
120330124,12033000124,1.0000000000
120330125,12033000125,1.0000000000
120330126,12033000126,0.9863013699
120330126,12033000134,0.0136986301
120330127,12033000127,1.0000000000
120330128,12033000128,1.0000000000
120330129,12033000126,0.0003118645
120330129,12033000129,0.9996881355
120330130,12033000130,1.0000000000
120330131,12033000131,1.0000000000
120330132,12033000132,0.8918647839
120330132,12033000142,0.1081352161
120330133,12033000133,1.0000000000
120330134,12033000134,1.0000000000
120330135,12033000134,0.0555555556
120330135,12033000135,0.9444444444
120330136,12033000107,0.0588235294
120330136,12033000136,0.9411764706
120330137,12033000137,1.0000000000
120330138,12033000138,1.0000000000
120330139,12033000139,1.0000000000
120330140,12033000140,1.0000000000
120330141,12033000141,1.0000000000
120330142,12033000142,1.0000000000
120330143,12033000143,1.0000000000
120330144,12033000144,1.0000000000
120330145,12033000145,1.0000000000
120330146,12033000146,1.0000000000
120330147,12033000147,1.0000000000
120330148,12033000148,1.0000000000
120330149,12033000107,0.0857142857
120330149,12033000149,0.9142857143
120330150,12033000150,1.0000000000
120330151,12033000151,1.0000000000
120330152,12033000152,1.0000000000
120330153,12033000153,1.0000000000
120330154,12033000154,1.0000000000
120330155,12033000155,1.0000000000
120330156,12033000156,1.0000000000
120330157,12033000157,1.0000000000
120330158,12033000158,1.0000000000
120330159,12033000159,1.0000000000
120330160,12033000160,1.0000000000
120330161,12033000161,1.0000000000
120330162,12033000162,1.0000000000
120330163,12033000163,1.0000000000
120330164,12033000164,1.0000000000
120330165,12033000165,1.0000000000
120330166,12033000166,1.0000000000
120330167,12033000167,1.0000000000
120330168,12033000168,1.0000000000
120330169,12033000169,1.0000000000
120330170,12033000170,1.0000000000
120330171,12033000171,1.0000000000
120330172,12033000172,1.0000000000
120330173,12033000173,1.0000000000
120330174,12033000174,1.0000000000
120330175,12033000175,1.0000000000
120330176,12033000176,1.0000000000
120330177,12033000177,1.0000000000
120330178,12033000178,1.0000000000
120330179,12033000179,1.0000000000
120330180,12033000180,1.0000000000
120330181,12033000181,0.9782608696
120330181,12033000192,0.0217391304
120330182,12033000182,1.0000000000
120330183,12033000183,1.0000000000
120330184,12033000184,1.0000000000
120330185,12033000185,1.0000000000
120330186,12033000186,1.0000000000
120330187,12033000187,1.0000000000
120330188,12033000188,1.0000000000
120330189,12033000188,0.1666666667
120330189,12033000189,0.8333333333
120330190,12033000190,1.0000000000
120330191,12033000191,0.9767441860
120330191,12033000208,0.0232558140
120330192,12033000188,0.0000004567
120330192,12033000192,0.9999995433
120330193,12033000188,0.0312500000
120330193,12033000193,0.9687500000
120330194,12033000194,1.0000000000
120330195,12033000195,1.0000000000
120330196,12033000196,1.0000000000
120330197,12033000197,1.0000000000
120330198,12033000198,1.0000000000
120330199,12033000199,1.0000000000
120330200,12033000200,1.0000000000
120330201,12033000201,1.0000000000
120330202,12033000202,1.0000000000
120330203,12033000202,0.1000000000
120330203,12033000203,0.9000000000
120330204,12033000204,1.0000000000
120330205,12033000205,1.0000000000
120330206,12033000206,1.0000000000
120330207,12033000207,0.9375000000
120330207,12033000218,0.0625000000
120330208,12033000208,1.0000000000
120330209,12033000209,1.0000000000
120330210,12033000210,1.0000000000
120330211,12033000211,1.0000000000
120330212,12033000212,1.0000000000
120330213,12033000213,1.0000000000
120330214,12033000214,1.0000000000
120330215,12033000215,1.0000000000
120330216,12033000216,1.0000000000
120330217,12033000217,1.0000000000
120330218,12033000218,1.0000000000
120330219,12033000219,1.0000000000
120330220,12033000220,1.0000000000
120330221,12033000221,1.0000000000
120330222,12033000222,1.0000000000
120330223,12033000221,0.0055512777
120330223,12033000223,0.9944487223
120330224,12033000224,1.0000000000
120330225,12033000225,1.0000000000
120330226,12033000226,1.0000000000
120330227,12033000227,0.9032258065
120330227,12033000238,0.0967741935
120330228,12033000228,1.0000000000
120330229,12033000229,1.0000000000
120330230,12033000230,1.0000000000
120330231,12033000231,1.0000000000
120330232,12033000232,1.0000000000
120330233,12033000233,1.0000000000
120330234,12033000234,1.0000000000
120330235,12033000235,1.0000000000
120330236,12033000236,1.0000000000
120330237,12033000237,1.0000000000
120330238,12033000238,1.0000000000
120330239,12033000239,1.0000000000
120330240,12033000240,1.0000000000
120330241,12033000241,1.0000000000
120330242,12033000242,1.0000000000
120330243,12033000243,1.0000000000
120330244,12033000244,1.0000000000
120330245,12033000245,1.0000000000
120330246,12033000246,1.0000000000
120330247,12033000247,1.0000000000
120330248,12033000248,1.0000000000
120330249,12033000249,1.0000000000
120330250,12033000250,1.0000000000
120330251,12033000251,1.0000000000
120330252,12033000252,1.0000000000
120330253,12033000253,1.0000000000
120330254,12033000254,1.0000000000
120330255,12033000255,1.0000000000
120330256,12033000256,1.0000000000
120330257,12033000257,1.0000000000
120330258,12033000258,1.0000000000
120330259,12033000259,1.0000000000
120330260,12033000260,1.0000000000
120330261,12033000261,1.0000000000
120330262,12033000262,1.0000000000
120330263,12033000263,1.0000000000
120330264,12033000264,1.0000000000
120330265,12033000265,1.0000000000
120330266,12033000266,1.0000000000
120330267,12033000267,1.0000000000
120350001,12035000110,0.1666666667
120350001,12035110000,0.5000000000
120350001,12035130000,0.3333333333
120350002,12035100000,0.1998807737
120350002,12035110000,0.0835776451
120350002,12035130000,0.6853544950
120350002,12035300000,0.0037735849
120350002,12035920000,0.0235478317
120350002,12035940000,0.0038656696
120350003,12035000332,1.0000000000
120350004,12035100000,0.1694385024
120350004,12035110000,0.0635327450
120350004,12035300000,0.3239926245
120350004,12035310000,0.1861983024
120350004,12035500000,0.0723289413
120350004,12035510000,0.1845088844
120350005,12035300000,0.8498376936
120350005,12035310000,0.1501623064
120350006,12035000131,0.0093240093
120350006,12035000132,0.0816016488
120350006,12035000133,0.0279720280
120350006,12035000210,0.0487674184
120350006,12035000211,0.0687107689
120350006,12035000212,0.0116550117
120350006,12035000217,0.0014029316
120350006,12035100000,0.5714544344
120350006,12035110000,0.1492388448
120350006,12035120000,0.0275419018
120350006,12035300000,0.0023310023
120350007,12035000212,1.0000000000
120350009,12035000270,0.0609756098
120350009,12035000271,0.1463414634
120350009,12035000272,0.4146341463
120350009,12035000310,0.0365853659
120350009,12035000370,0.0950688837
120350009,12035000371,0.2463945309
120350010,12035000231,1.0000000000
120350011,12035000231,0.9142857143
120350011,12035000240,0.0292344852
120350011,12035000241,0.0279083720
120350011,12035000270,0.0285714286
120350012,12035000180,1.0000000000
120350013,12035000290,0.8857142857
120350013,12035000292,0.1142857143
120350014,12035000330,0.4333333333
120350014,12035000333,0.5666666667
120350015,12035000350,1.0000000000
120350016,12035000270,1.0000000000
120350017,12035000133,0.0425531915
120350017,12035000200,0.3191489362
120350017,12035000201,0.6382978723
120350018,12035500000,0.6855176664
120350018,12035510000,0.2348635611
120350018,12035520000,0.0264950760
120350018,12035710000,0.0459881527
120350018,12035720000,0.0071355439
120350019,12035000370,0.0136986301
120350019,12035700000,0.2438160813
120350019,12035710000,0.4657534247
120350019,12035720000,0.0136986301
120350019,12035730000,0.2614125646
120350019,12035810000,0.0016206691
120350020,12035000170,0.0613095238
120350020,12035000171,0.9386904762
120350021,12035000142,0.1587301587
120350021,12035000170,0.6031746032
120350021,12035000171,0.1428571429
120350021,12035000180,0.0952380952
120350022,12035500000,0.2396670576
120350022,12035510000,0.1333333333
120350022,12035530000,0.6269996091
120350023,12035000190,0.4390243902
120350023,12035000191,0.5383764569
120350023,12035000201,0.0225991528
120350024,12035000370,1.0000000000
120350025,12035000331,0.2109451844
120350025,12035000332,0.4953350650
120350025,12035000350,0.1214953271
120350025,12035000370,0.1449349741
120350025,12035000371,0.0133459188
120350025,12035000372,0.0139435306
120350026,12035000231,0.0406504065
120350026,12035000240,0.4013928002
120350026,12035000241,0.5254364681
120350026,12035000290,0.0160178225
120350026,12035000292,0.0165025027
120350027,12035000133,0.0576923077
120350027,12035000134,0.0384615385
120350027,12035000180,0.4807692308
120350027,12035000181,0.4230769231
120350028,12035000231,0.4333333333
120350028,12035000270,0.5666666667
120350029,12035000100,0.0857506879
120350029,12035000104,0.0460322578
120350029,12035100000,0.1119742381
120350029,12035130000,0.0029684837
120350029,12035500000,0.0465116279
120350029,12035840000,0.0468375943
120350029,12035850000,0.0305917538
120350029,12035910000,0.1007271171
120350029,12035920000,0.0775667233
120350029,12035930000,0.0155038760
120350029,12035940000,0.4355356401
120350030,12035000191,1.0000000000
120350031,12035000130,0.0338983051
120350031,12035000140,0.2542372881
120350031,12035000141,0.7118644068
120350032,12035000231,0.0328876992
120350032,12035000240,0.0325089681
120350032,12035000270,0.0618561331
120350032,12035000290,0.8377844948
120350032,12035000291,0.0349627048
120350033,12035000290,0.1000000000
120350033,12035000291,0.9000000000
120350034,12035000130,0.7162162162
120350034,12035000134,0.2837837838
120350035,12035000201,0.7917176191
120350035,12035000212,0.0253164557
120350035,12035000215,0.1829659252
120350036,12035000370,0.7210086391
120350036,12035000371,0.2789913609
120350038,12035000271,0.0666666667
120350038,12035000310,0.7425594389
120350038,12035000371,0.1907738944
120350040,12035000100,0.0089285714
120350040,12035000104,0.0177906267
120350040,12035000107,0.8481936130
120350040,12035150000,0.0000871888
120350040,12035910000,0.0089285714
120350040,12035920000,0.1160714286
120350041,12035000100,1.0000000000
120350042,12035000142,0.0175438596
120350042,12035000160,0.4736842105
120350042,12035000161,0.5087719298
120350043,12035000231,0.0454545455
120350043,12035000240,0.0000000244
120350043,12035000241,0.5454545210
120350043,12035000270,0.4090909091
120350044,12035000100,0.0714285714
120350044,12035000104,0.0119047619
120350044,12035000370,0.0082661358
120350044,12035000371,0.0122322587
120350044,12035510000,0.0119047619
120350044,12035700000,0.0121394917
120350044,12035810000,0.8364097328
120350044,12035850000,0.0357142857
120350045,12035000100,1.0000000000
120350046,12035000100,1.0000000000
120350047,12035000100,1.0000000000
120350048,12035000211,0.0185185185
120350048,12035000213,0.8968075323
120350048,12035000215,0.0185185185
120350048,12035000217,0.0198591344
120350048,12035000219,0.0462962963
120350049,12035000212,1.0000000000
120350050,12035000104,0.0353534757
120350050,12035000110,0.0352941176
120350050,12035000140,0.0194486489
120350050,12035000141,0.0588235294
120350050,12035000142,0.0158454687
120350050,12035000150,0.6587641714
120350050,12035000151,0.1647058824
120350050,12035000371,0.0117647059
120350051,12035000110,1.0000000000
120350052,12035009980,1.0000000000
120350053,12035100000,0.1428571429
120350053,12035130000,0.1428571429
120350053,12035150000,0.6937437844
120350053,12035920000,0.0205419299
120350054,12035000310,0.9567652899
120350054,12035000331,0.0219581144
120350054,12035000371,0.0212765957
120350055,12035000310,1.0000000000
120350056,12035000372,1.0000000000
120350057,12035000310,1.0000000000
120350058,12035000270,0.0004889332
120350058,12035000290,0.0058525268
120350058,12035000291,0.9936585399
120350059,12035000211,0.0423123805
120350059,12035000213,0.0773995756
120350059,12035000217,0.8802880438
120350060,12035000104,1.0000000000
120350061,12035720000,1.0000000000
120370001,12037000001,1.0000000000
120370002,12037000002,0.9959655748
120370002,12129ZZZZZZ,0.0040344252
120370003,12037000003,1.0000000000
120370004,12037000004,1.0000000000
120370005,12037000005,1.0000000000
120370006,12037000006,1.0000000000
120370007,12037000007,1.0000000000
120370008,12037000008,0.9942528736
120370008,12045000008,0.0057471264
120390001,12039000001,1.0000000000
120390002,12039000002,1.0000000000
120390003,12039000003,1.0000000000
120390004,12039000004,0.9840432927
120390004,12039000038,0.0159567073
120390005,12039000005,1.0000000000
120390006,12039000006,1.0000000000
120390007,12039000007,1.0000000000
120390008,12039000008,1.0000000000
120390009,12039000009,0.9904761905
120390009,12039000016,0.0095238095
120390010,12039000010,1.0000000000
120390011,12039000011,1.0000000000
120390012,12039000012,1.0000000000
120390013,12039000012,0.0013319857
120390013,12039000013,0.9986680143
120390014,12039000014,1.0000000000
120390015,12039000015,1.0000000000
120390016,12039000016,1.0000000000
120390017,12039000017,1.0000000000
120390018,12039000018,1.0000000000
120390019,12039000019,1.0000000000
120390020,12039000020,1.0000000000
120390021,12039000021,0.8928754240
120390021,12039000022,0.1071245760
120390022,12039000022,1.0000000000
120390023,12039000023,1.0000000000
120390024,12039000024,1.0000000000
120390025,12039000025,1.0000000000
120390026,12039000026,1.0000000000
120390027,12039000027,1.0000000000
120390028,12039000028,1.0000000000
120390029,12039000029,1.0000000000
120390030,12039000030,1.0000000000
120390031,12039000031,1.0000000000
120390032,12039000001,0.0000500819
120390032,12039000032,0.9999499181
120390033,12039000033,1.0000000000
120390034,12039000034,1.0000000000
120390035,12039000035,1.0000000000
120390036,12039000036,1.0000000000
120390037,12039000037,1.0000000000
120390038,12039000038,1.0000000000
120390039,12039000039,1.0000000000
120390040,12039000040,1.0000000000
120390041,12039000041,1.0000000000
120390042,12039000042,1.0000000000
120390043,12039000043,1.0000000000
120390044,12039000044,1.0000000000
120390045,12039000045,1.0000000000
120390046,12039000046,1.0000000000
120390047,12039000047,1.0000000000
120390048,12039000048,1.0000000000
120410001,12041000001,1.0000000000
120410002,12041000002,1.0000000000
120410003,12041000003,1.0000000000
120410004,12041000004,1.0000000000
120410005,12041000005,1.0000000000
120410006,12041000006,1.0000000000
120410007,12041000007,1.0000000000
120410008,12041000008,1.0000000000
120410009,12041000009,1.0000000000
120410010,12041000010,1.0000000000
120430001,12043000001,1.0000000000
120430002,12043000002,1.0000000000
120430003,12043000003,0.9876472710
120430003,12043000011,0.0123527290
120430004,12043000004,1.0000000000
120430005,12043000005,0.9697579635
120430005,12043000013,0.0119760479
120430005,12051000013,0.0062894798
120430005,12051000016,0.0119765089
120430006,12043000006,1.0000000000
120430007,12043000007,0.9918391426
120430007,12043000010,0.0081300813
120430007,12055000019,0.0000307761
120430008,12043000008,0.9860754736
120430008,12043000010,0.0135135135
120430008,12055000018,0.0004110129
120430009,12043000009,1.0000000000
120430010,12043000010,1.0000000000
120430011,12043000003,0.0000187486
120430011,12043000011,0.9999812514
120430012,12043000012,1.0000000000
120430013,12043000013,0.9907407407
120430013,12051000011,0.0092592593
120450001,12005000044,0.0500000000
120450001,12045000001,0.8999979513
120450001,12045000008,0.0500020487
120450002,12037000001,0.0126816447
120450002,12045000002,0.7898082184
120450002,12045000007,0.0031055901
120450002,12045000009,0.1944045468
120450003,12045000002,0.2416284082
120450003,12045000003,0.7583715918
120450004,12045000004,0.4111926055
120450004,12045000010,0.2331651950
120450004,12045000011,0.3556421994
120450005,12045000001,0.0003779396
120450005,12045000005,0.9117455624
120450005,12045000006,0.0111524164
120450005,12045000007,0.0037286455
120450005,12045000011,0.0729954361
120450006,12045000001,0.0082987552
120450006,12045000005,0.0265578876
120450006,12045000006,0.9651433572
120450007,12045000003,0.1311795489
120450007,12045000005,0.1030303030
120450007,12045000007,0.7657901480
120450008,12045000001,0.0649578826
120450008,12045000008,0.9350421174
120450009,12045000005,0.3410413670
120450009,12045000009,0.6589586330
120450010,12045000003,0.6191002692
120450010,12045000010,0.3808997308
120470001,12047000001,1.0000000000
120470002,12047000002,1.0000000000
120470003,12047000003,1.0000000000
120470004,12047000004,1.0000000000
120470005,12047000005,1.0000000000
120470006,12047000006,1.0000000000
120470007,12047000007,1.0000000000
120470008,12047000008,1.0000000000
120490001,12049000001,1.0000000000
120490002,12049000002,1.0000000000
120490003,12049000003,1.0000000000
120490004,12049000004,1.0000000000
120490005,12049000005,1.0000000000
120490006,12049000006,0.9843985442
120490006,12049000012,0.0156014558
120490007,12049000007,0.9967845659
120490007,12049000012,0.0032154341
120490008,12049000008,1.0000000000
120490009,12049000009,0.9988428148
120490009,12055000016,0.0011571852
120490010,12049000010,1.0000000000
120490011,12049000011,1.0000000000
120490012,12049000006,0.0038624090
120490012,12049000012,0.9961375910
120510001,12051000001,0.9714711340
120510001,12051000005,0.0002845263
120510001,12051000007,0.0269573623
120510001,12051000025,0.0012869775
120510002,12051000001,0.9907407407
120510002,12051000025,0.0092592593
120510003,12051000001,0.0760838307
120510003,12051000025,0.9065360024
120510003,12051000029,0.0173801669
120510004,12051000018,0.1688697845
120510004,12051000025,0.8311302155
120510005,12051000005,1.0000000000
120510006,12051000005,1.0000000000
120510007,12051000007,1.0000000000
120510008,12051000008,1.0000000000
120510009,12051000007,1.0000000000
120510010,12051000010,1.0000000000
120510011,12051000010,0.0041424569
120510011,12051000011,0.9958575431
120510012,12051000012,0.9796844535
120510012,12051000013,0.0141057206
120510012,12051000022,0.0062098258
120510013,12051000012,0.0149253731
120510013,12051000013,0.9827107989
120510013,12051000022,0.0023638280
120510014,12051000012,0.0165656904
120510014,12051000014,0.8998429616
120510014,12051000022,0.0113237377
120510014,12051000024,0.0722676103
120510015,12051000016,1.0000000000
120510016,12051000013,0.0722145659
120510016,12051000016,0.9277854341
120510017,12051000017,1.0000000000
120510018,12051000007,0.0000056565
120510018,12051000018,0.9999943435
120510019,12051000025,1.0000000000
120510020,12051000010,0.9573911235
120510020,12051000017,0.0213322807
120510020,12051000025,0.0212765957
120510021,12051000011,0.0256410256
120510021,12051000012,0.5128205128
120510021,12051000024,0.4615384615
120510022,12051000013,0.0666666667
120510022,12051000014,0.0334604266
120510022,12051000022,0.8998729068
120510023,12051000014,0.0146736267
120510023,12051000016,0.0759493671
120510023,12051000024,0.9093770063
120510024,12051000014,0.0364985736
120510024,12051000024,0.9517805423
120510024,12071000026,0.0117208841
120510025,12051000025,1.0000000000
120510026,12051000012,0.0062776604
120510026,12051000013,0.9297583976
120510026,12051000014,0.0131578947
120510026,12051000016,0.0263157895
120510026,12051000024,0.0244902578
120510027,12021000122,0.0112359551
120510027,12051000008,0.0224719101
120510027,12051000025,0.9662921348
120510028,12051000007,0.0211749302
120510028,12051000029,0.9788250698
120510029,12051000025,0.0549450549
120510029,12051000029,0.9450549451
120530001,12053000001,0.9551809131
120530001,12053000036,0.0448190869
120530002,12053000002,1.0000000000
120530003,12053000002,0.2094594595
120530003,12053000025,0.7905405405
120530004,12053000010,0.5542749259
120530004,12053000023,0.4457250741
120530005,12053000006,0.0483949250
120530005,12053000023,0.9516050750
120530006,12053000006,0.7535837921
120530006,12053000023,0.0488853437
120530006,12053000036,0.1975308642
120530007,12053000006,0.8545981191
120530007,12053000010,0.0102040816
120530007,12053000023,0.1351977992
120530008,12053000037,1.0000000000
120530009,12053000009,0.9583333333
120530009,12053000036,0.0416666667
120530010,12053000010,0.8928844099
120530010,12053000023,0.1071155901
120530011,12053000023,1.0000000000
120530012,12053000031,1.0000000000
120530013,12053000017,0.9464285714
120530013,12053000038,0.0535714286
120530014,12053000014,0.9553571429
120530014,12053000031,0.0446428571
120530015,12053000015,0.6567164179
120530015,12053000039,0.3432835821
120530016,12053000002,0.1157894737
120530016,12053000025,0.8631578947
120530016,12053000031,0.0210526316
120530017,12053000017,1.0000000000
120530018,12053000018,1.0000000000
120530019,12053000019,1.0000000000
120530020,12053000019,1.0000000000
120530021,12053000015,1.0000000000
120530022,12053000022,1.0000000000
120530023,12053000010,0.5969674924
120530023,12053000023,0.4030325076
120530024,12053000024,0.9770114943
120530024,12053000038,0.0229885057
120530025,12053000025,0.9903459008
120530025,12053000033,0.0014573779
120530025,12053000038,0.0081967213
120530026,12053000026,0.9351517165
120530026,12053000031,0.0612244898
120530026,12053000044,0.0036237937
120530027,12053000006,0.0838570921
120530027,12053000010,0.0415008165
120530027,12053000023,0.8746420914
120530028,12053000028,1.0000000000
120530029,12053000029,0.8904109589
120530029,12053000034,0.1095890411
120530030,12053000015,0.0176211454
120530030,12053000017,0.0088105727
120530030,12053000030,0.9735682819
120530031,12053000031,1.0000000000
120530032,12053000024,1.0000000000
120530033,12053000033,0.9850746269
120530033,12053000038,0.0149253731
120530034,12053000034,1.0000000000
120530035,12053000047,1.0000000000
120530036,12053000036,1.0000000000
120530037,12053000036,0.9166666667
120530037,12053000037,0.0833333333
120530038,12053000017,0.0348837209
120530038,12053000024,0.1162790698
120530038,12053000038,0.8488372093
120530039,12053000015,0.3333333333
120530039,12053000039,0.6666666667
120530040,12053000022,0.1538461538
120530040,12053000034,0.4786324786
120530040,12053000040,0.3675213675
120530041,12053000034,1.0000000000
120530042,12053000042,1.0000000000
120530043,12053000014,1.0000000000
120530044,12053000029,0.0560747664
120530044,12053000044,0.9439252336
120530045,12053000040,1.0000000000
120530046,12053000033,0.7751937984
120530046,12053000038,0.2248062016
120530047,12053000047,1.0000000000
120530048,12053000048,1.0000000000
120530049,12053000017,0.0156818514
120530049,12053000025,0.9843181486
120530050,12053000026,0.9629629630
120530050,12053000031,0.0370370370
120530051,12053000028,0.8512396694
120530051,12053000031,0.0578512397
120530051,12053000044,0.0909090909
120530052,12053000017,1.0000000000
120530053,12053000018,0.9839569496
120530053,12053000044,0.0160430504
120530054,12053000054,1.0000000000
120530055,12053000044,1.0000000000
120530056,12053000048,1.0000000000
120550001,12055000001,0.0294117647
120550001,12055000003,0.9705882353
120550002,12055000001,0.9885306902
120550002,12055000003,0.0114693098
120550003,12055000002,0.9866597035
120550003,1205500002N,0.0133402965
120550004,12055000001,0.0143784498
120550004,12055000002,0.0007128322
120550004,12055000003,0.9583388304
120550004,12055000012,0.0004377296
120550004,12055000016,0.0037313433
120550004,1205500016A,0.0012678233
120550004,1209300P-02,0.0211329915
120550005,12055000002,0.0017570307
120550005,1205500004A,0.9982429693
120550006,1205500004D,1.0000000000
120550007,12055000025,0.0014759445
120550007,1205500004D,0.9985240555
120550008,12055000004,0.9731803414
120550008,1205500004A,0.0268196586
120550009,12055000004,1.0000000000
120550010,12055000004,0.0097087379
120550010,12055000005,0.9805825243
120550010,12055000010,0.0097087379
120550011,12055000005,0.9217977871
120550011,12055000010,0.0782022129
120550012,12055000005,0.9905403917
120550012,12055000010,0.0094596083
120550013,12055000002,0.0490942556
120550013,12055000006,0.8453156822
120550013,12055000022,0.1055900621
120550014,12055000007,1.0000000000
120550015,12055000008,0.9974319046
120550015,12055000022,0.0025680954
120550016,12055000008,0.0188679245
120550016,12055000009,0.9622602815
120550016,1205500009N,0.0188717940
120550017,12055000009,1.0000000000
120550018,12055000009,0.0268776315
120550018,1205500009N,0.9731223685
120550019,1205500009N,1.0000000000
120550020,12055000005,0.0000341715
120550020,12055000010,0.9733041754
120550020,12055000022,0.0136666072
120550020,12055000025,0.0063606890
120550020,1205500015S,0.0004231768
120550020,1205500025D,0.0062111801
120550021,12055000011,0.9998195708
120550021,1205500011S,0.0001804292
120550022,12055000011,0.6666666667
120550022,1205500011S,0.3333333333
120550023,12055000011,0.0915724731
120550023,1205500011S,0.9084275269
120550024,12055000003,0.0310880829
120550024,12055000012,0.9428140315
120550024,1209300P-02,0.0260978856
120550025,12055000013,1.0000000000
120550026,12055000013,0.0651152477
120550026,1205500013L,0.9348847523
120550027,12055000013,1.0000000000
120550028,12055000013,0.9811975051
120550028,1205500013L,0.0188024949
120550029,12055000014,1.0000000000
120550030,12055000015,0.7094086690
120550030,12055000021,0.1762578676
120550030,1205500015S,0.1143334633
120550031,12055000021,0.9798884098
120550031,1205500015S,0.0201115902
120550032,12055000021,0.0257253360
120550032,1205500015S,0.9742746640
120550033,12055000015,0.0178571429
120550033,1205500015S,0.9821428571
120550034,12055000015,1.0000000000
120550035,12055000015,0.5109933522
120550035,12055000021,0.4649913708
120550035,1205500015S,0.0240152770
120550036,1205500015S,1.0000000000
120550037,12055000021,0.6666666667
120550037,1205500015S,0.3333333333
120550038,12055000021,1.0000000000
120550039,12055000016,0.9329896907
120550039,1205500016A,0.0670103093
120550040,12055000001,0.0233565564
120550040,1205500016A,0.9766434436
120550041,12055000003,0.0032467532
120550041,12055000016,0.9857608170
120550041,1205500016A,0.0109924298
120550042,12055000013,0.0297521767
120550042,12055000017,0.9633379059
120550042,1205500013L,0.0069099175
120550043,12055000017,0.0625000000
120550043,1205500017L,0.9375000000
120550044,12055000017,0.9834102124
120550044,1205500017L,0.0165897876
120550045,1205500017L,1.0000000000
120550046,12055000012,0.0148148148
120550046,12055000017,0.9851851852
120550047,12055000012,0.0118343195
120550047,12055000018,0.9821533814
120550047,1209300P-04,0.0060122991
120550048,12055000019,0.9208441496
120550048,1205500019L,0.0791558504
120550049,12055000019,0.1225832836
120550049,1205500019L,0.8774167164
120550050,12055000019,1.0000000000
120550051,12055000012,0.0099502488
120550051,12055000020,0.6237583047
120550051,1205500020N,0.3662914465
120550052,12055000002,0.5454335147
120550052,1205500002N,0.4545664853
120550053,12055000008,0.0199198361
120550053,12055000022,0.9800801639
120550054,12055000008,0.0386571895
120550054,1205500009N,0.9613428106
120550055,12055000008,0.0056481947
120550055,12055000022,0.9943518053
120550056,12055000022,1.0000000000
120550057,12055000022,1.0000000000
120550058,12055000022,1.0000000000
120550059,12055000006,0.8867924528
120550059,12055000012,0.0754716981
120550059,12055000022,0.0377358491
120550060,12055000007,0.0243902439
120550060,12055000023,0.9262772904
120550060,1205500020N,0.0493324657
120550061,12055000023,1.0000000000
120550062,12055000024,1.0000000000
120550063,12055000002,0.2012509669
120550063,12055000025,0.7987490331
120550064,1205500004D,0.1893080365
120550064,1205500025D,0.8106919635
120550065,12055000025,1.0000000000
120550066,12055000025,1.0000000000
120550067,12055000025,1.0000000000
120570001,12057000101A,0.9297881272
120570001,12057000105A,0.0140845070
120570001,12057000107A,0.0105633803
120570001,12057000998,0.0455639855
120570002,12057000098,0.0106905192
120570002,12057000103A,0.9287034202
120570002,12057000998,0.0606060606
120570003,12057000101A,0.0096153846
120570003,12057000105A,0.9903846154
120570004,12057000107A,1.0000000000
120570005,12057000101A,0.0256410256
120570005,12057000107A,0.9743589744
120570006,12057000101A,0.0250000000
120570006,12057000108A,0.8750000000
120570006,12057000998,0.1000000000
120570007,12057000108A,0.0164353921
120570007,12057000109A,0.9507777227
120570007,12057000998,0.0327868852
120570008,12057000111,0.9444444444
120570008,12057000113,0.0185185185
120570008,12057000998,0.0370370370
120570009,12057000112A,0.9487179487
120570009,12057000998,0.0512820513
120570010,12057000113,1.0000000000
120570011,12057000115A,0.9260936612
120570011,12057000998,0.0739063388
120570012,12057000116A,0.9343949364
120570012,12057000998,0.0656050636
120570013,12057000117,0.9419187418
120570013,12057000998,0.0580812582
120570014,12057000119A,1.0000000000
120570015,12057000121A,0.9444444444
120570015,12057000123,0.0555555556
120570016,12057000123,0.9384615385
120570016,12057000998,0.0615384615
120570017,12057000125A,0.6904761905
120570017,12057000127,0.0238095238
120570017,12057000998,0.2857142857
120570018,12057000125A,0.5112195835
120570018,12057000998,0.4887804165
120570019,12057000125A,0.0121951220
120570019,12057000127,0.9268292683
120570019,12057000998,0.0609756098
120570020,12057000123,0.0142857143
120570020,12057000129A,0.9428571429
120570020,12057000131A,0.0142857143
120570020,12057000998,0.0285714286
120570021,12057000131A,0.9871794872
120570021,12057000145A,0.0128205128
120570022,12057000133A,1.0000000000
120570023,12057000014,0.0382630231
120570023,12057000135A,0.9617369769
120570024,12057000137A,1.0000000000
120570025,12057000014,0.0552030837
120570025,12057000139A,0.8649616059
120570025,12057000998,0.0798353104
120570026,12057000141A,1.0000000000
120570027,12057000145A,0.9318181818
120570027,12057000151A,0.0681818182
120570028,12057000131A,0.2363636364
120570028,12057000145A,0.0363636364
120570028,12057000151A,0.5454545455
120570028,12057000165,0.1818181818
120570029,12057000127,0.0112359551
120570029,12057000151A,0.2247191011
120570029,12057000153A,0.1910112360
120570029,12057000157,0.2696629213
120570029,12057000165,0.2584269663
120570029,12057000998,0.0449438202
120570030,12057000159,0.8292682927
120570030,12057000998,0.1707317073
120570031,12057000160,0.8311688312
120570031,12057000165,0.0126901717
120570031,12057000301,0.1168831169
120570031,12057000303,0.0129870130
120570031,12057000998,0.0262708673
120570032,12057000161,0.8873239437
120570032,12057000165,0.0492957746
120570032,12057000998,0.0633802817
120570033,12057000163,1.0000000000
120570034,12057000165,1.0000000000
120570035,12057000165,1.0000000000
120570036,12057000169,0.9844961240
120570036,12057000998,0.0155038760
120570037,12057000014,0.1751994977
120570037,12057000175,0.8248005023
120570038,12057000014,1.0000000000
120570039,12057000014,0.9753418075
120570039,12057000405,0.0126099997
120570039,12057000407,0.0120481928
120570040,12057000014,1.0000000000
120570041,12057000014,0.1083454544
120570041,12057000175,0.0110273699
120570041,12057000205,0.8806271757
120570042,12057000169,0.0112359551
120570042,12057000207,0.9887640449
120570043,12057000209A,0.9922463697
120570043,12057000303,0.0077536303
120570044,12057000209A,1.0000000000
120570045,12057000209A,1.0000000000
120570046,12057000209A,1.0000000000
120570047,12057000209A,1.0000000000
120570048,12057000209A,1.0000000000
120570049,12057000209A,1.0000000000
120570050,12057000209A,1.0000000000
120570051,12057000213,0.9772727273
120570051,12057000317,0.0227272727
120570052,12057000217,1.0000000000
120570053,12057000217,0.0400000000
120570053,12057000218,0.6800000000
120570053,12057000227,0.2800000000
120570054,12057000014,0.0834802014
120570054,12057000219,0.9165197986
120570055,12057000014,0.9623616168
120570055,12057000221,0.0369387138
120570055,12057000451,0.0006996694
120570056,12057000014,0.0227395127
120570056,12057000219,0.0109890110
120570056,12057000223,0.9549908611
120570056,12057000454,0.0112806152
120570057,12057000014,0.9120879121
120570057,12057000998,0.0879120879
120570058,12057000014,1.0000000000
120570059,12057000014,1.0000000000
120570060,12057000014,1.0000000000
120570061,12057000014,0.7777777778
120570061,12057000998,0.2222222222
120570062,12057000014,1.0000000000
120570063,12057000014,0.8000000000
120570063,12057000998,0.2000000000
120570064,12057000014,1.0000000000
120570065,12057000227,1.0000000000
120570066,12057000231,0.9621212121
120570066,12057000237,0.0075757576
120570066,12057000319,0.0227272727
120570066,12057000333,0.0075757576
120570067,12057000233,0.5287356322
120570067,12057000237,0.4712643678
120570068,12057000239,1.0000000000
120570069,12057000233,0.2497482119
120570069,12057000237,0.7355459057
120570069,12057000239,0.0147058824
120570070,12057000239,1.0000000000
120570071,12057000240,0.9916666667
120570071,12057000241,0.0083333333
120570072,12057000241,1.0000000000
120570073,12057000243,0.9042553191
120570073,12057000244,0.0625821909
120570073,12057000245,0.0106382979
120570073,12057000459,0.0225241920
120570074,12057000245,1.0000000000
120570075,12057000233,0.9166666667
120570075,12057000240,0.0833333333
120570076,12057000247,1.0000000000
120570077,12057000249,0.8615384615
120570077,12057000250,0.1300904977
120570077,12057000550,0.0006787330
120570077,12057000554,0.0076923077
120570078,12057000301,0.9251700680
120570078,12057000998,0.0748299320
120570079,12057000301,0.2855801253
120570079,12057000963,0.1250000000
120570079,12057000974,0.2145379561
120570079,12057000998,0.3748819186
120570080,12057000130,0.1412076720
120570080,12057000163,0.0126582278
120570080,12057000303,0.8159105667
120570080,12057000304,0.0175653057
120570080,12057000305,0.0126582278
120570081,12057000305,1.0000000000
120570082,12057000305,0.8290598291
120570082,12057000321,0.1709401709
120570083,12057000307,0.9933857266
120570083,12057000601,0.0001495599
120570083,12057000998,0.0064647135
120570084,12057000307,0.9716792448
120570084,12057000601,0.0283207552
120570085,12057000309,0.9960784314
120570085,12057000321,0.0039215686
120570086,12057000317,1.0000000000
120570087,12057000318,0.4929577465
120570087,12057000327,0.3239436620
120570087,12057000329,0.0704225352
120570087,12057000333,0.1126760563
120570088,12057000318,0.0291262136
120570088,12057000319,0.9708737864
120570089,12057000321,1.0000000000
120570090,12057000325,0.9992205252
120570090,12057000613,0.0007794748
120570091,12057000327,1.0000000000
120570092,12057000329,1.0000000000
120570093,12057000318,0.2682926829
120570093,12057000333,0.7317073171
120570094,12057000329,0.2121212121
120570094,12057000335,0.7575757576
120570094,12057000344,0.0303030303
120570095,12057000233,1.0000000000
120570096,12057000335,0.1294117647
120570096,12057000338,0.0588235294
120570096,12057000344,0.8117647059
120570097,12057000338,0.9518072289
120570097,12057000345,0.0481927711
120570098,12057000338,0.1829268293
120570098,12057000339,0.7804878049
120570098,12057000344,0.0365853659
120570099,12057000233,1.0000000000
120570100,12057000341,0.9996716738
120570100,12057000650,0.0003283262
120570101,12057000342,1.0000000000
120570102,12057000343,0.9565217391
120570102,12057000346,0.0434782609
120570103,12057000335,0.0606060606
120570103,12057000344,0.9393939394
120570104,12057000345,1.0000000000
120570105,12057000347,1.0000000000
120570106,12057000353,0.9782608696
120570106,12057000356,0.0217391304
120570107,12057000012,0.9090909091
120570107,12057000355,0.0227272727
120570107,12057000356,0.0227272727
120570107,12057000633,0.0454545455
120570108,12057000355,0.1428571429
120570108,12057000356,0.7142857143
120570108,12057000357,0.1428571429
120570109,12057000355,1.0000000000
120570110,12057000012,0.9333333333
120570110,12057000633,0.0666666667
120570111,12057000012,0.0016764097
120570111,12057000359,0.9983235903
120570112,12057000047A,0.8235294118
120570112,12057000359,0.1132453038
120570112,12057000633,0.0632252845
120570113,12057000012,1.0000000000
120570114,12057000053,0.0040964935
120570114,12057000361,0.9959034935
120570114,12057000633,0.0000000131
120570115,12057000053,0.9390887078
120570115,12057000361,0.0609112922
120570116,12057000057,1.0000000000
120570117,12057000105B,0.5635261218
120570117,12057000141A,0.2000000000
120570117,12057000368,0.2364738782
120570118,12057000040,0.9998759021
120570118,12057000673,0.0001240979
120570119,12057000040,0.1666666667
120570119,12057000363,0.8099521462
120570119,12057000673,0.0233811871
120570120,12057000363,1.0000000000
120570121,12057000106,0.2666184210
120570121,12057000363,0.3333333333
120570121,12057000368,0.2666666667
120570121,12057000633,0.0666666667
120570121,12057000673,0.0667149123
120570122,12057000363,1.0000000000
120570123,12057000047A,0.0511560512
120570123,12057000359,0.7605430610
120570123,12057000373,0.0172347167
120570123,12057000633,0.1710661711
120570124,12057000047A,0.7407407407
120570124,12057000359,0.2222222222
120570124,12057000366,0.0370370370
120570125,12057000047A,0.8750000000
120570125,12057000359,0.0416666667
120570125,12057000366,0.0833333333
120570126,12057000047A,0.0005544127
120570126,12057000078,0.7341394649
120570126,12057000100,0.2040816327
120570126,12057000372,0.0204081633
120570126,12057000583,0.0204081633
120570126,12057000671,0.0204081633
120570127,12057000361,1.0000000000
120570128,12057000401,0.8518518519
120570128,12057000404,0.0740740741
120570128,12057000998,0.0740740741
120570129,12057000401,0.9600000000
120570129,12057000412,0.0400000000
120570130,12057000403,1.0000000000
120570131,12057000403,0.4716981132
120570131,12057000404,0.2830188679
120570131,12057000405,0.2452830189
120570132,12057000014,0.1283896008
120570132,12057000225,0.0595823200
120570132,12057000403,0.0312500000
120570132,12057000405,0.7807780792
120570133,12057000407,0.9908256881
120570133,12057000451,0.0091743119
120570134,12057000410,0.0133333333
120570134,12057000411,0.8533333333
120570134,12057000413,0.0266666667
120570134,12057000415,0.1066666667
120570135,12057000401,0.0151515152
120570135,12057000412,0.9545454545
120570135,12057000998,0.0303030303
120570136,12057000046,0.3430400289
120570136,12057000412,0.6569599712
120570137,12057000412,1.0000000000
120570138,12057000410,0.6101694915
120570138,12057000411,0.0169491525
120570138,12057000413,0.3050847458
120570138,12057000414,0.0677966102
120570139,12057000413,0.9166666667
120570139,12057000434,0.0833333333
120570140,12057000414,1.0000000000
120570141,12057000410,0.0666666667
120570141,12057000415,0.9333333333
120570142,12057000421,1.0000000000
120570143,12057000422,0.6774193548
120570143,12057000423,0.0161290323
120570143,12057000457A,0.3064516129
120570144,12057000423,0.9615384615
120570144,12057000430,0.0384615385
120570145,12057000407,0.0937500000
120570145,12057000421,0.6875000000
120570145,12057000457A,0.2187500000
120570146,12057000415,0.7857142857
120570146,12057000421,0.2142857143
120570147,12057000429,0.8205128205
120570147,12057000430,0.1794871795
120570148,12057000430,1.0000000000
120570149,12057000431,1.0000000000
120570150,12057000433,1.0000000000
120570151,12057000412,0.0153846154
120570151,12057000434,0.9384615385
120570151,12057000998,0.0461538462
120570152,12057000451,1.0000000000
120570153,12057000454,1.0000000000
120570154,12057000240,0.0000279488
120570154,12057000455,0.9999720512
120570155,12057000457A,1.0000000000
120570156,12057000244,0.0217748628
120570156,12057000459,0.9782251372
120570157,12057000455,0.1222560976
120570157,12057000461,0.8777439024
120570158,12057000462,1.0000000000
120570159,12057000461,1.0000000000
120570160,12057000459,0.6000000000
120570160,12057000463,0.4000000000
120570161,12057000037,1.0000000000
120570162,12057000501,0.4615384615
120570162,12057000507,0.5000000000
120570162,12057000526,0.0384615385
120570163,12057000430,0.0810810811
120570163,12057000500,0.0270270270
120570163,12057000502,0.8648648649
120570163,12057000505,0.0270270270
120570164,12057000422,0.0816326531
120570164,12057000503,0.7755102041
120570164,12057000505,0.1428571429
120570165,12057000503,1.0000000000
120570166,12057000422,0.2222222222
120570166,12057000503,0.1587301587
120570166,12057000504,0.6190476190
120570167,12057000422,0.1612903226
120570167,12057000502,0.0000026334
120570167,12057000505,0.8387070440
120570168,12057000505,1.0000000000
120570169,12057000505,1.0000000000
120570170,12057000505,1.0000000000
120570171,12057000065,1.0000000000
120570172,12057000507,1.0000000000
120570173,12057000037,1.0000000000
120570174,12057000509,1.0000000000
120570175,12057000509,1.0000000000
120570176,12057000509,1.0000000000
120570177,12057000510,1.0000000000
120570178,12057000510,1.0000000000
120570179,12057000551,1.0000000000
120570180,12057000510,1.0000000000
120570181,12057000511,1.0000000000
120570182,12057000511,1.0000000000
120570183,12057000511,1.0000000000
120570184,12057000065,0.1000000000
120570184,12057000512,0.9000000000
120570185,12057000513,1.0000000000
120570186,12057000514,1.0000000000
120570187,12057000516,1.0000000000
120570188,12057000517,0.7894736842
120570188,12057000519,0.2105263158
120570189,12057000519,1.0000000000
120570190,12057000517,0.3636363636
120570190,12057000519,0.6363636364
120570191,12057000521,1.0000000000
120570192,12057000519,0.1500000000
120570192,12057000521,0.8250000000
120570192,12057000522,0.0250000000
120570193,12057000520,1.0000000000
120570194,12057000522,0.3750000000
120570194,12057000529,0.6250000000
120570195,12057000520,0.2500000000
120570195,12057000522,0.7500000000
120570196,12057000520,1.0000000000
120570197,12057000523,1.0000000000
120570198,12057000523,0.0446375275
120570198,12057000524,0.9553624725
120570199,12057000524,1.0000000000
120570200,12057000520,0.0128205128
120570200,12057000525,0.9871794872
120570201,12057000525,1.0000000000
120570202,12057000526,1.0000000000
120570203,12057000527,1.0000000000
120570204,12057000527,1.0000000000
120570205,12057000066,0.9999622997
120570205,12057000527,0.0000377003
120570206,12057000527,1.0000000000
120570207,12057000527,1.0000000000
120570208,12057000518,0.0270270270
120570208,12057000528,0.9729729730
120570209,12057000528,1.0000000000
120570210,12057000518,0.5384615385
120570210,12057000527,0.4615384615
120570211,12057000529,0.7500000000
120570211,12057000532,0.2500000000
120570212,12057000531,1.0000000000
120570213,12057000531,1.0000000000
120570214,12057000519,0.1481481481
120570214,12057000521,0.0370370370
120570214,12057000533,0.8148148148
120570215,12057000533,1.0000000000
120570216,12057000534,1.0000000000
120570217,12057000534,1.0000000000
120570218,12057000535,1.0000000000
120570219,12057000055,1.0000000000
120570220,12057000537,1.0000000000
120570221,12057000093,1.0000000000
120570222,12057000093,1.0000000000
120570223,12057000537,0.0701754386
120570223,12057000538,0.8421052632
120570223,12057000541,0.0877192982
120570224,12057000036,0.9813432006
120570224,12057000531,0.0162089899
120570224,12057000541,0.0024478095
120570225,12057000550,1.0000000000
120570226,12057000551,0.9583333333
120570226,12057000554,0.0416666667
120570227,12057000552,1.0000000000
120570228,12057000554,1.0000000000
120570229,12057000555,0.9600000000
120570229,12057000557,0.0400000000
120570230,12057000245,0.0595576510
120570230,12057000247,0.0111111111
120570230,12057000249,0.0111111111
120570230,12057000555,0.1000000000
120570230,12057000557,0.7182201268
120570230,12057000565,0.0222222222
120570230,12057000569,0.0777777778
120570231,12057000347,0.0188679245
120570231,12057000559,0.3773584906
120570231,12057000560,0.0754716981
120570231,12057000566,0.5283018868
120570232,12057000559,1.0000000000
120570233,12057000560,1.0000000000
120570234,12057000561,1.0000000000
120570235,12057000562,1.0000000000
120570236,12057000563,0.9761904762
120570236,12057000573,0.0238095238
120570237,12057000247,0.0344827586
120570237,12057000559,0.0862068966
120570237,12057000565,0.4310344828
120570237,12057000566,0.4482758621
120570238,12057000567,0.8918918919
120570238,12057000573,0.1081081081
120570239,12057000569,1.0000000000
120570240,12057000569,1.0000000000
120570241,12057000569,0.1212121212
120570241,12057000571,0.8787878788
120570242,12057000571,0.5384615385
120570242,12057000579,0.4615384615
120570243,12057000571,1.0000000000
120570244,12057000563,0.4761904762
120570244,12057000573,0.5238095238
120570245,12057000574,1.0000000000
120570246,12057000574,1.0000000000
120570247,12057000574,1.0000000000
120570248,12057000574,1.0000000000
120570249,12057000574,1.0000000000
120570250,12057000574,1.0000000000
120570251,12057000574,1.0000000000
120570252,12057000574,1.0000000000
120570253,12057000574,0.0540540541
120570253,12057000575,0.9459459459
120570254,12057000575,1.0000000000
120570255,12057000575,1.0000000000
120570256,12057000575,1.0000000000
120570257,12057000577,0.9565217391
120570257,12057000579,0.0434782609
120570258,12057000577,1.0000000000
120570259,12057000577,1.0000000000
120570260,12057000578,1.0000000000
120570261,12057000579,0.9750000000
120570261,12057000587,0.0250000000
120570262,12057000579,1.0000000000
120570263,12057000581,1.0000000000
120570264,12057000012,0.1184954790
120570264,12057000583,0.3990371529
120570264,12057000584,0.4824673681
120570265,12057000585,1.0000000000
120570266,12057000585,1.0000000000
120570267,12057000581,0.0238095238
120570267,12057000587,0.9761904762
120570268,12057000577,0.1724137931
120570268,12057000589,0.8275862069
120570269,12057000579,0.0149253731
120570269,12057000587,0.0149253731
120570269,12057000591,0.9701492537
120570270,12057000591,1.0000000000
120570271,12057000591,1.0000000000
120570272,12057000078,0.0126582278
120570272,12057000583,0.1772151899
120570272,12057000585,0.0506329114
120570272,12057000591,0.1392405063
120570272,12057000595,0.6202531646
120570273,12057000096,1.0000000000
120570274,12057000307,0.0001708561
120570274,12057000601,0.9998291439
120570275,12057000601,0.8387096774
120570275,12057000883,0.1612903226
120570276,12057000601,0.6129032258
120570276,12057000613,0.3870967742
120570277,12057000601,0.1666666667
120570277,12057000605,0.8333333333
120570278,12057000307,0.1818181818
120570278,12057000854,0.3636363636
120570278,12057000883,0.0909090909
120570278,12057000967,0.3636363636
120570279,12057000613,1.0000000000
120570280,12057000613,0.1000000000
120570280,12057000617,0.9000000000
120570281,12057000622,0.1353269030
120570281,12057000623,0.7058823529
120570281,12057000651,0.0858358242
120570281,12057000652,0.0729549198
120570282,12057000622,0.9629629630
120570282,12057000883,0.0370370370
120570283,12057000601,0.6190476190
120570283,12057000623,0.3809523810
120570284,12057000883,1.0000000000
120570285,12057000012,0.0235294118
120570285,12057000355,0.2705882353
120570285,12057000625,0.0117647059
120570285,12057000633,0.1176470588
120570285,12057000635,0.4823529412
120570285,12057000636,0.0758283750
120570285,12057000658,0.0182892721
120570286,12057000626,0.8007348782
120570286,12057000637,0.0988411276
120570286,12057000650,0.0007148435
120570286,12057000651,0.0344827586
120570286,12057000652,0.0261364851
120570286,12057000661,0.0390899069
120570287,12057000652,1.0000000000
120570288,12057000629,0.9534883721
120570288,12057000885,0.0232558140
120570288,12057000889,0.0232558140
120570289,12057000631,0.9814814815
120570289,12057000889,0.0185185185
120570290,12057000629,1.0000000000
120570291,12057000079,0.0006116419
120570291,12057000633,0.9993883581
120570292,12057000633,1.0000000000
120570293,12057000079,1.0000000000
120570294,12057000633,1.0000000000
120570295,12057000625,0.3800134499
120570295,12057000635,0.6043995855
120570295,12057000659,0.0110411646
120570295,12057000661,0.0045458000
120570296,12057000636,0.8542376006
120570296,12057000655,0.0013083507
120570296,12057000657,0.0455745533
120570296,12057000658,0.0068840804
120570296,12057000659,0.0919954149
120570297,12057000040,0.0040931877
120570297,12057000355,0.0833333333
120570297,12057000361,0.0095811990
120570297,12057000633,0.6529922800
120570297,12057000635,0.2500000000
120570298,12057000633,1.0000000000
120570299,12057000639,1.0000000000
120570300,12057000353,0.1111111111
120570300,12057000356,0.1111111111
120570300,12057000643,0.7777777778
120570301,12057000643,1.0000000000
120570302,12057000356,0.0263157895
120570302,12057000641,0.9208119105
120570302,12057000657,0.0265565105
120570302,12057000658,0.0263157895
120570303,12057000343,0.0000483715
120570303,12057000653,0.3500000000
120570303,12057000654,0.6499516285
120570304,12057000622,0.0109488553
120570304,12057000623,0.0229885057
120570304,12057000626,0.0012120253
120570304,12057000650,0.2873228408
120570304,12057000651,0.6660335199
120570304,12057000652,0.0114942529
120570305,12057000626,0.0000576961
120570305,12057000652,0.9999423039
120570306,12057000626,0.0033516183
120570306,12057000652,0.9966483817
120570307,12057000653,0.7831325301
120570307,12057000654,0.2048192771
120570307,12057000661,0.0120481928
120570308,12057000625,0.0009893720
120570308,12057000637,0.0051641286
120570308,12057000652,0.0476190476
120570308,12057000661,0.9462274518
120570309,12057000635,1.0000000000
120570310,12057000636,0.0512820513
120570310,12057000655,0.9487179487
120570311,12057000356,0.0222222222
120570311,12057000641,0.0379819252
120570311,12057000643,0.0005791617
120570311,12057000657,0.4731291859
120570311,12057000662,0.4660875050
120570312,12057000636,0.0192861074
120570312,12057000658,0.9807138926
120570313,12057000636,0.0295771565
120570313,12057000659,0.9704228435
120570314,12057000069,0.0020785820
120570314,12057000070,0.0040519035
120570314,12057000361,0.0555555556
120570314,12057000671,0.9383139589
120570315,12057000069,0.9843306470
120570315,12057000070,0.0156693530
120570316,12057000069,0.0318634836
120570316,12057000070,0.9681365164
120570317,12057000078,1.0000000000
120570318,12057000372,0.3770760185
120570318,12057000671,0.6229239815
120570319,12057000047A,0.0158673321
120570319,12057000078,0.0129771716
120570319,12057000100,0.0598098555
120570319,12057000366,0.3689512442
120570319,12057000372,0.2446789741
120570319,12057000671,0.2977154225
120570320,12057000053,0.0774422102
120570320,12057000057,0.0000514817
120570320,12057000070,0.0020537455
120570320,12057000105B,0.0000355570
120570320,12057000361,0.1011292183
120570320,12057000363,0.0357142857
120570320,12057000673,0.7835735016
120570321,12057000057,0.2500000000
120570321,12057000363,0.2500000000
120570321,12057000673,0.5000000000
120570322,12057000040,0.1051800190
120570322,12057000363,0.1464219664
120570322,12057000673,0.7483980146
120570323,12057000154,0.9722772539
120570323,12057000702,0.0277227461
120570324,12057000154,0.9680178767
120570324,12057000702,0.0319821233
120570325,12057000154,1.0000000000
120570326,12057000124,0.0545707623
120570326,12057000154,0.0714285714
120570326,12057000702,0.7949700200
120570326,12057000712,0.0076020748
120570326,12057000956,0.0714285714
120570327,12057000154,0.1107553504
120570327,12057000702,0.4402427500
120570327,12057000704,0.3865018997
120570327,12057000807,0.0625000000
120570328,12057000704,1.0000000000
120570329,12057000112B,1.0000000000
120570330,12057000703,1.0000000000
120570331,12057000705,1.0000000000
120570332,12057000706,1.0000000000
120570333,12057000707,0.9900990099
120570333,12057000816,0.0099009901
120570334,12057000709,0.9284538982
120570334,12057000721,0.0681818182
120570334,12057000750,0.0031713402
120570334,12057000751,0.0001929434
120570335,12057000709,0.2194058953
120570335,12057000711,0.6991696935
120570335,12057000750,0.0147577446
120570335,12057000754,0.0666666667
120570336,12057000713,1.0000000000
120570337,12057000707,1.0000000000
120570338,12057000721,0.8461428698
120570338,12057000757,0.0256520019
120570338,12057000891,0.1282051282
120570339,12057000721,0.9759939938
120570339,12057000757,0.0240060062
120570340,12057000709,0.0000312784
120570340,12057000750,0.9999687216
120570341,12057000751,1.0000000000
120570342,12057000711,0.0045248869
120570342,12057000753,0.9366515837
120570342,12057000754,0.0090497738
120570342,12057000755,0.0045248869
120570342,12057000757,0.0135746606
120570342,12057000759,0.0316742081
120570343,12057000711,0.0228081397
120570343,12057000753,0.1111111111
120570343,12057000754,0.8660807492
120570344,12057000755,0.7097734815
120570344,12057000763,0.1373217242
120570344,12057000767,0.1529047943
120570345,12057000721,0.0098875475
120570345,12057000757,0.9758267382
120570345,12057000761,0.0047619048
120570345,12057000764,0.0095238095
120570346,12057000755,0.1959459459
120570346,12057000757,0.0945945946
120570346,12057000759,0.7094594595
120570347,12057000122,0.0451196545
120570347,12057000759,0.8905482773
120570347,12057000764,0.0212760545
120570347,12057000769,0.0430560136
120570348,12057000759,0.7510147609
120570348,12057000769,0.2489852391
120570349,12057000104,0.8541666667
120570349,12057000769,0.1458333333
120570350,12057000721,0.0882352941
120570350,12057000761,0.9117647059
120570351,12057000755,0.1095284849
120570351,12057000763,0.8899945356
120570351,12057000769,0.0004769795
120570352,12057000755,0.2000265257
120570352,12057000763,0.7999734743
120570353,12057000757,0.0127107151
120570353,12057000759,0.0254378078
120570353,12057000764,0.8227323229
120570353,12057000769,0.1391191542
120570354,12057000639,0.3636363636
120570354,12057000765,0.6363636364
120570355,12057000765,1.0000000000
120570356,12057000753,0.0155672670
120570356,12057000755,0.0003900280
120570356,12057000767,0.9840427049
120570357,12057000122,0.0000000058
120570357,12057000759,0.0315125948
120570357,12057000763,0.0104166667
120570357,12057000765,0.0416666667
120570357,12057000769,0.9164040661
120570358,12057000801,1.0000000000
120570359,12057000702,0.0526315789
120570359,12057000803,0.9473684211
120570360,12057000804,1.0000000000
120570361,12057000802,0.9696969697
120570361,12057000805,0.0303030303
120570362,12057000805,1.0000000000
120570363,12057000805,0.9230769231
120570363,12057000952,0.0769230769
120570364,12057000805,1.0000000000
120570365,12057000806,1.0000000000
120570366,12057000807,1.0000000000
120570367,12057000807,0.0333333333
120570367,12057000808,0.9666666667
120570368,12057000804,1.0000000000
120570369,12057000031,0.9262623705
120570369,12057000804,0.0024496010
120570369,12057000809,0.0712880285
120570370,12057000809,0.0882352941
120570370,12057000810,0.9117647059
120570371,12057000810,1.0000000000
120570372,12057000811,1.0000000000
120570373,12057000813,1.0000000000
120570374,12057000813,1.0000000000
120570375,12057000814,0.9500000000
120570375,12057000815,0.0500000000
120570376,12057000813,0.3888888889
120570376,12057000815,0.6111111111
120570377,12057000813,0.2439024390
120570377,12057000816,0.7560975610
120570378,12057000817,0.9761904762
120570378,12057000821,0.0238095238
120570379,12057000817,1.0000000000
120570380,12057000818,1.0000000000
120570381,12057000819,1.0000000000
120570382,12057000820,1.0000000000
120570383,12057000131B,0.0099545642
120570383,12057000821,0.9900454358
120570384,12057000821,1.0000000000
120570385,12057000825,1.0000000000
120570386,12057000828,0.0909090909
120570386,12057000852,0.9090909091
120570387,12057000827,1.0000000000
120570388,12057000827,1.0000000000
120570389,12057000828,1.0000000000
120570390,12057000828,1.0000000000
120570391,12057000829,1.0000000000
120570392,12057000830,0.7500000000
120570392,12057000834,0.2500000000
120570393,12057000830,0.6500000000
120570393,12057000832,0.3500000000
120570394,12057000801,0.1562500000
120570394,12057000832,0.8437500000
120570395,12057000833,1.0000000000
120570396,12057000830,0.0689655172
120570396,12057000834,0.9310344828
120570397,12057000851,1.0000000000
120570398,12057000852,0.8412698413
120570398,12057000853,0.1587301587
120570399,12057000109B,1.0000000000
120570400,12057000852,1.0000000000
120570401,12057000853,0.5873015873
120570401,12057000857,0.4126984127
120570402,12057000854,1.0000000000
120570403,12057000855,1.0000000000
120570404,12057000855,0.2000000000
120570404,12057000856,0.8000000000
120570405,12057000858,1.0000000000
120570406,12057000855,0.0243902439
120570406,12057000856,0.7073170732
120570406,12057000858,0.2682926829
120570407,12057000858,1.0000000000
120570408,12057000869,1.0000000000
120570409,12057000863,1.0000000000
120570410,12057000817,0.0104450053
120570410,12057000820,0.0014103026
120570410,12057000862,0.1111111111
120570410,12057000867,0.8770335810
120570411,12057000891,1.0000000000
120570412,12057000089,0.9701715138
120570412,12057000891,0.0298284862
120570413,12057000868,0.9722222222
120570413,12057000869,0.0277777778
120570414,12057000869,0.3409090909
120570414,12057000875,0.6590909091
120570415,12057000860,0.8000000000
120570415,12057000877,0.2000000000
120570416,12057000871,0.9736842105
120570416,12057000891,0.0263157895
120570417,12057000875,0.4545454545
120570417,12057000876,0.5454545455
120570418,12057000876,1.0000000000
120570419,12057000875,1.0000000000
120570420,12057000876,0.1323529412
120570420,12057000879,0.8676470588
120570421,12057000883,1.0000000000
120570422,12057000883,0.0573770492
120570422,12057000885,0.9016393443
120570422,12057000889,0.0409836066
120570423,12057000885,0.2125000000
120570423,12057000887,0.7875000000
120570424,12057000889,1.0000000000
120570425,12057000871,0.1000000000
120570425,12057000891,0.9000000000
120570426,12057000891,0.0476190476
120570426,12057000892,0.9523809524
120570427,12057000871,0.9655172414
120570427,12057000891,0.0344827586
120570428,12057000871,1.0000000000
120570430,12057000138,0.0098752831
120570430,12057000150,0.0322632542
120570430,12057000901,0.6777901959
120570430,12057000911,0.0430107527
120570430,12057000948,0.2370605141
120570431,12057000095,1.0000000000
120570432,12057000912,0.3308270677
120570432,12057000928,0.4962406015
120570432,12057000998,0.1729323308
120570433,12057000912,0.8269230769
120570433,12057000998,0.1730769231
120570434,12057000904,0.9480519481
120570434,12057000905,0.0519480519
120570435,12057000905,0.9855072464
120570435,12057000907,0.0144927536
120570436,12057000906,1.0000000000
120570437,12057000905,0.0188679245
120570437,12057000907,0.9811320755
120570438,12057000908,1.0000000000
120570439,12057000909,1.0000000000
120570440,12057000911,0.7830188679
120570440,12057000948,0.2169811321
120570441,12057000129B,0.0041696849
120570441,12057000152,0.0000478308
120570441,12057000907,0.0034262700
120570441,12057000913,0.9822039300
120570441,12057000914,0.0101522843
120570442,12057000114,0.9809258043
120570442,12057000126,0.0008802912
120570442,12057000148,0.0012623522
120570442,12057000913,0.0169315523
120570443,12057000126,1.0000000000
120570444,12057000126,0.2980705493
120570444,12057000148,0.1658664784
120570444,12057000913,0.5360629723
120570445,12057000705,0.0190476190
120570445,12057000913,0.0571428571
120570445,12057000917,0.9238095238
120570446,12057000918,1.0000000000
120570447,12057000077,0.0078151077
120570447,12057000913,0.0294117647
120570447,12057000914,0.0215966571
120570447,12057000919,0.9411764706
120570448,12057000077,1.0000000000
120570449,12057000103B,1.0000000000
120570450,12057000103B,0.7185006041
120570450,12057000920,0.2814993959
120570451,12057000103B,1.0000000000
120570452,12057000135B,0.7177081373
120570452,12057000914,0.2328567146
120570452,12057000944,0.0494351481
120570453,12057000919,1.0000000000
120570454,12057000921,1.0000000000
120570455,12057000929,1.0000000000
120570456,12057000925,1.0000000000
120570457,12057000927,1.0000000000
120570458,12057000929,1.0000000000
120570459,12057000149,0.0869565217
120570459,12057000904,0.0434782609
120570459,12057000905,0.1739130435
120570459,12057000927,0.0869565217
120570459,12057000929,0.6086956522
120570460,12057000097,0.9230769231
120570460,12057000149,0.0769230769
120570461,12057000933,0.2000000000
120570461,12057000946,0.8000000000
120570462,12057000120,0.0350168161
120570462,12057000139B,0.0174264213
120570462,12057000901,0.0081967213
120570462,12057000932,0.9393600413
120570463,12057000932,0.1666666667
120570463,12057000933,0.8333333333
120570464,12057000061,0.0833333333
120570464,12057000116B,0.1138619710
120570464,12057000142,0.0889354005
120570464,12057000933,0.3805359619
120570464,12057000939,0.0833333333
120570464,12057000942,0.2500000000
120570465,12057000073,1.0000000000
120570466,12057000061,1.0000000000
120570467,12057000110,0.7643896761
120570467,12057000120,0.1818181818
120570467,12057000932,0.0537921421
120570468,12057000998,1.0000000000
120570469,12057000087,0.0074626866
120570469,12057000091,0.0004663622
120570469,12057000151B,0.0146950903
120570469,12057000922,0.0074626866
120570469,12057000924,0.0298507463
120570469,12057000928,0.0149253731
120570469,12057000935,0.8952863087
120570469,12057000998,0.0298507463
120570470,12057000062,0.0283758159
120570470,12057000932,0.0500000000
120570470,12057000935,0.4958883864
120570470,12057000937,0.0499666937
120570470,12057000998,0.3757691039
120570471,12057000091,1.0000000000
120570472,12057000062,0.9551097038
120570472,12057000937,0.0389249681
120570472,12057000939,0.0059653281
120570473,12057000937,1.0000000000
120570474,12057000087,0.6038944002
120570474,12057000922,0.0201523532
120570474,12057000998,0.3759532465
120570475,12057000101B,1.0000000000
120570476,12057000937,0.7142857143
120570476,12057000998,0.2857142857
120570477,12057000939,1.0000000000
120570478,12057000938,0.7179487179
120570478,12057000998,0.2820512821
120570479,12057000939,0.4583333333
120570479,12057000941,0.4786409859
120570479,12057000998,0.0630256807
120570480,12057000080,0.0010944831
120570480,12057000942,0.9989055169
120570481,12057000080,1.0000000000
120570482,12057000134,0.0056868589
120570482,12057000137B,0.0509289355
120570482,12057000140,0.0198329205
120570482,12057000914,0.1611922767
120570482,12057000944,0.7623590085
120570483,12057000075,0.5000000000
120570483,12057000088,0.5000000000
120570484,12057000135B,0.7409578727
120570484,12057000944,0.2590421273
120570485,12057000137B,1.0000000000
120570486,12057000942,0.0662251656
120570486,12057000943,0.4172185430
120570486,12057000945,0.3112582781
120570486,12057000959,0.0463576159
120570486,12057000960,0.1589403974
120570487,12057000094,0.0000852906
120570487,12057000128,0.0233355691
120570487,12057000145B,0.0164257558
120570487,12057000946,0.9601533845
120570488,12057000946,1.0000000000
120570489,12057000099,0.3703089742
120570489,12057000145B,0.1296910258
120570489,12057000933,0.2500000000
120570489,12057000946,0.2500000000
120570490,12057000094,0.9983254159
120570490,12057000946,0.0016745841
120570491,12057000947,1.0000000000
120570492,12057000949,0.6666666667
120570492,12057000980,0.3333333333
120570493,12057000067,0.6973403865
120570493,12057000076,0.3021903319
120570493,12057000981,0.0004692816
120570494,12057000115B,0.4940567236
120570494,12057000982,0.5059432764
120570495,12057000132,0.9557926830
120570495,12057000949,0.0442073170
120570496,12057000063,0.0153650550
120570496,12057000949,0.9846349450
120570497,12057000147,0.0085432878
120570497,12057000702,0.0425531915
120570497,12057000949,0.2254992654
120570497,12057000951,0.2553191489
120570497,12057000956,0.4680851064
120570498,12057000063,0.9596399064
120570498,12057000949,0.0403600936
120570499,12057000063,0.0003072638
120570499,12057000949,0.9996927362
120570500,12057000102,1.0000000000
120570501,12057000946,1.0000000000
120570502,12057000119B,0.0007013523
120570502,12057000919,0.0430679111
120570502,12057000950,0.9562307365
120570503,12057000119B,0.9970161419
120570503,12057000950,0.0029838581
120570504,12057000951,0.7142857143
120570504,12057000956,0.2857142857
120570505,12057000951,0.6666666667
120570505,12057000956,0.3333333333
120570506,12057000951,1.0000000000
120570507,12057000951,1.0000000000
120570508,12057000805,0.0384615385
120570508,12057000952,0.9615384615
120570509,12057000952,1.0000000000
120570510,12057000801,0.0144927536
120570510,12057000953,0.9710144928
120570510,12057000955,0.0144927536
120570511,12057000954,1.0000000000
120570512,12057000953,0.0277777778
120570512,12057000955,0.9722222222
120570513,12057000940,0.5672539981
120570513,12057000998,0.4327460019
120570514,12057000957,1.0000000000
120570515,12057000090,1.0000000000
120570516,12057000051,0.9500879420
120570516,12057000957,0.0345495469
120570516,12057000983,0.0153625110
120570517,12057000957,1.0000000000
120570518,12057000034,0.9974147415
120570518,12057000959,0.0025852585
120570519,12057000143,0.0115364195
120570519,12057000959,0.0123456790
120570519,12057000966,0.5193277780
120570519,12057000970,0.4567901235
120570520,12057000143,1.0000000000
120570521,12057000143,1.0000000000
120570522,12057000136,0.0100853936
120570522,12057000144,0.0120918967
120570522,12057000953,0.3823529412
120570522,12057000957,0.0294117647
120570522,12057000962,0.5660580038
120570523,12057000301,0.0196078431
120570523,12057000963,0.8235294118
120570523,12057000998,0.1568627451
120570524,12057000963,0.8333333333
120570524,12057000998,0.1666666667
120570525,12057000118,0.1750526479
120570525,12057000965,0.3615561080
120570525,12057000972,0.4633912441
120570526,12057000965,1.0000000000
120570527,12057000118,0.9976458379
120570527,12057000972,0.0023541621
120570528,12057000972,1.0000000000
120570529,12057000959,1.0000000000
120570531,12057000967,1.0000000000
120570532,12057000143,0.0243902439
120570532,12057000968,0.8536585366
120570532,12057000972,0.1219512195
120570533,12057000307,0.0240963855
120570533,12057000961,0.4216867470
120570533,12057000967,0.0240963855
120570533,12057000971,0.5060240964
120570533,12057000998,0.0240963855
120570534,12057000961,0.0740740741
120570534,12057000969,0.2777777778
120570534,12057000971,0.1296296296
120570534,12057000973,0.4444444444
120570534,12057000998,0.0740740741
120570535,12057000301,0.0000355249
120570535,12057000974,0.8999644751
120570535,12057000998,0.1000000000
120570536,12057000999,1.0000000000
120590001,12059000001,1.0000000000
120590002,12059000002,1.0000000000
120590003,12059000003,1.0000000000
120590004,12059000004,1.0000000000
120590005,12059000002,0.0091743119
120590005,12059000005,0.9908256881
120590006,12059000006,1.0000000000
120590007,12059000007,1.0000000000
120590008,12059000008,1.0000000000
120610001,12061000005,0.0054347826
120610001,12061000006,0.8792565989
120610001,12061000007,0.1033212958
120610001,12061000009,0.0065525402
120610001,12061000014,0.0054347826
120610002,12061000002,0.1937940345
120610002,12061000003,0.8048453149
120610002,12061000005,0.0013606506
120610003,12061000001,0.3310132879
120610003,12061000002,0.4493926530
120610003,12061000003,0.0910841006
120610003,12061000037,0.1285099586
120610004,12061000006,0.0080776732
120610004,12061000007,0.9910495410
120610004,12061000014,0.0008727858
120610005,12061000007,0.0259566568
120610005,12061000008,0.9740433432
120610006,12061000005,0.0070141319
120610006,12061000006,0.0112411211
120610006,12061000009,0.9817447470
120610007,12061000005,0.0722924717
120610007,12061000009,0.9277075283
120610008,12061000005,0.0000000821
120610008,12061000009,0.9999999179
120610009,12061000007,0.0091743119
120610009,12061000008,0.9815450875
120610009,12061000009,0.0091743119
120610009,12061000010,0.0001062887
120610010,12061000005,1.0000000000
120610011,12061000002,0.0216922957
120610011,12061000005,0.9783077043
120610012,12061000002,0.0463437549
120610012,12061000003,0.0079524067
120610012,12061000005,0.8791135964
120610012,12061000006,0.0045376698
120610012,12061000009,0.0620525722
120610013,12061000005,0.1666666667
120610013,12061000009,0.8333333333
120610014,12061000002,0.0372318668
120610014,12061000004,0.0389637374
120610014,12061000005,0.0137614679
120610014,12061000033,0.3348623853
120610014,12061000034,0.5751805427
120610015,12061000001,1.0000000000
120610016,12061000001,0.9523809524
120610016,12061000038,0.0476190476
120610017,12061000002,0.9636688531
120610017,12061000003,0.0263311469
120610017,12061000005,0.0100000000
120610018,12061000005,0.5019439621
120610018,12061000009,0.3117482475
120610018,12061000010,0.1375370627
120610018,12061000012,0.0487707277
120610019,12061000004,0.5597190780
120610019,12061000005,0.3823529412
120610019,12061000035,0.0579279808
120610020,12061000008,0.0729589172
120610020,12061000010,0.0292606103
120610020,12061000011,0.8936909680
120610020,12061000014,0.0012818406
120610020,12061000015,0.0028076639
120610021,12061000014,0.0465194532
120610021,12061000015,0.9534805468
120610022,12061000010,1.0000000000
120610023,12061000010,1.0000000000
120610024,12061000010,0.8850303280
120610024,12061000011,0.1149696720
120610025,12061000014,0.8980321937
120610025,12061000015,0.0493130642
120610025,12061000016,0.0006316207
120610025,12061ZZZZZZ,0.0520231214
120610026,12061000013,0.9858586770
120610026,12061000016,0.0141413230
120610027,12061000013,1.0000000000
120610028,12061000012,0.6415094340
120610028,12061000036,0.3584905660
120610029,12061000013,0.0937500000
120610029,12061000021,0.9062500000
120610030,12061000019,0.0243903472
120610030,12061000021,0.9756096528
120610031,12061000005,0.1531531532
120610031,12061000012,0.0450450450
120610031,12061000013,0.2345589586
120610031,12061000014,0.1438194198
120610031,12061000029,0.4234234234
120610032,12061000014,0.1818181818
120610032,12061000016,0.6212121212
120610032,12061ZZZZZZ,0.1969696970
120610033,12061000013,0.0181033954
120610033,12061000014,0.1812354347
120610033,12061000016,0.8001974220
120610033,12061000017,0.0004637480
120610034,12061000031,1.0000000000
120610035,12061000023,1.0000000000
120610036,12061000023,0.9790981304
120610036,12061000030,0.0209018696
120610037,12061000019,0.9149060453
120610037,12061000020,0.0060885807
120610037,12061000021,0.0123387073
120610037,12061000022,0.0666666667
120610038,12061000020,1.0000000000
120610039,12061000022,1.0000000000
120610040,12061000004,0.0000097203
120610040,12061000035,0.9999902797
120610041,12061000032,0.0543933054
120610041,12061000033,0.1757322176
120610041,12061000034,0.7698744770
120610042,12061000034,0.7470460255
120610042,12061000038,0.2529539745
120610043,12061000001,1.0000000000
120610044,12061000031,0.2021276596
120610044,12061000032,0.7978723404
120610045,12061000034,1.0000000000
120610046,12061000021,0.4000000000
120610046,12061000035,0.0000005534
120610046,12061000036,0.5999994466
120610047,12061000022,0.5877862595
120610047,12061000023,0.0076335878
120610047,12061000035,0.4045801527
120610048,12061000028,1.0000000000
120610049,12061000028,1.0000000000
120610050,12061000027,1.0000000000
120610051,12061000028,1.0000000000
120610052,12061000028,1.0000000000
120610053,12061000028,1.0000000000
120610054,12061000028,0.6588235294
120610054,12061000032,0.3411764706
120610055,12061000028,0.4590163934
120610055,12061000032,0.5409836066
120610056,12061000027,0.6470588235
120610056,12061000028,0.3529411765
120610057,12061000027,0.2857142857
120610057,12061000028,0.4761904762
120610057,12061000030,0.2380952381
120610058,12061000031,0.4385964912
120610058,12061000032,0.5614035088
120610059,12061000026,0.3142857143
120610059,12061000030,0.6857142857
120610060,12061000024,0.0112359551
120610060,12061000030,0.9887640449
120610061,12061000023,0.0955734645
120610061,12061000030,0.9044265355
120610062,12061000028,1.0000000000
120610063,12061000027,1.0000000000
120610064,12061000024,0.0722000665
120610064,12061000025,0.0033187369
120610064,12061000026,0.8990574678
120610064,12061000027,0.0254237288
120610065,12061000024,0.9999992502
120610065,12061000030,0.0000007498
120610066,12061000019,0.9895833333
120610066,12061000025,0.0104166667
120610067,12061000025,0.9826086957
120610067,12061000026,0.0173913043
120610068,12061000019,0.9000000000
120610068,12061000020,0.0250000000
120610068,12061000025,0.0750000000
120610069,12061000016,0.0001936012
120610069,12061000017,0.9115711047
120610069,12061ZZZZZZ,0.0882352941
120610070,12061000017,0.9482758621
120610070,12061ZZZZZZ,0.0517241379
120610071,12061000017,0.9454545455
120610071,12061ZZZZZZ,0.0545454545
120610072,12061000017,0.9274938151
120610072,12061000018,0.0174603133
120610072,12061ZZZZZZ,0.0550458716
120610073,12061000018,0.9259259259
120610073,12061ZZZZZZ,0.0740740741
120610074,12061000018,0.9700000000
120610074,12061ZZZZZZ,0.0300000000
120610075,12061000002,0.3743593722
120610075,12061000003,0.6256406278
120630001,12063000013,1.0000000000
120630002,12063000002,1.0000000000
120630003,12063000003,0.4714285714
120630003,12063000004,0.5285714286
120630004,12063000004,0.9939393939
120630004,12063000005,0.0060606061
120630005,12063000005,1.0000000000
120630006,12063000005,0.5490697266
120630006,12063000006,0.4509302734
120630007,12063000004,0.0192307692
120630007,12063000005,0.0192307692
120630007,12063000007,0.7692307692
120630007,12063000031,0.1923076923
120630008,12063000006,1.0000000000
120630009,12063000026,1.0000000000
120630010,12063000011,1.0000000000
120630011,12063000011,1.0000000000
120630012,12063000025,1.0000000000
120630013,12063000013,1.0000000000
120630014,12063000014,0.9877538850
120630014,12063000027,0.0122461150
120630015,12063000014,1.0000000000
120630016,12063000016,0.9999686631
120630016,12063000027,0.0000313369
120630017,12063000017,1.0000000000
120630018,12063000030,1.0000000000
120630019,12063000003,1.0000000000
120630020,12063000002,0.2068965517
120630020,12063000003,0.0517241379
120630020,12063000020,0.7413793103
120630021,12063000003,0.7368421053
120630021,12063000030,0.2631578947
120630022,12063000011,0.0001892818
120630022,12063000022,0.9998107182
120630023,12063000005,1.0000000000
120630024,12063000024,1.0000000000
120630025,12063000013,0.0000044459
120630025,12063000025,0.9999955541
120630026,12063000006,0.0185185185
120630026,12063000026,0.9814814815
120630027,12063000007,0.0344827586
120630027,12063000027,0.9425287356
120630027,12063000031,0.0229885057
120630028,12063000002,0.6283557014
120630028,12063000027,0.0312882920
120630028,12063000028,0.3403560066
120630029,12063000027,1.0000000000
120630030,12063000003,0.0253164557
120630030,12063000030,0.9746835443
120630031,12063000027,0.0493827160
120630031,12063000031,0.9506172840
120630032,12063000027,1.0000000000
120650001,12065000001,1.0000000000
120650002,12065000002,0.9375000000
120650002,12065000006,0.0625000000
120650003,12065000003,0.6444444444
120650003,12065000007,0.2444444444
120650003,12065000014,0.1111111111
120650004,12065000001,0.1052631579
120650004,12065000002,0.0526254000
120650004,12065000004,0.7894798632
120650004,12065000006,0.0526315789
120650005,12065000005,0.9643697706
120650005,12065000006,0.0211267606
120650005,12065000007,0.0074612153
120650005,12065000008,0.0070422535
120650006,12065000006,0.9268292683
120650006,12065000009,0.0731707317
120650007,12065000007,0.9830508475
120650007,12065000011,0.0169491525
120650008,12065000005,0.0645161290
120650008,12065000007,0.0645161290
120650008,12065000008,0.8709677419
120650009,12065000005,0.0116279070
120650009,12065000009,0.9883720930
120650010,12065000010,0.9827586207
120650010,12065000011,0.0172413793
120650011,12065000011,1.0000000000
120650012,12065000012,1.0000000000
120650013,12065000013,0.8000000000
120650013,12065000014,0.2000000000
120650014,12065000014,0.2985074627
120650014,12065000016,0.7014925373
120650015,12065000008,0.2666666667
120650015,12065000015,0.7333333333
120670001,12067000001,1.0000000000
120670002,12067000002,0.9999309310
120670002,12067000003,0.0000690690
120670003,12067000003,1.0000000000
120670004,12067000004,1.0000000000
120670005,12067000003,0.0042462845
120670005,12067000005,0.9957537155
120690001,12069000001,1.0000000000
120690002,12069000002,1.0000000000
120690003,12069000003,1.0000000000
120690004,12069000003,0.0098319535
120690004,12069000004,0.9901680465
120690005,12069000005,1.0000000000
120690006,12069000006,1.0000000000
120690007,12069000007,1.0000000000
120690008,12069000008,1.0000000000
120690009,12069000009,0.9987184973
120690009,12095000236,0.0012815027
120690010,12069000011,0.4386512781
120690010,12069000012,0.0000043636
120690010,12069000016,0.2137785051
120690010,12069330033,0.3475658532
120690011,12069000011,1.0000000000
120690012,12069000012,0.9261083744
120690012,12069000013,0.0738916256
120690013,12069000013,1.0000000000
120690014,12069000014,1.0000000000
120690015,12069000015,1.0000000000
120690016,12069000016,1.0000000000
120690017,12069000017,1.0000000000
120690018,12069000018,0.9394596390
120690018,12069000023,0.0273972603
120690018,12069000046,0.0194444706
120690018,12069000050,0.0068493151
120690018,12069000097,0.0068493151
120690019,12069000019,1.0000000000
120690020,12069000020,0.5061690342
120690020,12069000073,0.4891304348
120690020,12069000085,0.0047005310
120690021,12069000021,1.0000000000
120690022,12069000073,1.0000000000
120690023,12069000018,0.0057915058
120690023,12069000023,0.9157221167
120690023,12069000050,0.0115830116
120690023,12069000061,0.0019305019
120690023,12069000081,0.0038610039
120690023,12069000126,0.0038610039
120690023,12069000236,0.0572508562
120690024,12069000023,0.0040983607
120690024,12069000065,0.0532797812
120690024,12069000214,0.5942601476
120690024,12069000224,0.3483617105
120690025,12069000023,0.0000295623
120690025,12069000025,0.9999704377
120690026,12069000026,0.9945703917
120690026,12069000039,0.0024610892
120690026,12069000040,0.0029685192
120690027,12069000089,1.0000000000
120690028,12069000028,0.9999996935
120690028,12069000037,0.0000003065
120690029,12069000029,1.0000000000
120690030,12069000030,1.0000000000
120690031,12069000031,1.0000000000
120690032,12069000032,0.9677419355
120690032,12069220022,0.0322580645
120690033,12069000033,0.8289557908
120690033,12069000076,0.0137345369
120690033,12069000079,0.0000750804
120690033,12095000239,0.0000005248
120690033,1209500240A,0.1572340671
120690034,12069000034,0.5000000000
120690034,1209500240A,0.5000000000
120690035,12069000035,0.9319626402
120690035,12069000069,0.0680373598
120690036,12069000036,0.9973582471
120690036,12069000065,0.0026417529
120690037,12069000037,0.8991752070
120690037,12069000104,0.0269161040
120690037,12069000112,0.0739086890
120690038,12069000029,0.0058139535
120690038,12069000038,0.9036699720
120690038,12069000114,0.0755813953
120690038,12069220022,0.0149346792
120690039,12069000026,0.0024570025
120690039,12069000039,0.9950815828
120690039,12069000040,0.0000044123
120690039,12069000113,0.0024570025
120690040,12069000040,1.0000000000
120690041,12069000041,0.4831460674
120690041,12069220022,0.5168539326
120690042,12069000042,0.9089618653
120690042,12069000220,0.0910381347
120690043,12069000220,0.1064100269
120690043,12069000250,0.8935899731
120690044,12069000044,0.5555474154
120690044,12069000045,0.0000081402
120690044,12069000047,0.4444444444
120690045,12069000045,1.0000000000
120690046,12069000023,0.0074626866
120690046,12069000045,0.0074626866
120690046,12069000046,0.9776119403
120690046,12069000066,0.0074626866
120690047,12069000047,1.0000000000
120690048,12069000095,0.1036287539
120690048,12069000225,0.8944720794
120690048,12069000250,0.0018991667
120690049,12069000049,1.0000000000
120690050,12069000018,0.0172413793
120690050,12069000023,0.0172413793
120690050,12069000050,0.9655172414
120690051,12069000051,1.0000000000
120690052,12069000045,0.0080645161
120690052,12069000046,0.0080645161
120690052,12069000052,0.9838709677
120690053,12069000053,0.9555555556
120690053,12069000110,0.0444444444
120690054,12069000053,0.0163934426
120690054,12069000054,0.9836065574
120690055,12069000055,0.9796524423
120690055,12069000067,0.0203475577
120690056,12069000055,0.0169491525
120690056,12069000056,0.9322033898
120690056,12069330033,0.0508474576
120690057,12069000057,1.0000000000
120690058,12069000035,0.0215053763
120690058,12069000058,0.9784708369
120690058,12069000087,0.0000237868
120690059,12069000059,0.9999932400
120690059,12069000064,0.0000067600
120690060,12069000011,0.9871794872
120690060,12069000068,0.0128205128
120690061,12069000023,0.0530500145
120690061,12069000061,0.9469499855
120690062,12069000062,1.0000000000
120690063,12069000062,0.0571428571
120690063,12069000063,0.9428571429
120690064,12069000064,0.9635036496
120690064,12069000077,0.0364963504
120690065,12069000065,1.0000000000
120690066,12069000025,0.0083333333
120690066,12069000036,0.0250000000
120690066,12069000066,0.9666666667
120690067,12069000067,1.0000000000
120690068,12069000011,0.0088495575
120690068,12069000067,0.0000002092
120690068,12069000068,0.9911502333
120690069,12069000011,0.0005330844
120690069,12069000069,0.9994669156
120690070,12069000070,1.0000000000
120690071,12069000071,1.0000000000
120690072,12069000069,0.0499204158
120690072,12069000072,0.9500795842
120690073,12069000052,0.0060606061
120690073,12069000073,0.3851016963
120690073,12069000085,0.0088376976
120690073,12069000091,0.0242424242
120690073,12069002000,0.5757575758
120690074,12069000084,1.0000000000
120690075,12069000017,0.2413793103
120690075,12069000275,0.7586206897
120690076,12069000064,0.0001517947
120690076,12069000076,0.9998482053
120690077,12069000077,1.0000000000
120690078,12069000053,0.0084745763
120690078,12069000054,0.0084745763
120690078,12069000078,0.5762711864
120690078,12069570057,0.4067796610
120690079,12069000059,0.0115706635
120690079,12069000079,0.9884293365
120690080,12069000080,1.0000000000
120690081,12069000081,0.9518072289
120690081,12069000126,0.0240963855
120690081,12069000236,0.0240963855
120690082,12069000023,1.0000000000
120690083,12069000083,1.0000000000
120690084,12069000084,1.0000000000
120690085,12069000085,0.9934640523
120690085,12069000086,0.0065359477
120690086,12069000086,1.0000000000
120690087,12069000058,0.0000175300
120690087,12069000087,0.9999824700
120690088,12069000088,1.0000000000
120690089,12069000089,0.5476190476
120690089,12069820082,0.4523809524
120690090,12069000084,0.0204081633
120690090,12069000090,0.9795918367
120690091,12069000073,0.0263157895
120690091,12069000090,0.0089466753
120690091,12069000091,0.9624309589
120690091,12069000092,0.0023065763
120690092,12069000092,1.0000000000
120690093,12069000073,0.2208519149
120690093,12069000093,0.7791480851
120690094,12069000023,0.0477720180
120690094,12069000094,0.9522279820
120690095,12069000095,1.0000000000
120690096,12069000096,1.0000000000
120690097,12069000097,1.0000000000
120690098,12069000098,0.8038477390
120690098,12069000099,0.1961522610
120690099,12069000099,0.9852299893
120690099,12069000100,0.0000002649
120690099,12069000252,0.0147697458
120690100,12069000100,1.0000000000
120690101,12069000039,0.0107526882
120690101,12069000101,0.9892473118
120690102,12069000102,1.0000000000
120690103,12069000065,0.0072992701
120690103,12069000103,0.8729417707
120690103,12069000104,0.0075664596
120690103,12069001060,0.1121924996
120690104,12069000040,0.0151515152
120690104,12069000104,0.9696969697
120690104,12069001060,0.0151515152
120690105,12069000105,1.0000000000
120690106,12069000106,1.0000000000
120690107,12069000065,0.0220502182
120690107,12069000107,0.9579497818
120690107,12069000214,0.0200000000
120690108,12069000071,0.0476190476
120690108,12069000100,0.9523809524
120690109,12069000109,0.6687799911
120690109,12069000141,0.3312200089
120690110,12069000053,0.0869565217
120690110,12069000110,0.9130434783
120690111,12069000111,0.1693568834
120690111,12069000252,0.8306431166
120690112,12069000112,1.0000000000
120690113,12069000113,1.0000000000
120690114,12069000114,0.7966101695
120690114,12069000115,0.1694915254
120690114,12069000127,0.0338983051
120690115,12069000099,0.0909090909
120690115,12069000115,0.9090909091
120690116,12069000116,1.0000000000
120690117,12069000117,1.0000000000
120690118,12069000118,1.0000000000
120690119,12069000007,0.0176683498
120690119,12069000119,0.9823316502
120690120,12069000110,0.0075187970
120690120,12069000120,0.9924812030
120690121,12069000121,1.0000000000
120690122,12069000038,0.0232558140
120690122,12069000114,0.0000097247
120690122,12069000122,0.9534786474
120690122,12069000127,0.0232558140
120690123,12069000099,0.1515151515
120690123,12069000123,0.8484848485
120690124,12069000054,0.2142857143
120690124,12069000124,0.7857142857
120690125,12069000125,1.0000000000
120690126,12069000023,0.0454545455
120690126,12069000081,0.0454545455
120690126,12069000126,0.9090909091
120690127,12069000114,0.0000275646
120690127,12069000127,0.9999724354
120690128,12069000023,0.0000067944
120690128,12069000128,0.9999932056
120710002,12071000001,0.9320987654
120710002,12071000002,0.0617283951
120710002,12071000067,0.0061728395
120710003,12071000002,0.0903275844
120710003,12071000067,0.9096724156
120710004,12071000002,0.7500000000
120710004,12071000005,0.2500000000
120710005,12071000001,1.0000000000
120710006,12071000001,0.8571315250
120710006,12071000005,0.1428684750
120710007,12071000002,1.0000000000
120710008,12071000003,0.1872418513
120710008,12071000054,0.8127581487
120710009,12071000003,0.8562500000
120710009,12071000042B,0.0589466038
120710009,12071000051B,0.0848033962
120710010,12071000010A,0.0404040404
120710010,12071000039,0.9595959596
120710011,12071000030A,0.0365853659
120710011,12071000063,0.0553780172
120710011,12071000114,0.1031585682
120710011,12071000115,0.8048780488
120710012,12071000030A,0.3867924528
120710012,12071000037,0.0188679245
120710012,12071000038,0.5566037736
120710012,12071000063,0.0094339623
120710012,12071000114,0.0094339623
120710012,12071000115,0.0188679245
120710013,12071000013A,1.0000000000
120710014,12071000006,1.0000000000
120710015,12071000007,0.3101911155
120710015,12071000008,0.5733040302
120710015,12071000009,0.0873786408
120710015,12071000032,0.0291262136
120710017,12071000007,0.1877236936
120710017,12071000008,0.7311952253
120710017,12071000017,0.0540540541
120710017,12071000048A,0.0270270270
120710018,12071000009,0.8285714286
120710018,12071000010B,0.0285714286
120710018,12071000032,0.1428571429
120710019,12071000009,1.0000000000
120710020,12071000009,0.3465906997
120710020,12071000010B,0.6534093003
120710021,12071000009,0.0303030303
120710021,12071000032,0.9696969697
120710022,12071000009,0.0175438596
120710022,12071000032,0.2631578947
120710022,12071000046,0.4379473458
120710022,12071000047,0.2813508998
120710023,12071000011,0.9230769231
120710023,12071000059,0.0256410256
120710023,12071000073,0.0512820513
120710024,12071000012,0.8888888889
120710024,12071000122,0.0123456790
120710024,12071000123,0.0987654321
120710025,12071000060B,0.1796194406
120710025,12071000122,0.0112359551
120710025,12071000123,0.6966292135
120710025,12071000124,0.0112359551
120710025,12071000125,0.0449438202
120710025,12071000302,0.0563356156
120710026,12071000013B,1.0000000000
120710027,12071000014,0.0295857988
120710027,12071000015,0.9704142012
120710028,12071000014,0.1874638376
120710028,12071000015,0.8125361624
120710029,12071000016,0.8552351983
120710029,12071000030B,0.0197368421
120710029,12071000117,0.1250279596
120710030,12071000030A,0.0222222222
120710030,12071000030B,0.9777777778
120710031,12071000014,1.0000000000
120710032,12071000018,1.0000000000
120710033,12071000008,0.3885350318
120710033,12071000009,0.0063694268
120710033,12071000032,0.6050955414
120710034,12071000020,0.8918918919
120710034,12071000070,0.0810810811
120710034,12071000072,0.0270270270
120710035,12071000070,0.8571428571
120710035,12071000072,0.1428571429
120710036,12071000020,1.0000000000
120710037,12071000018,0.0266666667
120710037,12071000021,0.9733333333
120710038,12071000021,1.0000000000
120710039,12071000022,1.0000000000
120710040,12071000022,1.0000000000
120710041,12071000022,1.0000000000
120710042,12071000022,0.1321424377
120710042,12071000042A,0.7546500152
120710042,12071000070,0.0377358491
120710042,12071000082,0.0754716981
120710043,12071000072,1.0000000000
120710044,12071000023,1.0000000000
120710045,12071000014,0.4893428576
120710045,12071000021,0.5106571424
120710046,12071000007,0.6666666667
120710046,12071000009,0.3333333333
120710047,12071000026,0.9978723404
120710047,12071000078,0.0021276596
120710048,12071000027,0.7439024390
120710048,12071000048B,0.0603716957
120710048,12071000071,0.1835307433
120710048,12071000084,0.0121951220
120710049,12071000028,0.0821917808
120710049,12071000057,0.1780821918
120710049,12071000102B,0.7397260274
120710050,12071000035,0.9998050714
120710050,12071000087B,0.0001949286
120710051,12071000051A,0.1583133213
120710051,12071000063,0.4243591049
120710051,12071000064,0.4173275738
120710052,12071000064,1.0000000000
120710053,12071000031,1.0000000000
120710054,12071000032,1.0000000000
120710055,12071000032,0.8503937008
120710055,12071000046,0.0078740157
120710055,12071000048A,0.1417322835
120710056,12071000033,0.9615384615
120710056,12071000059,0.0384615385
120710057,12071000034,1.0000000000
120710058,12071000034,0.8769230769
120710058,12071000062B,0.0153846154
120710058,12071000120,0.1076923077
120710059,12071000035,0.9357313594
120710059,12071000097,0.0642686406
120710060,12071000007,0.8491620112
120710060,12071000008,0.1229050279
120710060,12071000060A,0.0279329609
120710061,12071000063,0.1304347826
120710061,12071000114,0.8695652174
120710062,12071000030A,0.0217391304
120710062,12071000038,0.0075464113
120710062,12071000062A,0.0652173913
120710062,12071000063,0.7282608696
120710062,12071000064,0.1663666321
120710062,12071000114,0.0108695652
120710063,12071000038,0.9708029197
120710063,12071000063,0.0218978102
120710063,12071000064,0.0072992701
120710064,12071000067,1.0000000000
120710065,12071000039,0.3891196549
120710065,12071000065A,0.0844428498
120710065,12071000065B,0.1097560976
120710065,12071000067,0.1361935929
120710065,12071000068,0.2804878049
120710066,12071000092,0.5416666667
120710066,12071000109,0.4583333333
120710067,12071000095,0.6666666667
120710067,12071000106B,0.3333333333
120710068,12071000059,0.1582869537
120710068,12071000073,0.0343914566
120710068,12071000090,0.3153972568
120710068,12071000091,0.4919243329
120710069,12071000069A,0.0416666667
120710069,12071000094,0.0208333333
120710069,12071000098,0.9166666667
120710069,12071000106B,0.0208333333
120710070,12071000095,0.9450549451
120710070,12071000114,0.0549450549
120710071,12071000004,0.2941176471
120710071,12071000009,0.6470588235
120710071,12071000045,0.0588235294
120710072,12071000002,0.0600000000
120710072,12071000009,0.0400000000
120710072,12071000045,0.9000000000
120710073,12071000032,0.0240000000
120710073,12071000046,0.8000000000
120710073,12071000048A,0.1760000000
120710074,12071000046,1.0000000000
120710075,12071000047,0.8827858571
120710075,12071000059,0.0565541842
120710075,12071000090,0.0606599587
120710076,12071000008,0.0140845070
120710076,12071000032,0.0669214769
120710076,12071000048A,0.8955198377
120710076,12071000076A,0.0234741784
120710077,12071000077B,0.2980118477
120710077,12071000081,0.7000000000
120710077,12071000217,0.0019881523
120710078,12071000050,0.9807487302
120710078,12071000053,0.0192512698
120710079,12071000046,0.5972222222
120710079,12071000047,0.3472222222
120710079,12071000079A,0.0138888889
120710079,12071000090,0.0416666667
120710080,12071000052,1.0000000000
120710081,12071000052,1.0000000000
120710082,12071000019,0.0009090909
120710082,12071000053,0.9392939646
120710082,12071000058,0.0597969445
120710083,12071000096B,0.8679245283
120710083,12071000099,0.0943396226
120710083,12071000104,0.0377358491
120710084,12071000057,0.7771874115
120710084,12071000102B,0.1702127660
120710084,12071000151,0.0525998225
120710085,12071000098,0.6676781417
120710085,12071000099,0.3110452626
120710085,12071000106B,0.0212765957
120710086,12071000092,0.7000000000
120710086,12071000099,0.0833333333
120710086,12071000106B,0.2166666667
120710087,12071000035,0.0129870130
120710087,12071000057,0.8897688358
120710087,12071000087B,0.0452960992
120710087,12071000104,0.0519480519
120710088,12071000094,0.5255175783
120710088,12071000098,0.4220281463
120710088,12071000099,0.0524542753
120710089,12071000059,0.9230769231
120710089,12071000073,0.0769230769
120710090,12071000059,0.7654220221
120710090,12071000073,0.1111111111
120710090,12071000090,0.1234668668
120710091,12071000059,1.0000000000
120710092,12071000037,0.3817804119
120710092,12071000038,0.6182195881
120710093,12071000013B,0.9672131148
120710093,12071000061,0.0327868852
120710094,12071000031,0.9482758621
120710094,12071000087A,0.0517241379
120710095,12071000063,0.8290757902
120710095,12071000064,0.1292575431
120710095,12071000114,0.0416666667
120710096,12071000064,0.8815429988
120710096,12071000096A,0.1184570012
120710097,12071000065B,1.0000000000
120710098,12071000039,0.2183908046
120710098,12071000068,0.7816091954
120710099,12071000067,0.9865188743
120710099,12071000068,0.0134811257
120710100,12071000067,0.0078125000
120710100,12071000068,0.9921875000
120710101,12071000068,1.0000000000
120710102,12071000091,0.8914288101
120710102,12071000102A,0.1085711899
120710103,12071000037,1.0000000000
120710104,12071000011,0.1764705882
120710104,12071000072,0.8235294118
120710105,12071000011,0.8928571429
120710105,12071000072,0.0357142857
120710105,12071000073,0.0647226681
120710105,12071000079B,0.0067059033
120710106,12071000006,0.9000000000
120710106,12071000106A,0.1000000000
120710107,12071000073,0.9881015127
120710107,12071000079B,0.0118984873
120710108,12071000074,0.9811320755
120710108,12071000102A,0.0188679245
120710109,12071000002,0.9995211080
120710109,12071000067,0.0004788920
120710110,12071000047,1.0000000000
120710111,12071000047,1.0000000000
120710112,12071000053,0.0645161290
120710112,12071000058,0.1397849462
120710112,12071000077A,0.7956989247
120710113,12071000058,0.3800000000
120710113,12071000077A,0.0800000000
120710113,12071000078,0.5400000000
120710114,12071000031,0.0178092161
120710114,12071000059,0.9821907839
120710115,12071000013B,0.3483146067
120710115,12071000024,0.1404304264
120710115,12071000061,0.4044943820
120710115,12071000080,0.1067605848
120710116,12071000077B,0.0111111111
120710116,12071000081,0.1333333333
120710116,12071000116A,0.5888888889
120710116,12071000127,0.2666666667
120710117,12071000042A,0.0429776068
120710117,12071000082,0.9570223932
120710118,12071000083,0.7745098039
120710118,12071000118B,0.2254901961
120710119,12071000083,0.2115384615
120710119,12071000084,0.6153846154
120710119,12071000119A,0.1730769231
120710120,12071000084,1.0000000000
120710121,12071000036,0.2764120421
120710121,12071000304,0.7235879579
120710122,12071000085,0.9691010606
120710122,12071000118A,0.0151515152
120710122,12071000305,0.0157474243
120710123,12071000012,0.0031468017
120710123,12071000034,0.0270270270
120710123,12071000086,0.9695621675
120710123,12071000087A,0.0002640038
120710124,12071000034,1.0000000000
120710125,12071000034,1.0000000000
120710126,12071000086,0.1250000000
120710126,12071000087A,0.8750000000
120710127,12071000087A,1.0000000000
120710128,12071000006,0.3170731707
120710128,12071000007,0.0243902439
120710128,12071000009,0.6585365854
120710129,12071000002,0.2083333333
120710129,12071000005,0.7916666667
120710130,12071000005,0.0177810259
120710130,12071000054,0.9822189741
120710131,12071000078,0.0174291939
120710131,12071000089,0.9825708061
120710132,12071000054,1.0000000000
120710133,12071000005,0.9999971392
120710133,12071000054,0.0000028608
120710134,12071000047,0.0294117647
120710134,12071000090,0.9705882353
120710135,12071000090,0.2575757576
120710135,12071000091,0.5757575758
120710135,12071000135,0.1666666667
120710136,12071000103,0.0357142857
120710136,12071000105,0.9642857143
120710137,12071000092,0.9333333333
120710137,12071000105,0.0666666667
120710138,12071000092,0.5869565217
120710138,12071000105,0.0217391304
120710138,12071000108,0.3913043478
120710139,12071000028,0.3508379998
120710139,12071000029,0.2702992785
120710139,12071000093,0.3033151395
120710139,12071000103,0.0032289858
120710139,12071000107,0.0225680803
120710139,12071000139,0.0497505160
120710140,12071000094,0.7351662686
120710140,12071000097,0.2551249936
120710140,12071000140,0.0097087379
120710141,12071000097,1.0000000000
120710142,12071000094,0.0132394309
120710142,12071000096B,0.6491026153
120710142,12071000099,0.3376579538
120710143,12071000035,0.2157007729
120710143,12071000097,0.7842992271
120710144,12071000094,0.9743589744
120710144,12071000144,0.0256410256
120710145,12071000092,0.0097087379
120710145,12071000096B,0.0002520547
120710145,12071000099,0.9706217317
120710145,12071000103,0.0194174757
120710146,12071000065B,0.0344827586
120710146,12071000100,0.1379310345
120710146,12071000113,0.7241379310
120710146,12071000115,0.1034482759
120710147,12071000113,1.0000000000
120710148,12071000065B,0.0136986301
120710148,12071000100,0.9783782078
120710148,12071000115,0.0079231620
120710149,12071000021,0.2817903208
120710149,12071000101,0.7182096792
120710150,12071000101,1.0000000000
120710151,12071000093,0.1169517708
120710151,12071000102B,0.6871323268
120710151,12071000151,0.1959159024
120710152,12071000103,1.0000000000
120710153,12071000096B,0.0263157895
120710153,12071000103,0.1315898395
120710153,12071000104,0.8420943710
120710154,12071000029,0.0404034031
120710154,12071000105,0.7983062743
120710154,12071000116B,0.1612903226
120710155,12071000106B,1.0000000000
120710156,12071000106B,0.6086956522
120710156,12071000109,0.3913043478
120710157,12071000029,0.0193548387
120710157,12071000093,0.0064516129
120710157,12071000105,0.2838709677
120710157,12071000107,0.6838709677
120710157,12071000116B,0.0064516129
120710158,12071000107,1.0000000000
120710159,12071000092,0.0175438596
120710159,12071000108,0.7719298246
120710159,12071000109,0.1754385965
120710159,12071000116B,0.0350877193
120710160,12071000108,0.9210526316
120710160,12071000116B,0.0789473684
120710161,12071000108,0.0229885057
120710161,12071000109,0.9770114943
120710162,12071000108,0.8000000000
120710162,12071000110,0.1714285714
120710162,12071000116B,0.0285714286
120710163,12071000109,0.2600000000
120710163,12071000110,0.7200000000
120710163,12071000114,0.0200000000
120710164,12071000055,0.2478279381
120710164,12071000056,0.3609205431
120710164,12071000111,0.3848995907
120710164,12071000112,0.0036452005
120710164,12071000113,0.0027067276
120710166,12071000021,1.0000000000
120710167,12071000021,0.0024332913
120710167,12071000055,0.2634778497
120710167,12071000101,0.4703263215
120710167,12071000107,0.0004168095
120710167,12071000112,0.2633457280
120710168,12071000055,0.0147492625
120710168,12071000112,0.9852507375
120710169,12071000056,0.0081967213
120710169,12071000110,0.4303215558
120710169,12071000113,0.4675880023
120710169,12071000114,0.0922194278
120710169,12071000115,0.0016742928
120710170,12071000095,0.1304347826
120710170,12071000114,0.8695652174
120710171,12071000113,0.2112676056
120710171,12071000115,0.7887323944
120710172,12071000030A,0.9014084507
120710172,12071000037,0.0704225352
120710172,12071000115,0.0281690141
120710173,12071000115,1.0000000000
120710174,12071000115,1.0000000000
120710175,12071000065B,1.0000000000
120710176,12071000065B,1.0000000000
120710177,12071000065B,1.0000000000
120710178,12071000042A,0.0000014188
120710178,12071000117,0.5585571398
120710178,12071000126,0.4414414414
120710179,12071000117,0.3452380952
120710179,12071000126,0.6547619048
120710180,12071000113,0.9982220212
120710180,12071000115,0.0017779788
120710181,12071000115,1.0000000000
120710182,12071000065B,0.0476190476
120710182,12071000100,0.9523809524
120710183,12071000001,1.0000000000
120710184,12071000026,0.0018281536
120710184,12071000077A,0.1005484461
120710184,12071000078,0.8848263254
120710184,12071000089,0.0127970750
120710185,12071000078,1.0000000000
120710186,12071000077A,1.0000000000
120710187,12071000051B,0.7843137255
120710187,12071000052,0.2156862745
120710188,12071000073,0.9600000000
120710188,12071000074,0.0400000000
120710189,12071000020,0.0329283117
120710189,12071000027,0.0105499492
120710189,12071000071,0.9565217391
120710190,12071000071,1.0000000000
120710191,12071000071,0.0540540541
120710191,12071000079B,0.9459459459
120710192,12071000019,0.6166666667
120710192,12071000066,0.2242825879
120710192,12071000076B,0.0166666667
120710192,12071000119B,0.1423840787
120710193,12071000019,0.4202392118
120710193,12071000050,0.0535714286
120710193,12071000053,0.5178571429
120710193,12071000066,0.0083322168
120710194,12071000019,0.1576698703
120710194,12071000036,0.0161290323
120710194,12071000066,0.0161290323
120710194,12071000076B,0.4874914200
120710194,12071000088,0.0967741935
120710194,12071000119B,0.2258064516
120710195,12071000075,0.0344827586
120710195,12071000076B,0.9655172414
120710196,12071000050,1.0000000000
120710197,12071000036,0.9645353028
120710197,12071000075,0.0009438608
120710197,12071000076B,0.0011875030
120710197,12071000088,0.0333333333
120710198,12071000066,0.2857142857
120710198,12071000119B,0.7142857143
120710199,12071000118A,0.0526315789
120710199,12071000119B,0.9473684211
120710200,12071000066,1.0000000000
120710201,12071000060B,0.8288119519
120710201,12071000066,0.1467978042
120710201,12071000122,0.0243902439
120710202,12071000019,0.0769230769
120710202,12071000060B,0.0769230769
120710202,12071000066,0.8461538462
120710203,12071000062B,1.0000000000
120710204,12071000060B,0.0222222222
120710204,12071000062B,0.0222222222
120710204,12071000066,0.8888888889
120710204,12071000121,0.0444444444
120710204,12071000122,0.0222222222
120710205,12071000034,0.5000000000
120710205,12071000120,0.5000000000
120710206,12071000121,1.0000000000
120710207,12071000062B,0.9069767442
120710207,12071000121,0.0930232558
120710208,12071000121,1.0000000000
120710209,12071000120,1.0000000000
120710210,12071000123,1.0000000000
120710211,12071000040,0.0976292993
120710211,12071000124,0.5214183198
120710211,12071000125,0.3809523810
120710212,12071000041,0.0077800427
120710212,12071000125,0.9922199573
120710213,12071000123,0.0769230769
120710213,12071000125,0.9230769231
120710214,12071000013B,0.0200000000
120710214,12071000040,0.0143178594
120710214,12071000043,0.8856821406
120710214,12071000044,0.0100000000
120710214,12071000049,0.0079073909
120710214,12071000214,0.0620926091
120710215,12071000024,0.0000029917
120710215,12071000025,0.3163277649
120710215,12071000069B,0.0520902960
120710215,12071000300,0.0194795591
120710215,12071000301,0.6120993882
120710216,12071000024,0.0810810811
120710216,12071000025,0.0079105051
120710216,12071000041,0.7545408746
120710216,12071000044,0.1216216216
120710216,12071000061,0.0337837838
120710216,12071000125,0.0010621338
120710217,12071000040,0.0188711237
120710217,12071000077B,0.0009133073
120710217,12071000081,0.0190496190
120710217,12071000217,0.9611659500
120710218,12071000049,0.6629639825
120710218,12071000218,0.3370360175
120710219,12071000013B,0.0181818182
120710219,12071000049,0.5087952905
120710219,12071000080,0.4730228913
120710220,12071000013B,0.0227272727
120710220,12071000041,0.1818181818
120710220,12071000044,0.7954545455
120710221,12071000028,0.0057017640
120710221,12071000029,0.7497653629
120710221,12071000103,0.1995890529
120710221,12071000105,0.0449438202
120710222,12071000036,0.0370984985
120710222,12071000085,0.0181818182
120710222,12071000088,0.7090909091
120710222,12071000118A,0.0181818182
120710222,12071000304,0.2174469561
120710223,12071000088,0.8823529412
120710223,12071000119B,0.1176470588
120710224,12071000118A,1.0000000000
120710225,12071000118A,0.9500000000
120710225,12071000119B,0.0500000000
120710226,12071000072,0.0516585761
120710226,12071000086,0.9483414239
120710227,12071000086,1.0000000000
120710228,12071000119B,1.0000000000
120710229,12071000118A,0.9456986137
120710229,12071000119B,0.0543013863
120710230,12071000028,1.0000000000
120710231,12071000028,0.0294024366
120710231,12071000103,0.3823622693
120710231,12071000104,0.5882352941
120710232,12071000028,0.6349462983
120710232,12071000093,0.3650537017
120710233,12071000105,0.0252358331
120710233,12071000116B,0.9747641669
120710234,12071000056,0.0555555556
120710234,12071000116B,0.9444444444
120710235,12071000003,0.0700934579
120710235,12071000042B,0.1915887850
120710235,12071000051B,0.5373831776
120710235,12071000052,0.1962616822
120710235,12071000078,0.0046728972
120710236,12071000124,0.8251748252
120710236,12071000217,0.0021346852
120710236,12071000236,0.1726904896
120710237,12071000124,1.0000000000
120710238,12071000040,0.8606747400
120710238,12071000044,0.1333333333
120710238,12071000124,0.0059919267
120710239,12071000040,1.0000000000
120710240,12071000040,1.0000000000
120710241,12071000040,0.8710890861
120710241,12071000124,0.1289109139
120710242,12071000040,1.0000000000
120710243,12071000040,1.0000000000
120710245,12071000040,0.9629629630
120710245,12071000044,0.0370370370
120710246,12071000025,1.0000000000
120710247,12071000024,0.9591836735
120710247,12071000025,0.0408163265
120710248,12071000025,1.0000000000
120710249,12071000024,0.1428571429
120710249,12071000080,0.8571428571
120710250,12071000080,1.0000000000
120710251,12071000024,1.0000000000
120710252,12071000024,0.1776167697
120710252,12071000025,0.8223832303
120710253,12071000073,0.2307692308
120710253,12071000074,0.7692307692
120710254,12071000004,0.0263157895
120710254,12071000045,0.9736842105
120710255,12071000004,1.0000000000
120710256,12071000004,1.0000000000
120710257,12071000002,0.9210526316
120710257,12071000005,0.0526315789
120710257,12071000013A,0.0263157895
120710258,12071000005,0.7333333333
120710258,12071000045,0.0666666667
120710258,12071000054,0.2000000000
120710259,12071000005,0.9444444444
120710259,12071000054,0.0555555556
120710260,12071000005,1.0000000000
120710261,12071000004,0.5714285714
120710261,12071000036,0.2857142857
120710261,12071000075,0.1428571429
120710262,12071000004,0.1674418605
120710262,12071000042B,0.8279069767
120710262,12071000051B,0.0046511628
120710263,12071000058,1.0000000000
120710264,12071000058,1.0000000000
120710265,12071000002,0.0807004890
120710265,12071000067,0.9192995110
120710266,12071000012,0.7134072634
120710266,12071000086,0.0188679245
120710266,12071000266,0.2677248121
120710267,12071000120,0.1333333333
120710267,12071000121,0.8666666667
120710268,12071000120,1.0000000000
120710269,12071000024,0.0444444444
120710269,12071000041,0.1703703704
120710269,12071000061,0.7851851852
120710270,12071000023,0.2807017544
120710270,12071000084,0.7192982456
120710271,12071000033,0.6638695085
120710271,12071000047,0.3361304915
120710272,12071000033,0.7741935484
120710272,12071000047,0.0082816892
120710272,12071000059,0.2175247624
120710273,12071000011,0.0163934426
120710273,12071000072,0.0163934426
120710273,12071000079B,0.9672131148
120710274,12071000022,0.0634920635
120710274,12071000070,0.6031747853
120710274,12071000072,0.3333331512
120710275,12071000022,0.9824561404
120710275,12071000083,0.0175438596
120710276,12071000020,0.0400000000
120710276,12071000022,0.6800000000
120710276,12071000023,0.2800000000
120710277,12071000009,0.0008822908
120710277,12071000010B,0.6275247113
120710277,12071000032,0.0384615385
120710277,12071000033,0.0159604818
120710277,12071000046,0.0192307692
120710277,12071000047,0.2908495351
120710277,12071000085,0.0070906733
120710278,12071000010B,0.4457691540
120710278,12071000305,0.5542308460
120710279,12071000033,0.9643528680
120710279,12071000047,0.0338983051
120710279,12071000085,0.0002816116
120710279,12071000305,0.0014672153
120710280,12071000010B,0.3333333333
120710280,12071000036,0.1666666667
120710280,12071000085,0.5000000000
120710281,12071000009,0.7777777778
120710281,12071000010B,0.0740740741
120710281,12071000036,0.0740740741
120710281,12071000075,0.0370370370
120710281,12071000085,0.0370370370
120710282,12071000036,0.9736842105
120710282,12071000085,0.0263157895
120710283,12071000036,0.0972461507
120710283,12071000075,0.9027538493
120710284,12071000075,1.0000000000
120710285,12071000036,1.0000000000
120710286,12071000121,0.0645161290
120710286,12071000122,0.9354838710
120710287,12071000121,0.9090909091
120710287,12071000122,0.0909090909
120710288,12071000013B,0.3281250000
120710288,12071000044,0.6718750000
120710289,12071000019,1.0000000000
120710290,12071000060B,1.0000000000
120710292,12071000013B,0.1351351351
120710292,12071000049,0.8648648649
120710293,12071000049,1.0000000000
120710294,12071000095,0.3200000000
120710294,12071000098,0.0323809524
120710294,12071000106B,0.5310216495
120710294,12071000294,0.1165973981
120710295,12071000084,1.0000000000
120710296,12071000014,0.6447075634
120710296,12071000015,0.0841059959
120710296,12071000021,0.0169491525
120710296,12071000055,0.0366156244
120710296,12071000107,0.1873465525
120710296,12071000112,0.0302751113
120730001,12073001205,1.0000000000
120730002,12073001201,0.3333333333
120730002,12073001203,0.6666666667
120730003,12073001230,1.0000000000
120730004,12073001203,0.8634543679
120730004,12073001205,0.1365456321
120730005,12073001205,1.0000000000
120730006,12073001231,1.0000000000
120730007,12073001213,0.9912280702
120730007,12073001257,0.0087719298
120730008,12073001251,0.6250000000
120730008,12073005223,0.1115324972
120730008,12073005224,0.2634675028
120730009,12073001255,1.0000000000
120730010,12073001231,0.0884178772
120730010,12073001255,0.8804349810
120730010,12073001355,0.0311471418
120730011,12073001213,0.0095238095
120730011,12073001257,0.9714285714
120730011,12073001258,0.0047619048
120730011,12073001259,0.0142857143
120730012,12073001259,1.0000000000
120730013,12073001205,0.1667638812
120730013,12073001321,0.8332361188
120730014,12073001301,1.0000000000
120730015,12073001302,0.8888888889
120730015,12073001304,0.1111111111
120730016,12073001303,0.4000000000
120730016,12073001313,0.6000000000
120730017,12073001321,1.0000000000
120730018,12073001309,0.8888888889
120730018,12073001313,0.0298786846
120730018,12073001314,0.0812324265
120730019,12073001311,0.0752688172
120730019,12073001321,0.9247311828
120730020,12073001313,1.0000000000
120730021,12073001315,1.0000000000
120730022,12073001317,0.9534883721
120730022,12073001319,0.0232558140
120730022,12073001355,0.0232558140
120730023,12073001319,1.0000000000
120730024,12073001255,0.0243902439
120730024,12073001321,0.9756097561
120730025,12073001231,0.0294117647
120730025,12073001255,0.2058823529
120730025,12073001327,0.7352941176
120730025,12073002307,0.0294117647
120730026,12073001315,0.1818181818
120730026,12073001351,0.3636363636
120730026,12073002305,0.4545454545
120730027,12073001351,0.9411764706
120730027,12073002305,0.0588235294
120730028,12073001353,0.9797522886
120730028,12073001355,0.0202477114
120730029,12073001315,0.0212765957
120730029,12073001355,0.9787234043
120730030,12073001255,0.0714285714
120730030,12073001327,0.0357142857
120730030,12073001355,0.8928571429
120730031,12073001231,0.3750000000
120730031,12073001359,0.6250000000
120730032,12073001359,0.0196078431
120730032,12073001361,0.7439850506
120730032,12073001362,0.2364071063
120730033,12073001302,1.0000000000
120730034,12073001501,1.0000000000
120730035,12073001502,1.0000000000
120730036,12073001503,1.0000000000
120730037,12073001503,0.2558139535
120730037,12073001505,0.7441860465
120730038,12073001302,0.0303030303
120730038,12073001507,0.9393939394
120730038,12073002503,0.0303030303
120730039,12073002251,0.2343750000
120730039,12073002252,0.4962125272
120730039,12073002253,0.2694124728
120730040,12073002252,1.0000000000
120730041,12073002305,1.0000000000
120730042,12073001315,0.0002382295
120730042,12073002303,0.9997617705
120730043,12073002303,0.0153846154
120730043,12073002305,0.9846153846
120730044,12073001327,0.2000000000
120730044,12073002307,0.7964772033
120730044,12073002363,0.0035227967
120730045,12073002305,0.9333333333
120730045,12073002363,0.0666666667
120730046,12073002305,0.1338650027
120730046,12073002380,0.8661349973
120730047,12073002305,0.0909090909
120730047,12073002355,0.9090909091
120730048,12073002365,1.0000000000
120730049,12073002305,0.0206185567
120730049,12073002358,0.2061855670
120730049,12073002365,0.7731958763
120730050,12073002363,0.3288590604
120730050,12073002366,0.6711409396
120730051,12073002365,1.0000000000
120730052,12073002401,1.0000000000
120730053,12073002359,0.3103448276
120730053,12073002401,0.0114942529
120730053,12073002451,0.6781609195
120730054,12073002502,0.6250000000
120730054,12073002504,0.3750000000
120730055,12073002502,0.4615384615
120730055,12073002504,0.5384615385
120730056,12073002503,1.0000000000
120730057,12073002506,0.9655172414
120730057,12073002507,0.0344827586
120730058,12073002507,1.0000000000
120730059,12073002507,1.0000000000
120730060,12073002305,0.0116279070
120730060,12073002380,0.0116279070
120730060,12073002507,0.0116279070
120730060,12073002511,0.9651162791
120730061,12073002401,0.1428438353
120730061,12073002451,0.0000133076
120730061,12073002513,0.8571428571
120730062,12073003101,1.0000000000
120730063,12073003103,0.9935018943
120730063,12073003405,0.0064981057
120730064,12073003104,0.9931029147
120730064,12073003405,0.0068970853
120730065,12073003107,1.0000000000
120730066,12073003401,1.0000000000
120730067,12073003403,1.0000000000
120730068,12073003405,0.8823529412
120730068,12073004451,0.1176470588
120730069,12073003409,0.8750000000
120730069,12073003411,0.0937500000
120730069,12073003467,0.0312500000
120730070,12073003411,0.9267257565
120730070,12073003467,0.0487804878
120730070,12073003469,0.0244937557
120730071,12073003412,1.0000000000
120730072,12073003413,1.0000000000
120730073,12073003411,0.3333333333
120730073,12073003468,0.6666666667
120730074,12073003451,1.0000000000
120730075,12073003453,0.8636363636
120730075,12073003551,0.1363636364
120730076,12073003453,0.0416666667
120730076,12073003455,0.7916666667
120730076,12073003475,0.1666666667
120730077,12073003409,0.0208333333
120730077,12073003453,0.0208333333
120730077,12073003457,0.4166666667
120730077,12073003459,0.5416666667
120730078,12073003457,0.2857142857
120730078,12073003459,0.6190476190
120730078,12073003475,0.0952380952
120730079,12073003461,1.0000000000
120730080,12073003457,0.1000000000
120730080,12073003467,0.9000000000
120730081,12073003467,1.0000000000
120730082,12073003412,0.0400000000
120730082,12073003467,0.9600000000
120730083,12073003411,0.2535294904
120730083,12073003469,0.7464705096
120730084,12073003469,1.0000000000
120730085,12073003473,0.9166666667
120730085,12073003475,0.0476190476
120730085,12073003477,0.0357142857
120730086,12073003473,1.0000000000
120730087,12073003414,0.0583790589
120730087,12073003473,0.1851851852
120730087,12073003475,0.7193987189
120730087,12073003477,0.0370370370
120730088,12073003477,1.0000000000
120730089,12073003551,1.0000000000
120730090,12073003403,0.0200000000
120730090,12073003551,0.9800000000
120730091,12073003509,1.0000000000
120730092,12073003507,1.0000000000
120730093,12073003509,1.0000000000
120730094,12073003513,1.0000000000
120730095,12073003509,1.0000000000
120730096,12073003513,1.0000000000
120730097,12073003551,1.0000000000
120730098,12073004107,0.3409090909
120730098,12073004109,0.6590909091
120730099,12073004101,0.9842438785
120730099,12073004401,0.0157561215
120730100,12073004103,1.0000000000
120730101,12073004103,0.0769230769
120730101,12073004105,0.8461538462
120730101,12073004184,0.0769230769
120730102,12073004107,1.0000000000
120730103,12073004111,1.0000000000
120730104,12073004125,1.0000000000
120730105,12073004115,1.0000000000
120730106,12073004103,1.0000000000
120730107,12073004119,0.8529411765
120730107,12073004453,0.1470588235
120730108,12073004125,1.0000000000
120730109,12073004119,0.9090909091
120730109,12073004453,0.0909090909
120730110,12073004125,1.0000000000
120730111,12073004125,1.0000000000
120730112,12073004119,0.9629629630
120730112,12073004167,0.0370370370
120730113,12073004105,0.1111111111
120730113,12073004184,0.8888888889
120730114,12073004184,1.0000000000
120730115,12073004111,0.0487804878
120730115,12073004115,0.0731707317
120730115,12073004153,0.6585365854
120730115,12073004154,0.0487804878
120730115,12073004155,0.0243902439
120730115,12073005113,0.0487804878
120730115,12073005212,0.0975609756
120730116,12073004125,0.3750000000
120730116,12073004153,0.6250000000
120730117,12073004157,1.0000000000
120730118,12073004159,0.9939024390
120730118,12073004173,0.0060975610
120730119,12073004161,0.9090909091
120730119,12073004162,0.0227272727
120730119,12073004163,0.0568181818
120730119,12073004168,0.0113636364
120730120,12073004163,1.0000000000
120730121,12073004163,1.0000000000
120730122,12073004119,0.0276720792
120730122,12073004161,0.0496453901
120730122,12073004167,0.3482144456
120730122,12073004168,0.5744680851
120730123,12073004159,0.0090909091
120730123,12073004161,0.0090909091
120730123,12073004173,0.9818181818
120730124,12073004101,0.0081478537
120730124,12073004401,0.9918227284
120730124,12073004453,0.0000294179
120730125,12073004403,1.0000000000
120730126,12073004405,0.7898277174
120730126,12073004408,0.2000000000
120730126,12073004453,0.0101722826
120730127,12073004408,0.9999629720
120730127,12073004457,0.0000370280
120730128,12073004451,1.0000000000
120730129,12073004453,1.0000000000
120730130,12073004403,0.0223919444
120730130,12073004408,0.1818181818
120730130,12073004453,0.0908957391
120730130,12073004455,0.7048941347
120730131,12073004408,0.0483861775
120730131,12073004456,0.0740740741
120730131,12073004457,0.0627249336
120730131,12073004458,0.8148148148
120730132,12073004459,1.0000000000
120730133,12073004461,1.0000000000
120730134,12073004459,1.0000000000
120730135,12073004167,0.0012071173
120730135,12073004455,0.4116369194
120730135,12073004456,0.5871559633
120730136,12073005101,0.9870943347
120730136,12073005103,0.0092868761
120730136,12073005201,0.0036187892
120730137,12073005103,0.8482699922
120730137,12073005204,0.1517300078
120730138,12073005105,1.0000000000
120730139,12073003401,0.2173913043
120730139,12073005107,0.7826086957
120730140,12073005105,1.0000000000
120730141,12073003109,0.6129032258
120730141,12073003110,0.2580645161
120730141,12073005105,0.1290322581
120730142,12073003110,1.0000000000
120730143,12073005113,0.5000000000
120730143,12073005212,0.5000000000
120730144,12073005154,0.9333333333
120730144,12073005284,0.0666666667
120730145,12073005153,1.0000000000
120730146,12073005201,1.0000000000
120730147,12073005201,1.0000000000
120730148,12073005203,1.0000000000
120730149,12073005207,1.0000000000
120730150,12073005203,1.0000000000
120730151,12073005207,1.0000000000
120730152,12073005207,0.2972972973
120730152,12073005209,0.6486486486
120730152,12073005211,0.0540540541
120730153,12073005209,0.1666666667
120730153,12073005211,0.8333333333
120730154,12073005214,1.0000000000
120730155,12073005221,1.0000000000
120730156,12073005110,1.0000000000
120730157,12073003110,0.3333333333
120730157,12073005110,0.1228070175
120730157,12073005115,0.4210526316
120730157,12073005227,0.1228070175
120730158,12073005219,0.9399602966
120730158,12073005260,0.0600000000
120730158,12073005284,0.0000397034
120730159,12073005221,0.9999506917
120730159,12073005251,0.0000493083
120730160,12073005220,1.0000000000
120730161,12073005224,1.0000000000
120730162,12073005224,1.0000000000
120730163,12073001230,0.0649733299
120730163,12073005225,0.9350266701
120730164,12073005115,0.0434782609
120730164,12073005252,0.9565217391
120730165,12073005219,0.0000760446
120730165,12073005227,0.0227272727
120730165,12073005228,0.0104296389
120730165,12073005251,0.9667670438
120730166,12073005251,0.6666666667
120730166,12073005252,0.3333333333
120730167,12073005154,0.0303030303
120730167,12073005212,0.0303030303
120730167,12073005284,0.9393939394
120730168,12073005220,0.0277777778
120730168,12073005258,0.0138888889
120730168,12073005260,0.8903360067
120730168,12073005263,0.0138888889
120730168,12073005264,0.0541084377
120730169,12073005260,1.0000000000
120730170,12073005261,1.0000000000
120730171,12073005224,0.0097550478
120730171,12073005225,0.0666666667
120730171,12073005261,0.9235782855
120730172,12073005153,0.0111111111
120730172,12073005263,0.8777777778
120730172,12073005265,0.1111111111
120730173,12073005263,1.0000000000
120730174,12073005165,1.0000000000
120730175,12073009000,1.0000000000
120730176,12073005224,1.0000000000
120730177,12073005224,1.0000000000
120730178,12073002401,1.0000000000
120730179,12073004111,1.0000000000
120730180,12073004408,1.0000000000
120750001,12075000001,0.5612244898
120750001,12075000003,0.4285714286
120750001,12075000010,0.0102040816
120750002,12075000002,1.0000000000
120750003,12075000005,0.0083334690
120750003,12075000006,0.9916665310
120750004,12075000004,0.9676375405
120750004,12075000006,0.0210355987
120750004,12075000ZZZ,0.0113268608
120750005,12075000005,0.8745046357
120750005,12075000006,0.0282131661
120750005,12075000013,0.0972821981
120750006,12075000006,0.9761904762
120750006,12075000ZZZ,0.0238095238
120750007,12075000007,1.0000000000
120750008,12075000002,0.1558441558
120750008,12075000008,0.8439196380
120750008,12083000042,0.0002362062
120750009,120170100.1,0.0022026432
120750009,12075000006,0.0132314702
120750009,12075000009,0.9757553140
120750009,12075000ZZZ,0.0088105727
120750010,12075000010,1.0000000000
120750011,12075000007,0.0545949476
120750011,12075000011,0.9454050524
120750012,12075000012,0.6217483614
120750012,12075000020,0.3782516386
120750013,12075000006,0.0900900901
120750013,12075000010,0.0045045045
120750013,12075000013,0.9054054054
120750014,12075000001,0.1622880316
120750014,12075000003,0.8377119684
120750015,12075000002,0.5648738942
120750015,12075000003,0.3559322034
120750015,12075000007,0.0198718685
120750015,12075000008,0.0593220339
120750016,12075000013,1.0000000000
120750017,12075000004,0.0000018097
120750017,12075000005,0.9999981903
120750018,12075000003,0.0187793427
120750018,12075000006,0.9809100790
120750018,12075000009,0.0003105783
120750019,12075000012,0.5936859705
120750019,12075000020,0.4063140295
120770001,12077000001,1.0000000000
120770002,12077000002,1.0000000000
120770003,12077000003,0.9995611782
120770003,12077000004,0.0004388218
120770004,12077000003,0.0010474412
120770004,12077000004,0.9989525588
120770005,12077000005,1.0000000000
120770006,12077000006,1.0000000000
120770007,12077000007,1.0000000000
120770008,12077000006,0.0050761421
120770008,12077000008,0.9949238579
120790001,12079000001,1.0000000000
120790002,12079000002,0.9387755102
120790002,12079000010,0.0612244898
120790003,12079000003,1.0000000000
120790004,12079000004,1.0000000000
120790005,12079000005,1.0000000000
120790006,12079000006,1.0000000000
120790007,12079000006,0.0156250000
120790007,12079000007,0.9843750000
120790008,12079000008,1.0000000000
120790009,12079000004,0.0101010101
120790009,12079000009,0.9898989899
120790010,12079000002,0.0016396746
120790010,12079000004,0.0031948882
120790010,12079000010,0.9951654372
120790011,12079000011,1.0000000000
120810001,12081000001,1.0000000000
120810002,12081000002,1.0000000000
120810003,12081000003,0.7222222222
120810003,12081000014,0.2777777778
120810004,12081000004,1.0000000000
120810005,12081000005,1.0000000000
120810006,12081000006,1.0000000000
120810007,12081000007,1.0000000000
120810008,12081000008,1.0000000000
120810009,12081000009,1.0000000000
120810010,12081000014,1.0000000000
120810011,12081000014,1.0000000000
120810012,12081000012,1.0000000000
120810013,12081000013,0.6244827557
120810013,12081000022,0.2409638554
120810013,12081000245,0.0707948586
120810013,12081000246,0.0593893401
120810013,12081000247,0.0043691902
120810014,12081000014,1.0000000000
120810015,12081000014,0.3636363636
120810015,12081000015,0.6363636364
120810016,12081000014,0.0500000000
120810016,12081000016,0.6500000000
120810016,12081000018,0.3000000000
120810017,12081000018,1.0000000000
120810018,12081000018,0.9849366775
120810018,12081000228,0.0006511977
120810018,12081000229,0.0144121248
120810019,12081000019,0.8901516292
120810019,12081000075,0.0008397578
120810019,12081000185,0.0127118644
120810019,12081000225,0.0013159919
120810019,12081000227,0.0237499952
120810019,12081000228,0.0042372881
120810019,12081000229,0.0402465598
120810019,12081000230,0.0072568252
120810019,12081000232,0.0194900883
120810020,12081000230,1.0000000000
120810021,12081000021,1.0000000000
120810022,12057000998,0.0058823529
120810022,12081000022,0.9941176471
120810023,12081000023,1.0000000000
120810024,12081000024,0.8972251339
120810024,12081000037,0.0814982703
120810024,12081000038,0.0212765957
120810025,12081000025,0.9800000000
120810025,12081000030,0.0200000000
120810026,12081000024,0.4661225363
120810026,12081000025,0.1552280826
120810026,12081000030,0.3786493811
120810027,12081000027,0.4888258407
120810027,12081000249,0.5111741593
120810028,12081000030,0.0645161290
120810028,12081000037,0.4879856293
120810028,12081000038,0.4474982417
120810029,12081000030,1.0000000000
120810030,12081000030,0.9618514642
120810030,12081000038,0.0381485358
120810031,12081000031,1.0000000000
120810032,12081000032,1.0000000000
120810033,12081000033,0.9372370334
120810033,12081000048,0.0627629666
120810034,12081000034,1.0000000000
120810035,12081000035,1.0000000000
120810036,12081000036,1.0000000000
120810037,12081000037,0.5273680422
120810037,12081000043,0.1212121212
120810037,12081000048,0.3514198365
120810038,12081000038,1.0000000000
120810039,12081000050,1.0000000000
120810040,12081000037,0.1176470588
120810040,12081000040,0.8823529412
120810041,12081000041,1.0000000000
120810042,12081000031,0.0421052632
120810042,12081000042,0.8508549856
120810042,12081000239,0.0298245614
120810042,12081000242,0.0772151899
120810043,12081000043,1.0000000000
120810044,12081000044,1.0000000000
120810045,12081000037,0.0243902439
120810045,12081000045,0.9756097561
120810046,12081000043,1.0000000000
120810047,12081000043,1.0000000000
120810048,12081000043,0.1992804650
120810048,12081000048,0.8007195350
120810049,12081000049,1.0000000000
120810050,12081000048,0.0086552616
120810050,12081000049,0.0166666667
120810050,12081000050,0.9746780718
120810051,12081000050,1.0000000000
120810052,12081000043,0.0416666667
120810052,12081000052,0.9583333333
120810053,12081000048,1.0000000000
120810054,12081000048,0.4513490712
120810054,12081000054,0.5486509288
120810055,12081000048,0.1423737490
120810055,12081000052,0.1904761905
120810055,12081000054,0.0004833938
120810055,12081000055,0.6666666667
120810056,12081000056,0.2925252087
120810056,12081000057,0.0938045389
120810056,12081000080,0.0310929938
120810056,12081000175,0.5825772586
120810057,12081000057,1.0000000000
120810058,12081000058,0.8301886792
120810058,12081000059,0.0566037736
120810058,12081000061,0.0188679245
120810058,12081000080,0.0188679245
120810058,12081000085,0.0754716981
120810059,12081000059,0.8873239437
120810059,12081000061,0.1126760563
120810060,12081000060,0.7054072291
120810060,12081000061,0.2945927709
120810061,12081000061,1.0000000000
120810062,12081000062,1.0000000000
120810063,12081000062,1.0000000000
120810064,12081000062,1.0000000000
120810065,12081000065,1.0000000000
120810066,12081000065,0.0500000000
120810066,12081000066,0.9500000000
120810067,12081000067,0.9775280899
120810067,12081000073,0.0224719101
120810068,12081000067,0.1875000000
120810068,12081000068,0.4385111359
120810068,12081000073,0.1875000000
120810068,12081000077,0.1864888641
120810069,12081000069,0.9038461538
120810069,12081000074,0.0354932177
120810069,12081000190,0.0414298593
120810069,12081000209,0.0192307692
120810070,12081000070,1.0000000000
120810071,12081000071,0.7510524623
120810071,12081000116,0.2489475377
120810072,12081000073,1.0000000000
120810073,12081000068,0.0927043276
120810073,12081000073,0.5507431341
120810073,12081000077,0.0838252656
120810073,12081000118,0.2727272727
120810074,12081000074,1.0000000000
120810075,12081000075,0.9763209802
120810075,12081000191,0.0000202185
120810075,12081000207,0.0046752279
120810075,12081000214,0.0187014747
120810075,12081000233,0.0002820987
120810076,12081000074,0.0232558140
120810076,12081000076,0.8604651163
120810076,12081000165,0.0465116279
120810076,12081000208,0.0697674419
120810077,12081000077,1.0000000000
120810078,12081000077,0.1794871795
120810078,12081000078,0.8205128205
120810079,12081000056,0.0526315789
120810079,12081000079,0.8289473684
120810079,12081000080,0.1184210526
120810080,12081000080,1.0000000000
120810081,12081000080,1.0000000000
120810082,12081000105,0.1290322581
120810082,12081000107,0.8709677419
120810083,12081000080,0.4404196289
120810083,12081000085,0.5595803711
120810084,12081000084,1.0000000000
120810085,12081000061,0.1125000000
120810085,12081000080,0.1375000000
120810085,12081000085,0.7500000000
120810086,12081000061,0.0625000000
120810086,12081000085,0.5156250000
120810086,12081000086,0.4218750000
120810087,12081000087,1.0000000000
120810088,12081000088,1.0000000000
120810089,12081000089,1.0000000000
120810090,12081000089,1.0000000000
120810091,12081000089,1.0000000000
120810092,12081000089,1.0000000000
120810093,12081000093,1.0000000000
120810094,12081000111,1.0000000000
120810095,12081000093,0.0001044782
120810095,12081000095,0.9998955218
120810096,12081000096,1.0000000000
120810097,12081000096,1.0000000000
120810098,12081000096,1.0000000000
120810099,12081000084,0.0517241379
120810099,12081000099,0.6724137931
120810099,12081000171,0.2758620690
120810100,12081000099,1.0000000000
120810101,12081000101,0.9583333333
120810101,12081000157,0.0416666667
120810102,12081000102,1.0000000000
120810103,12081000103,1.0000000000
120810104,12081000104,1.0000000000
120810105,12081000107,0.6818181818
120810105,12081000120,0.3181818182
120810106,12081000106,1.0000000000
120810107,12081000105,0.0211944836
120810107,12081000107,0.6964216135
120810107,12081000120,0.2823839029
120810108,12081000085,0.5330033247
120810108,12081000108,0.4669966753
120810109,12081000109,0.6754343494
120810109,12081000192,0.3245656506
120810110,12081000110,0.8666449414
120810110,12081000192,0.1333550586
120810111,12081000088,0.2360875782
120810111,12081000111,0.7411851491
120810111,12081000192,0.0227272727
120810112,12081000111,1.0000000000
120810113,12081000111,1.0000000000
120810114,12081000099,0.0582045396
120810114,12081000114,0.9417954604
120810115,12081000115,1.0000000000
120810116,12081000084,0.0192307692
120810116,12081000096,0.0192307692
120810116,12081000116,0.8722716555
120810116,12081000117,0.0315744984
120810116,12081000171,0.0576923077
120810117,12081000116,0.4707989451
120810117,12081000117,0.5292010549
120810118,12081000071,0.0480542907
120810118,12081000118,0.9519457093
120810119,12081000119,1.0000000000
120810120,12081000103,0.0212765957
120810120,12081000120,0.9341015222
120810120,12081000121,0.0446218820
120810121,12081000120,0.5449669112
120810121,12081000121,0.4550330888
120810122,12081000122,1.0000000000
120810123,12081000123,1.0000000000
120810124,12081000124,1.0000000000
120810125,12081000124,0.0001284789
120810125,12081000125,0.9998715211
120810126,12081000126,1.0000000000
120810127,12081000127,1.0000000000
120810128,12081000128,0.9743589744
120810128,12081000193,0.0256410256
120810129,12081000129,1.0000000000
120810130,12081000130,0.9801980198
120810130,12081000131,0.0198019802
120810131,12081000131,0.9871284271
120810131,12115000017,0.0128715729
120810132,12081000132,1.0000000000
120810133,12081000126,0.1162790698
120810133,12081000133,0.1994061119
120810133,12081000164,0.6843148183
120810134,12081000069,0.5000000000
120810134,12081000134,0.4500000000
120810134,12081000243,0.0500000000
120810135,12081000135,1.0000000000
120810136,12081000136,1.0000000000
120810137,12081000137,1.0000000000
120810138,12081000138,1.0000000000
120810139,12081000103,0.0114942529
120810139,12081000120,0.8847284643
120810139,12081000138,0.0043336315
120810139,12081000139,0.0994436513
120810140,12081000140,0.9615384615
120810140,12081000145,0.0384615385
120810141,12081000141,1.0000000000
120810142,12081000142,1.0000000000
120810143,12081000143,1.0000000000
120810144,12081000144,1.0000000000
120810145,12081000145,1.0000000000
120810146,12081000146,0.9999336559
120810146,12081000147,0.0000663441
120810147,12081000147,0.9975527325
120810147,12081000153,0.0024472675
120810148,12081000148,1.0000000000
120810149,12081000149,1.0000000000
120810150,12081000150,1.0000000000
120810151,12081000151,1.0000000000
120810152,12081000152,1.0000000000
120810153,12081000147,0.0331468159
120810153,12081000153,0.9668531841
120810154,12057000998,0.0108695652
120810154,12081000154,0.9750742251
120810154,12081000156,0.0140562097
120810155,12081000154,0.0005179453
120810155,12081000155,0.0506329114
120810155,12081000156,0.9488491434
120810156,12081000156,1.0000000000
120810157,12081000156,0.0133333333
120810157,12081000157,0.9866666667
120810158,12081000158,1.0000000000
120810159,12081000159,1.0000000000
120810160,12081000160,0.8809523810
120810160,12081000194,0.1190476190
120810161,12081000161,1.0000000000
120810162,12081000126,0.2222222222
120810162,12081000162,0.7777777778
120810163,12081000163,1.0000000000
120810164,12081000126,0.0526315789
120810164,12081000164,0.9473684211
120810165,12081000126,0.0103092784
120810165,12081000164,0.0103092784
120810165,12081000165,0.9690721649
120810165,12081000208,0.0103092784
120810166,12081000166,1.0000000000
120810167,12081000167,1.0000000000
120810168,12081000168,1.0000000000
120810169,12081000169,0.8542480649
120810169,12081000216,0.1457519352
120810170,12081000170,0.9999663431
120810170,12081000190,0.0000336569
120810171,12081000171,1.0000000000
120810172,12081000171,1.0000000000
120810173,12081000171,1.0000000000
120810174,12081000174,1.0000000000
120810175,12081000056,0.9285714286
120810175,12081000057,0.0714285714
120810176,12081000176,1.0000000000
120810177,12081000177,1.0000000000
120810178,12081000014,1.0000000000
120810179,12081000179,1.0000000000
120810180,12081000180,1.0000000000
120810181,12081000181,1.0000000000
120810182,12081000182,1.0000000000
120810183,12081000183,1.0000000000
120810184,12081000184,1.0000000000
120810185,12081000185,1.0000000000
120810186,12081000049,0.1969696970
120810186,12081000186,0.8030303030
120810187,12081000187,1.0000000000
120810188,12081000080,0.0425531915
120810188,12081000188,0.9574468085
120810189,12081000135,0.0363636364
120810189,12081000189,0.9523803967
120810189,12081000217,0.0112467562
120810189,12081000219,0.0000092108
120810190,12081000077,0.2359240039
120810190,12081000170,0.0390565196
120810190,12081000190,0.7250194766
120810191,12081000019,0.0049871758
120810191,12081000075,0.0147416623
120810191,12081000191,0.9801466592
120810191,12081000214,0.0001245026
120810192,12081000110,0.4032258065
120810192,12081000192,0.5967741935
120810193,12081000193,1.0000000000
120810194,12081000194,1.0000000000
120810195,12081000145,0.0371423651
120810195,12081000195,0.9628576349
120810196,12081000196,1.0000000000
120810197,12081000197,1.0000000000
120810198,12081000198,0.9767441860
120810198,12081000208,0.0232558140
120810199,12081000199,1.0000000000
120810200,12081000200,1.0000000000
120810201,12081000073,0.1951219512
120810201,12081000077,0.0731707317
120810201,12081000201,0.7317073171
120810202,12081000202,1.0000000000
120810203,12081000203,1.0000000000
120810204,12081000204,1.0000000000
120810205,12081000165,0.1000000000
120810205,12081000205,0.9000000000
120810206,12081000206,1.0000000000
120810207,12081000185,0.1034482759
120810207,12081000207,0.8965517241
120810208,12081000165,0.1513856557
120810208,12081000208,0.8486143443
120810209,12081000167,0.0256410256
120810209,12081000190,0.1497952268
120810209,12081000209,0.6424314481
120810209,12081000234,0.1444059325
120810209,12081000248,0.0377263669
120810210,12081000167,0.3600000000
120810210,12081000185,0.4716776411
120810210,12081000210,0.1000000000
120810210,12081000231,0.0683223589
120810211,12081000211,1.0000000000
120810212,12081000212,1.0000000000
120810213,12081000213,1.0000000000
120810214,12081000214,1.0000000000
120810215,12081000135,0.6729138600
120810215,12081000215,0.3270861400
120810216,12081000168,0.0739509374
120810216,12081000216,0.9260490626
120810217,12081000069,0.0013694979
120810217,12081000134,0.0019044926
120810217,12081000217,0.9954873582
120810217,12081000221,0.0012386513
120810218,12081000218,0.9999144853
120810218,12081000222,0.0000855147
120810219,12081000135,0.0465116279
120810219,12081000189,0.0001759116
120810219,12081000219,0.9533124605
120810220,12081000211,0.0000015605
120810220,12081000220,0.5277777778
120810220,12081000243,0.4722206617
120810221,12081000211,0.0500000000
120810221,12081000221,0.9000000000
120810221,12081000222,0.0500000000
120810222,12081000222,1.0000000000
120810223,12081000223,1.0000000000
120810224,12081000224,1.0000000000
120830001,12083000001,1.0000000000
120830002,12083000002,1.0000000000
120830003,12083000003,1.0000000000
120830004,12083000004,1.0000000000
120830005,12083000005,1.0000000000
120830006,12083000006,1.0000000000
120830007,12083000007,1.0000000000
120830008,12083000008,0.7755102041
120830008,12083000009,0.2244897959
120830009,12083000009,1.0000000000
120830010,12083000010,1.0000000000
120830011,12083000011,0.7777777778
120830011,12083000012,0.2222222222
120830012,12083000004,0.0099211680
120830012,12083000011,0.0077519380
120830012,12083000012,0.9823268940
120830013,12083000013,1.0000000000
120830014,12083000014,0.8542496992
120830014,12083000081,0.1457503008
120830015,12083000015,1.0000000000
120830016,12083000016,0.9832950923
120830016,12083000084,0.0167049077
120830017,12083000017,1.0000000000
120830018,12083000006,0.2345679012
120830018,12083000014,0.0617283951
120830018,12083000078,0.7037037037
120830019,12083000007,0.6801285868
120830019,12083000111,0.3198714132
120830020,12083000008,0.0082644628
120830020,12083000018,0.9586776860
120830020,12083000110,0.0165289256
120830020,12083000111,0.0165289256
120830021,12083000009,0.1503759399
120830021,12083000018,0.2556390977
120830021,12083000050,0.5939849624
120830022,12083000014,0.9761904762
120830022,12083000078,0.0238095238
120830023,12083000019,1.0000000000
120830024,12083000021,0.9645110408
120830024,12083000064,0.0086079817
120830024,12083000071,0.0001211050
120830024,12083000072,0.0191079689
120830024,12083000074,0.0076519037
120830025,12083000022,0.5522884906
120830025,12083000085,0.3601286799
120830025,12083000086,0.0279139057
120830025,12083000087,0.0556848600
120830025,12083000103,0.0039840637
120830026,12083000023,0.3740458015
120830026,12083000038,0.1374045802
120830026,12083000039,0.0076335878
120830026,12083000040,0.4809160305
120830027,12083000024,0.5494505495
120830027,12083000040,0.4505494505
120830028,12083000025,1.0000000000
120830029,12083000026,1.0000000000
120830030,12083000027,0.8904109589
120830030,12083000041,0.1095890411
120830031,12083000025,0.0298102981
120830031,12083000028,0.8888888889
120830031,12083000029,0.0813008130
120830032,12083000029,1.0000000000
120830033,12083000029,0.1570247934
120830033,12083000030,0.8429752066
120830034,12083000028,0.3829787234
120830034,12083000031,0.5691489362
120830034,12083000077,0.0478723404
120830035,12083000031,0.5444444444
120830035,12083000032,0.4555555556
120830036,12083000004,0.4218750000
120830036,12083000029,0.1093750000
120830036,12083000032,0.4687500000
120830037,12083000033,1.0000000000
120830038,12083000034,1.0000000000
120830039,12083000035,1.0000000000
120830040,12083000011,0.0185185185
120830040,12083000036,0.9814814815
120830041,12083000037,0.9347826087
120830041,12083000039,0.0652173913
120830042,12083000037,0.1733333333
120830042,12083000039,0.6000000000
120830042,12083000042,0.2266666667
120830043,12083000027,0.0357142857
120830043,12083000041,0.9642857143
120830044,12083000042,1.0000000000
120830045,12083000039,0.3440860215
120830045,12083000043,0.6559139785
120830046,12083000010,0.0975609756
120830046,12083000044,0.8943089431
120830046,12083000046,0.0081300813
120830047,12083000010,0.0941448893
120830047,12083000011,0.0270270270
120830047,12083000046,0.8788280837
120830048,12083000047,0.2500000000
120830048,12083000105,0.7500000000
120830049,12083000047,1.0000000000
120830050,12083000009,0.0905602073
120830050,12083000049,0.9094397927
120830051,12083000018,0.0294117647
120830051,12083000045,0.7352941176
120830051,12083000047,0.2352941176
120830052,12083000048,1.0000000000
120830053,12083000051,1.0000000000
120830054,12083000051,1.0000000000
120830055,12083000052,1.0000000000
120830056,12083000053,0.9677419355
120830056,12083000054,0.0161290323
120830056,12083000058,0.0161290323
120830057,12083000054,1.0000000000
120830058,12083000055,1.0000000000
120830059,12083000055,1.0000000000
120830060,12083000055,0.9393939394
120830060,12083000056,0.0606060606
120830061,12083000055,0.9999846108
120830061,12083000056,0.0000153892
120830062,12083000021,0.0013646672
120830062,12083000073,0.9986353328
120830063,12083000056,1.0000000000
120830064,12083000058,1.0000000000
120830065,12083000058,0.2268907563
120830065,12083000059,0.0084033613
120830065,12083000060,0.7647058824
120830066,12083000062,1.0000000000
120830067,12083000062,1.0000000000
120830068,12083000062,1.0000000000
120830069,12083000021,0.1402301852
120830069,12083000063,0.0727004097
120830069,12083000064,0.7870502555
120830069,12083000073,0.0000191496
120830070,12083000063,1.0000000000
120830071,12083000061,1.0000000000
120830072,12083000063,1.0000000000
120830073,12083000021,0.0211671130
120830073,12083000064,0.0402792583
120830073,12083000072,0.5463967659
120830073,12083000074,0.0392156863
120830073,12083000075,0.3529411765
120830074,12083000065,1.0000000000
120830075,12083000059,0.9978902954
120830075,12083000066,0.0021097046
120830076,12083000021,0.0009196641
120830076,12083000059,0.0394736842
120830076,12083000063,0.0263157895
120830076,12083000066,0.9166666667
120830076,12083000071,0.0166241956
120830077,12083000067,1.0000000000
120830078,12083000066,0.0404040404
120830078,12083000067,0.9595959596
120830079,12083000070,1.0000000000
120830080,12083000021,0.0306197802
120830080,12083000071,0.9229653944
120830080,12083000072,0.0464148253
120830081,12083000021,0.0037878523
120830081,12083000066,0.0178571429
120830081,12083000071,0.9783550049
120830082,12083000021,0.0297874726
120830082,12083000072,0.1114346555
120830082,12083000074,0.5254445386
120830082,12083000075,0.3333333333
120830083,12083000077,1.0000000000
120830084,12083000032,0.3402061856
120830084,12083000079,0.6597938144
120830085,12083000068,0.0060240964
120830085,12083000069,0.9939759036
120830086,12083000014,0.0270270270
120830086,12083000076,0.4864864865
120830086,12083000078,0.4864864865
120830087,12083000006,0.0789473684
120830087,12083000076,0.7105263158
120830087,12083000078,0.2105263158
120830088,12083000080,1.0000000000
120830089,12083000014,0.0181818182
120830089,12083000081,0.9818181818
120830090,12083000069,0.0263157895
120830090,12083000082,0.9736842105
120830091,12083000083,1.0000000000
120830092,12083000015,0.0002450321
120830092,12083000016,0.0540635128
120830092,12083000084,0.9456914551
120830093,12083000067,0.1866666667
120830093,12083000068,0.8133333333
120830094,12083000022,0.0001752071
120830094,12083000087,0.9998247929
120830095,12083000089,1.0000000000
120830096,12083000090,1.0000000000
120830097,12083000057,0.0024509804
120830097,12083000089,0.0024509804
120830097,12083000091,0.9926470588
120830097,12083000094,0.0024509804
120830098,12083000057,1.0000000000
120830099,12083000088,1.0000000000
120830100,12083000093,0.0033222591
120830100,12083000094,0.9966777409
120830101,12083000093,0.9967637540
120830101,12083000102,0.0032362460
120830102,12083000085,1.0000000000
120830103,12083000085,0.0361445783
120830103,12083000086,0.9638554217
120830104,12083000095,0.9770114943
120830104,12083000099,0.0229885057
120830105,12083000099,1.0000000000
120830106,12083000087,0.0555555556
120830106,12083000099,0.9444444444
120830107,12083000099,1.0000000000
120830108,12083000099,1.0000000000
120830109,12083000096,1.0000000000
120830110,12083000096,1.0000000000
120830111,12083000093,0.0104166667
120830111,12083000098,0.9583333333
120830111,12083000102,0.0312500000
120830112,12083000100,1.0000000000
120830113,12083000101,0.9523809524
120830113,12083000102,0.0238095238
120830113,12083000109,0.0238095238
120830114,12083000075,0.0833333333
120830114,12083000102,0.9166666667
120830115,12083000103,1.0000000000
120830116,12083000105,1.0000000000
120830117,12083000018,0.0097087379
120830117,12083000047,0.2038834951
120830117,12083000106,0.7864077670
120830118,12083000018,0.0142857143
120830118,12083000106,0.0285714286
120830118,12083000107,0.6142857143
120830118,12083000109,0.3428571429
120830119,12083000108,1.0000000000
120830120,12083000020,0.0281690141
120830120,12083000075,0.0422535211
120830120,12083000102,0.0140845070
120830120,12083000109,0.9154929577
120830121,12083000018,0.1142857143
120830121,12083000107,0.3428571429
120830121,12083000110,0.5428571429
120830122,12083000075,0.5757575758
120830122,12083000111,0.4242424242
120830123,12083000097,1.0000000000
120830124,12083000086,0.1842105263
120830124,12083000104,0.8157894737
120830125,12083000057,0.0476190476
120830125,12083000092,0.9523809524
120850001,12085000001,1.0000000000
120850002,12085000003,0.9628785371
120850002,12085000063,0.0371214629
120850003,12085000003,0.9895833333
120850003,12085000055,0.0104166667
120850004,12085000025,0.2640802217
120850004,12085000055,0.7359197783
120850005,12085000005,0.9259259259
120850005,12085000063,0.0185185185
120850005,12085000100,0.0555555556
120850006,12085000101,1.0000000000
120850007,12085000042,0.3724137931
120850007,12085000063,0.1309288538
120850007,12085000100,0.4966573531
120850008,12085000026,0.0129709867
120850008,12085000050,0.0123456790
120850008,12085000061,0.0002812034
120850008,12085000102,0.9744021309
120850009,12085000050,1.0000000000
120850010,12085000050,0.9972426471
120850010,12085000061,0.0027573529
120850011,12085000026,0.9819420996
120850011,12085000038,0.0166666667
120850011,12085000102,0.0013912338
120850012,12085000001,0.0131670100
120850012,12085000012,0.9868329900
120850013,12085000003,0.0976098436
120850013,12085000013,0.8760743669
120850013,12085000049,0.0263157895
120850014,12085000014,1.0000000000
120850015,12085000040,0.0204081633
120850015,12085000043,0.9081962907
120850015,12085000050,0.0611914644
120850015,12085000066,0.0102040816
120850016,12085000003,1.0000000000
120850017,12085000001,0.9999161158
120850017,12085000027,0.0000838842
120850018,12085000001,0.6154012438
120850018,12085000055,0.3845987562
120850019,12085000100,1.0000000000
120850020,12085000050,0.0119047619
120850020,12085000061,0.9880952381
120850021,12085000061,1.0000000000
120850022,12085000061,1.0000000000
120850023,12085000015,0.9999806678
120850023,12085000066,0.0000193322
120850024,12085000015,0.6153846154
120850024,12085000043,0.3846153846
120850025,12085000025,1.0000000000
120850026,12085000026,1.0000000000
120850027,12085000027,0.7284346231
120850027,12085000055,0.2715653769
120850028,12085000028,1.0000000000
120850029,12085000100,1.0000000000
120850030,12085000030,0.9354838710
120850030,12085000101,0.0645161290
120850031,12085000030,1.0000000000
120850032,12085000014,0.0303030303
120850032,12085000030,0.9696969697
120850033,12085000014,0.0266666667
120850033,12085000030,0.9466666667
120850033,12085000045,0.0266666667
120850034,12085000003,0.8734405663
120850034,12085000005,0.1265594337
120850035,12085000035,0.9500000000
120850035,12085000045,0.0500000000
120850036,12085000045,1.0000000000
120850037,12085000045,1.0000000000
120850038,12085000038,0.9914321866
120850038,12085000102,0.0085678134
120850039,12085000039,1.0000000000
120850040,12085000040,0.9333333333
120850040,12085000043,0.0666666667
120850041,12085000026,0.4155844156
120850041,12085000050,0.5454545455
120850041,12085000066,0.0389610390
120850042,12085000042,0.9718309859
120850042,12085000063,0.0281690141
120850043,12085000042,0.2500000000
120850043,12085000043,0.7500000000
120850044,12085000001,0.0186931223
120850044,12085000027,0.9813068777
120850045,12085000035,0.0163043478
120850045,12085000045,0.9836956522
120850046,12085000014,0.0393728658
120850046,12085000030,0.0157480315
120850046,12085000045,0.9448791027
120850047,12085000045,1.0000000000
120850048,12085000013,0.3076923077
120850048,12085000049,0.6923076923
120850049,12085000013,0.0232558140
120850049,12085000049,0.9767441860
120850050,12085000050,0.9857650014
120850050,12085000066,0.0142349986
120850051,12085000050,1.0000000000
120850052,12085000026,0.5156250000
120850052,12085000102,0.4843750000
120850053,12085000026,0.0013331773
120850053,12085000038,0.2898060633
120850053,12085000039,0.7088607595
120850054,12085000101,1.0000000000
120850055,12085000025,0.3039709775
120850055,12085000055,0.6960290225
120850056,12085000014,0.9122807018
120850056,12085000030,0.0877192982
120850057,12085000014,0.8750000000
120850057,12085000045,0.1250000000
120850058,12085000013,0.4939184577
120850058,12085000040,0.4943168364
120850058,12085000043,0.0117647059
120850059,12085000050,0.1107302485
120850059,12085000061,0.8890215762
120850059,12099000070,0.0002481753
120850060,12085000061,1.0000000000
120850061,12085000061,1.0000000000
120850062,12085000063,1.0000000000
120850063,12085000003,0.0527119829
120850063,12085000013,0.0175438596
120850063,12085000063,0.9297441575
120850064,12085000043,0.9330739025
120850064,12085000063,0.0669260975
120850065,12085000005,0.0312548531
120850065,12085000065,0.9687451469
120850066,12085000050,0.1340393735
120850066,12085000066,0.8659606265
120850067,12085000049,1.0000000000
120850068,12085000101,1.0000000000
120850069,12085000015,0.0567201478
120850069,12085000066,0.9432798522
120850070,12085000014,0.9696969697
120850070,12085000030,0.0303030303
120850071,12085000100,1.0000000000
120850072,12085000042,0.0217391304
120850072,12085000063,0.9782608696
120860001,12086000001,1.0000000000
120860002,12086000001,0.0357142857
120860002,12086000067,0.9642857143
120860003,12086000002,1.0000000000
120860004,12086000003,1.0000000000
120860005,12086000003,1.0000000000
120860006,12086000004,1.0000000000
120860007,12086000004,1.0000000000
120860008,12086000005,1.0000000000
120860010,12086000068,1.0000000000
120860011,12086000005,0.9850966451
120860011,12086000068,0.0149033549
120860012,12086000006,0.9916985997
120860012,12086000007,0.0060123007
120860012,12086000068,0.0022890996
120860013,12086000007,0.6428571429
120860013,12086000008,0.3571428571
120860014,12086000009,0.9903266455
120860014,12086000010,0.0096733545
120860015,12086000009,0.0911617455
120860015,12086000010,0.9088382545
120860016,12086000011,0.9723121617
120860016,12086000013,0.0276878383
120860017,12086000013,1.0000000000
120860018,12086000014,1.0000000000
120860019,12086000015,0.8947368421
120860019,12086000018,0.1052631579
120860020,12086000016,0.4332824654
120860020,12086000017,0.5667175346
120860021,12086000018,0.7301587302
120860021,12086000019,0.2698412698
120860022,12086000020,1.0000000000
120860023,12086000014,0.4210526316
120860023,12086000020,0.5789473684
120860024,12086000020,1.0000000000
120860025,12086000020,0.0909090909
120860025,12086000023,0.9090909091
120860026,12086000024,1.0000000000
120860027,12086000025,1.0000000000
120860028,12086000028,1.0000000000
120860029,12086000032,1.0000000000
120860030,12086000028,1.0000000000
120860031,12086000029,1.0000000000
120860032,12086000029,0.0200000000
120860032,12086000030,0.9800000000
120860033,12086000030,1.0000000000
120860034,12086000031,1.0000000000
120860035,12086000032,1.0000000000
120860036,12086000033,1.0000000000
120860037,12086000042,1.0000000000
120860038,12086000030,0.0789473684
120860038,12086000031,0.0938355714
120860038,12086000033,0.8272170602
120860039,12086000036,1.0000000000
120860040,12086000037,1.0000000000
120860041,12086000037,1.0000000000
120860042,12086000038,1.0000000000
120860043,12086000036,1.0000000000
120860044,12086000040,1.0000000000
120860045,12086000040,1.0000000000
120860046,12086000041,1.0000000000
120860047,12086000042,1.0000000000
120860048,12086000043,1.0000000000
120860049,12086000043,1.0000000000
120860050,12086000031,1.0000000000
120860051,12086000041,1.0000000000
120860052,12086000047,1.0000000000
120860053,12086000047,0.8876729183
120860053,12086000048,0.1123270817
120860054,12086000048,1.0000000000
120860055,12086000051,1.0000000000
120860056,12086000051,1.0000000000
120860057,12086000051,1.0000000000
120860058,12086000051,0.0311006817
120860058,12086000052,0.9465586162
120860058,12086000582,0.0223407022
120860059,12086000051,0.1590594711
120860059,12086000052,0.8409405289
120860060,12086000033,1.0000000000
120860061,12086000101,1.0000000000
120860062,12086000102,1.0000000000
120860063,12086000102,1.0000000000
120860064,12086000102,1.0000000000
120860065,12086000102,1.0000000000
120860066,12086000102,1.0000000000
120860067,12086000102,1.0000000000
120860068,12086000102,1.0000000000
120860069,12086000102,1.0000000000
120860070,12086000102,1.0000000000
120860071,12086000102,1.0000000000
120860072,12086000102,1.0000000000
120860073,12086000103,1.0000000000
120860074,12086000103,1.0000000000
120860075,12086000103,1.0000000000
120860076,12086000103,1.0000000000
120860077,12086000103,1.0000000000
120860078,12086000103,1.0000000000
120860079,12086000103,1.0000000000
120860080,12086000103,1.0000000000
120860081,12086000104,0.1428571429
120860081,12086000110,0.8428571429
120860081,12086001101,0.0142857143
120860082,12086000104,1.0000000000
120860083,12086000105,1.0000000000
120860084,12086000106,0.9000000000
120860084,12086001071,0.1000000000
120860085,12086000106,1.0000000000
120860086,12086000106,1.0000000000
120860087,12086000106,1.0000000000
120860088,12086001071,1.0000000000
120860089,12086001070,0.2500000000
120860089,12086001071,0.7500000000
120860090,12086001071,1.0000000000
120860091,12086001071,1.0000000000
120860092,12086000108,1.0000000000
120860093,12086000108,1.0000000000
120860094,12086000108,1.0000000000
120860095,12086000108,1.0000000000
120860096,12086000108,1.0000000000
120860097,12086000109,0.7158731237
120860097,12086000111,0.0113996036
120860097,12086000114,0.2727272727
120860098,12086000109,1.0000000000
120860099,12086000109,1.0000000000
120860100,12086000114,1.0000000000
120860101,12086000114,1.0000000000
120860102,12086000109,0.3432021398
120860102,12086000114,0.6567978601
120860103,12086000109,1.0000000000
120860104,12086000109,1.0000000000
120860105,12086000109,1.0000000000
120860106,12086000109,1.0000000000
120860107,12086000123,1.0000000000
120860108,12086000099,0.1967480477
120860108,12086000111,0.7298755252
120860108,12086000112,0.0733764272
120860109,12086000111,1.0000000000
120860110,12086000111,1.0000000000
120860111,12086000111,1.0000000000
120860112,12086000099,1.0000000000
120860113,12086000111,1.0000000000
120860114,12086000111,1.0000000000
120860115,12086000111,1.0000000000
120860116,12086000111,1.0000000000
120860117,12086000111,1.0000000000
120860118,12086000111,0.6666666667
120860118,12086000112,0.3333333333
120860119,12086000112,0.5000000000
120860119,12086000113,0.5000000000
120860120,12086000112,0.8333333333
120860120,12086000113,0.1666666667
120860121,12086000113,1.0000000000
120860122,12086000113,1.0000000000
120860123,12086000115,0.9909090909
120860123,12086000121,0.0090909091
120860124,12086000116,0.9117647059
120860124,12086000123,0.0294670767
120860124,12086001071,0.0587682174
120860125,12086000117,0.9007907142
120860125,12086000166,0.0847457627
120860125,12086000212,0.0144635231
120860126,12086000118,1.0000000000
120860127,12086000119,1.0000000000
120860128,12086000120,1.0000000000
120860129,12086000121,0.9677419355
120860129,12086000123,0.0322580645
120860130,12086000123,1.0000000000
120860131,12086000123,1.0000000000
120860132,12086000113,0.0002675597
120860132,12086000124,0.9959374668
120860132,12086000146,0.0037949734
120860133,12086000113,0.0136318875
120860133,12086000124,0.9863681125
120860134,12086000123,0.3465319247
120860134,12086000125,0.4000000000
120860134,12086000127,0.0447061318
120860134,12086000146,0.2087619435
120860135,12086000123,0.0625000000
120860135,12086000125,0.9372488052
120860135,12086000146,0.0002511948
120860136,12086000122,0.0468750000
120860136,12086000126,0.9531250000
120860137,12086000127,1.0000000000
120860138,12086000128,1.0000000000
120860139,12086000117,0.0000631097
120860139,12086000129,0.9993710916
120860139,12086002390,0.0005657987
120860140,12086000130,0.9285714286
120860140,12086001820,0.0142857143
120860140,12086001821,0.0571428571
120860141,12086000130,1.0000000000
120860142,12086000131,1.0000000000
120860143,12086000131,1.0000000000
120860144,12086000133,1.0000000000
120860145,12086000123,1.0000000000
120860146,12086000133,0.0851063830
120860146,12086000134,0.3546099291
120860146,12086000135,0.5531914894
120860146,12086000242,0.0070921986
120860147,12086000136,1.0000000000
120860148,12086000137,0.8888888889
120860148,12086000139,0.1111111111
120860149,12086000137,0.9999560011
120860149,12086000144,0.0000439989
120860150,12086000130,0.0434782609
120860150,12086001380,0.9221281326
120860150,12086001381,0.0343936065
120860151,12086000139,1.0000000000
120860152,12086000128,0.0966301152
120860152,12086000140,0.9033698848
120860153,12086000141,1.0000000000
120860154,12086000142,0.9811320755
120860154,12086000151,0.0188679245
120860155,12086000123,0.0243902439
120860155,12086000143,0.9756097561
120860156,12086000143,1.0000000000
120860157,12086000143,1.0000000000
120860158,12086000143,0.9117647059
120860158,12086000171,0.0588235294
120860158,12086000175,0.0294117647
120860159,12086000143,0.0181894011
120860159,12086000145,0.9818105989
120860160,12086000004,0.0061320245
120860160,12086000123,0.0121951220
120860160,12086000124,0.0920131831
120860160,12086000146,0.8896596704
120860161,12086000146,1.0000000000
120860162,12086000146,1.0000000000
120860163,12086000148,1.0000000000
120860164,12086000148,1.0000000000
120860165,12086000148,0.0004853098
120860165,12086000149,0.9995146902
120860166,12086000149,1.0000000000
120860167,12086000149,1.0000000000
120860168,12086000150,0.4333333333
120860168,12086000164,0.5666666667
120860169,12086000150,1.0000000000
120860170,12086000150,1.0000000000
120860171,12086000164,1.0000000000
120860172,12086000151,0.2625000000
120860172,12086000177,0.7375000000
120860173,12086000137,0.0282610118
120860173,12086000144,0.0384056548
120860173,12086000152,0.9333333333
120860174,12086000152,1.0000000000
120860175,12086000144,0.1323529412
120860175,12086000153,0.0588235294
120860175,12086000154,0.0735294118
120860175,12086000160,0.4852941176
120860175,12086000163,0.2500000000
120860176,12086000463,1.0000000000
120860177,12086000463,1.0000000000
120860178,12086000463,1.0000000000
120860179,12086000154,1.0000000000
120860180,12086000154,1.0000000000
120860181,12086000155,1.0000000000
120860182,12086000155,1.0000000000
120860183,12086000156,1.0000000000
120860184,12086000157,1.0000000000
120860185,12086000155,0.0625000000
120860185,12086000158,0.9375000000
120860186,12086000069,1.0000000000
120860187,12086000158,1.0000000000
120860188,12086000159,0.9591836735
120860188,12086000162,0.0199676525
120860188,12086001610,0.0208486740
120860189,12086000159,1.0000000000
120860190,12086000159,0.8666666667
120860190,12086000978,0.1333333333
120860191,12086001610,1.0000000000
120860192,12086000162,0.9858558101
120860192,12086002510,0.0141441899
120860193,12086000162,0.9895858758
120860193,12086002510,0.0104141242
120860194,12086000162,1.0000000000
120860195,12086000164,1.0000000000
120860196,12086000165,0.6363636364
120860196,12086000170,0.0909090909
120860196,12086000171,0.1818181818
120860196,12086000175,0.0909090909
120860197,12086000175,1.0000000000
120860198,12086000175,1.0000000000
120860199,12086000171,1.0000000000
120860200,12086000165,1.0000000000
120860201,12086000165,1.0000000000
120860202,12086000241,1.0000000000
120860203,12086000166,1.0000000000
120860204,12086000150,0.0034191767
120860204,12086000169,0.9965808233
120860205,12086000169,1.0000000000
120860206,12086001380,1.0000000000
120860207,12086000173,0.6000000000
120860207,12086001720,0.4000000000
120860208,12086000174,1.0000000000
120860209,12086000141,1.0000000000
120860210,12086000141,1.0000000000
120860211,12086000176,1.0000000000
120860212,12086000176,1.0000000000
120860213,12086000177,1.0000000000
120860214,12086000152,1.0000000000
120860215,12086000179,1.0000000000
120860216,12086000059,1.0000000000
120860217,12086000157,1.0000000000
120860218,12086000181,1.0000000000
120860219,12086001820,1.0000000000
120860220,12086001610,0.4000000000
120860220,12086001611,0.5000000000
120860220,12086002510,0.1000000000
120860221,12086000102,0.1111111111
120860221,12086000184,0.8888888889
120860222,12086000114,0.0417061442
120860222,12086000184,0.9582938558
120860223,12086000184,1.0000000000
120860224,12086000184,1.0000000000
120860225,12086000184,1.0000000000
120860226,12086000133,1.0000000000
120860227,12086000184,1.0000000000
120860228,12086000187,1.0000000000
120860229,12086000140,1.0000000000
120860230,12086000140,1.0000000000
120860231,12086000201,0.9452054795
120860231,12086000350,0.0547945205
120860232,12086000201,0.8888888889
120860232,12086000272,0.1111111111
120860233,12086000202,1.0000000000
120860234,12086000203,1.0000000000
120860235,12086000203,1.0000000000
120860236,12086000203,1.0000000000
120860237,12086000205,1.0000000000
120860238,12086000205,1.0000000000
120860239,12086000205,1.0000000000
120860240,12086000205,1.0000000000
120860241,1201100W001,0.0303030303
120860241,12086000196,0.1212121212
120860241,12086000206,0.8484848485
120860242,12086000196,1.0000000000
120860243,12086000196,1.0000000000
120860244,12086000196,1.0000000000
120860245,12086000196,1.0000000000
120860246,12086000196,1.0000000000
120860247,12086000206,1.0000000000
120860248,12086000207,1.0000000000
120860249,12086000207,1.0000000000
120860250,12086000207,1.0000000000
120860251,12086000207,1.0000000000
120860252,12086000207,1.0000000000
120860253,12086000207,1.0000000000
120860254,12086000207,1.0000000000
120860255,12086000207,1.0000000000
120860256,12086000207,1.0000000000
120860257,12086000207,1.0000000000
120860258,12086000207,1.0000000000
120860259,12086000207,1.0000000000
120860260,12086000199,0.1363636364
120860260,12086000208,0.8181818182
120860260,12086000212,0.0454545455
120860261,12086000199,1.0000000000
120860262,12086000199,1.0000000000
120860263,12086000209,1.0000000000
120860264,12086000209,1.0000000000
120860265,12086000209,1.0000000000
120860266,12086000209,1.0000000000
120860267,12086000199,0.0196078431
120860267,12086000209,0.0392156863
120860267,12086000210,0.9411764706
120860268,12086000215,0.9729729730
120860268,12086000256,0.0270270270
120860269,12086000212,1.0000000000
120860270,12086000213,0.9743589744
120860270,12086000217,0.0256410256
120860271,12086000213,1.0000000000
120860272,12086000214,1.0000000000
120860273,12086000215,0.8478260870
120860273,12086000216,0.1521739130
120860274,12086000205,0.0185185185
120860274,12086000214,0.0370370370
120860274,12086000216,0.9444444444
120860275,12086000217,0.6835443038
120860275,12086000218,0.2997479951
120860275,12086000269,0.0125509547
120860275,12086002390,0.0041567464
120860276,12086000218,1.0000000000
120860277,12086000219,1.0000000000
120860278,12086000295,1.0000000000
120860279,12086000221,1.0000000000
120860280,12086000223,1.0000000000
120860281,12086000224,0.8571428571
120860281,12086000225,0.1428571429
120860282,12086000225,1.0000000000
120860283,12086000226,1.0000000000
120860284,12086000227,1.0000000000
120860285,12086000228,1.0000000000
120860286,12086000229,1.0000000000
120860287,12086000230,1.0000000000
120860288,12086000230,1.0000000000
120860289,12086000231,1.0000000000
120860290,12086000232,1.0000000000
120860291,12086000227,0.0116279070
120860291,12086000233,0.9883720930
120860292,12086000234,1.0000000000
120860293,12086000062,1.0000000000
120860294,12086000235,1.0000000000
120860295,12086000236,0.9128807473
120860295,12086000240,0.0871192527
120860296,12086000236,0.1000000000
120860296,12086000237,0.9000000000
120860297,12086000133,1.0000000000
120860298,12086000129,0.0459184506
120860298,12086000269,0.0087719298
120860298,12086000276,0.4210526316
120860298,12086000280,0.0000496322
120860298,12086002390,0.5066634962
120860298,12086002391,0.0175438596
120860299,12086000133,1.0000000000
120860300,12086000240,0.9846153846
120860300,12086001721,0.0153846154
120860301,12086000240,1.0000000000
120860302,12086000240,1.0000000000
120860303,12086000240,0.1313131313
120860303,12086000241,0.8686868687
120860304,12086000242,0.9830709663
120860304,12086000243,0.0169290337
120860305,12086000238,0.9268292683
120860305,12086000243,0.0731707317
120860306,12086000243,1.0000000000
120860307,12086000244,1.0000000000
120860308,12086000244,1.0000000000
120860309,12086000245,1.0000000000
120860310,12086000244,0.7500000000
120860310,12086000245,0.2500000000
120860311,12086000246,1.0000000000
120860312,12086000247,1.0000000000
120860313,12086000246,0.0687022901
120860313,12086002480,0.6106870229
120860313,12086002481,0.3206106870
120860314,12086000249,0.9756097561
120860314,12086000259,0.0243902439
120860315,12086002501,0.7209302326
120860315,12086002502,0.2790697674
120860316,12086002501,1.0000000000
120860317,12086000162,0.0060996780
120860317,12086002510,0.9939003219
120860318,12086002502,0.5735294118
120860318,12086002510,0.2647058824
120860318,12086002511,0.1617647059
120860319,12086000253,0.9473684211
120860319,12086002510,0.0526315789
120860320,12086000253,1.0000000000
120860321,12086000254,1.0000000000
120860322,12086000254,1.0000000000
120860323,12086000254,1.0000000000
120860324,12086000257,0.7192982456
120860324,12086002581,0.2807017544
120860325,1201100Q081,0.0303030303
120860325,12086000256,0.9696969697
120860326,12086000256,1.0000000000
120860327,12086000256,1.0000000000
120860328,12086000257,1.0000000000
120860329,12086002580,0.7582417582
120860329,12086002611,0.2417582418
120860330,12086000249,0.0434782609
120860330,12086000259,0.9565217391
120860331,12086000259,1.0000000000
120860332,12086000259,1.0000000000
120860333,12086000260,0.6875000000
120860333,12086000275,0.3125000000
120860334,12086002610,0.3090909091
120860334,12086002611,0.6909090909
120860335,12086002611,1.0000000000
120860336,12086002610,1.0000000000
120860337,12086000262,1.0000000000
120860338,12086000282,1.0000000000
120860339,12086000282,1.0000000000
120860340,12086000264,1.0000000000
120860341,12086000264,1.0000000000
120860342,12086000265,0.3636363636
120860342,12086000280,0.6363636364
120860343,12086000280,1.0000000000
120860344,12086002660,0.8571428571
120860344,12086002810,0.1428571429
120860345,12086000267,1.0000000000
120860346,12086000178,0.6315789474
120860346,12086000241,0.3684210526
120860347,12086000219,0.0198270168
120860347,12086000269,0.9768145050
120860347,12086002390,0.0033584782
120860348,12086000270,1.0000000000
120860349,12086000270,1.0000000000
120860350,12086000237,0.5483870968
120860350,12086000280,0.4516129032
120860351,12086000272,1.0000000000
120860352,12086000291,1.0000000000
120860353,12086000229,0.0250000000
120860353,12086000274,0.9750000000
120860354,12086000232,1.0000000000
120860355,12086000233,1.0000000000
120860356,12086000278,1.0000000000
120860357,12086000278,1.0000000000
120860358,12086002810,1.0000000000
120860360,12086000280,1.0000000000
120860361,12086002810,0.4642857143
120860361,12086002811,0.4642857143
120860361,12086002812,0.0714285714
120860362,12086002810,1.0000000000
120860363,12086002811,1.0000000000
120860364,12086000282,1.0000000000
120860365,12086000282,1.0000000000
120860366,12086000284,0.3653846154
120860366,12086000285,0.6346153846
120860367,12086000284,1.0000000000
120860368,12086000284,1.0000000000
120860369,12086002811,1.0000000000
120860370,12086002811,1.0000000000
120860371,12086000264,0.5000000000
120860371,12086002661,0.5000000000
120860372,12086002661,1.0000000000
120860373,12086002610,1.0000000000
120860374,12086000288,0.9354838710
120860374,12086000289,0.0645161290
120860375,12086000202,1.0000000000
120860376,12086000272,0.0588235294
120860376,12086000291,0.9411764706
120860377,12086000291,1.0000000000
120860378,12086000224,0.3939393939
120860378,12086000228,0.6060606061
120860379,12086000129,0.0843931638
120860379,12086000213,0.9095813774
120860379,12086000218,0.0058962264
120860379,12086002390,0.0001292324
120860380,12086000222,0.6492337379
120860380,12086000295,0.3507662621
120860381,12086000296,1.0000000000
120860382,12086000296,1.0000000000
120860383,12086000301,1.0000000000
120860384,12086000301,0.3312624806
120860384,12086000302,0.6687375194
120860385,12086000302,1.0000000000
120860386,12086000303,1.0000000000
120860387,12086000303,1.0000000000
120860388,12086000303,1.0000000000
120860389,12086000372,0.0009655377
120860389,12086003000,0.9081253714
120860389,12086003040,0.0909090909
120860390,12086003040,0.3015670653
120860390,12086003041,0.6984329347
120860391,12086003000,0.4128533288
120860391,12086003040,0.5871466712
120860392,12086003001,1.0000000000
120860393,12086003000,0.6666666667
120860393,12086003001,0.3333333333
120860394,12086000351,0.1250000000
120860394,12086000372,0.1250000000
120860394,12086003001,0.7500000000
120860395,12086003000,1.0000000000
120860396,12086003000,1.0000000000
120860397,12086003000,1.0000000000
120860398,12086003000,1.0000000000
120860399,12086000305,1.0000000000
120860400,12086000303,0.0588235294
120860400,12086000306,0.9411764706
120860401,12086000306,1.0000000000
120860402,12086000307,0.9772727273
120860402,12086000312,0.0227272727
120860403,12086000308,1.0000000000
120860404,12086000299,0.6162544520
120860404,12086000309,0.3823529412
120860404,12086000357,0.0013926068
120860405,12086000309,1.0000000000
120860406,12086000309,1.0000000000
120860407,12086000299,1.0000000000
120860408,12086000299,1.0000000000
120860409,12086000309,1.0000000000
120860410,12086000299,1.0000000000
120860411,12086000309,1.0000000000
120860412,12086000310,1.0000000000
120860413,12086000311,1.0000000000
120860414,12086000311,1.0000000000
120860415,12086000311,1.0000000000
120860416,12086000311,1.0000000000
120860417,12086000311,1.0000000000
120860418,12086000312,1.0000000000
120860419,12086000312,1.0000000000
120860420,12086000236,1.0000000000
120860421,12086000236,1.0000000000
120860422,12086000314,0.2857142857
120860422,12086000319,0.7142857143
120860423,12086000315,1.0000000000
120860424,12086000316,1.0000000000
120860425,12086000317,1.0000000000
120860426,12086000318,1.0000000000
120860427,12086000318,0.9780846198
120860427,12086000324,0.0219153802
120860428,12086000318,1.0000000000
120860429,12086000318,1.0000000000
120860430,12086000320,0.9559235546
120860430,12086000357,0.0440764454
120860431,12086000320,1.0000000000
120860432,12086000320,1.0000000000
120860433,12086000321,1.0000000000
120860434,12086000321,1.0000000000
120860435,12086000321,1.0000000000
120860436,12086000321,1.0000000000
120860437,12086000321,1.0000000000
120860438,12086000321,1.0000000000
120860439,12086000322,0.9200000000
120860439,12086000388,0.0800000000
120860440,12086000322,1.0000000000
120860441,12086000322,0.7142857143
120860441,12086000388,0.2857142857
120860442,12086000322,1.0000000000
120860443,12086000323,1.0000000000
120860444,12086000323,1.0000000000
120860445,12086000323,1.0000000000
120860446,12086000324,1.0000000000
120860447,12086000324,1.0000000000
120860448,12086000324,1.0000000000
120860449,12086000325,1.0000000000
120860450,12086000297,0.5294117647
120860450,12086000326,0.4705882353
120860451,12086000327,0.7083333333
120860451,12086000349,0.0833333333
120860451,12086000358,0.2083333333
120860452,12086000327,1.0000000000
120860453,12086000328,1.0000000000
120860454,12086000246,0.0234588107
120860454,12086000331,0.1702127660
120860454,12086000379,0.8063284233
120860455,12086000331,0.8437500000
120860455,12086000379,0.1562500000
120860456,12086000328,0.1694915254
120860456,12086000331,0.8305084746
120860457,12086000331,1.0000000000
120860458,12086000377,1.0000000000
120860459,12086000377,1.0000000000
120860460,12086000377,1.0000000000
120860461,12086000377,1.0000000000
120860462,12086000377,1.0000000000
120860463,12086000333,1.0000000000
120860464,12086000333,0.8888888889
120860464,12086000375,0.1111111111
120860465,12086000333,0.9230769231
120860465,12086000335,0.0769230769
120860466,12086000333,1.0000000000
120860467,12086000332,0.8888888889
120860467,12086000334,0.1111111111
120860468,12086000236,0.1781478375
120860468,12086000391,0.8218521625
120860469,12086000332,0.0004484442
120860469,12086000392,0.9995515558
120860470,12086000332,1.0000000000
120860471,12086000329,0.0229885057
120860471,12086000335,0.6664876244
120860471,12086000336,0.3099908885
120860471,12086000346,0.0003539391
120860471,12086000377,0.0001790423
120860472,12086000336,0.6603379473
120860472,12086000339,0.1250000000
120860472,12086000340,0.2146620527
120860473,12086000336,1.0000000000
120860474,12086000386,1.0000000000
120860475,12086000278,0.0096265139
120860475,12086000337,0.9562825770
120860475,12086000400,0.0340909091
120860476,12086000338,0.3670886076
120860476,12086000381,0.5569620253
120860476,12086000400,0.0759493671
120860477,12086000381,1.0000000000
120860478,12086000336,0.0140845070
120860478,12086000339,0.9859154930
120860479,12086000340,1.0000000000
120860480,12086000340,1.0000000000
120860481,12086000340,1.0000000000
120860482,12086000288,0.0062893082
120860482,12086000347,0.0062893082
120860482,12086000395,0.0503144654
120860482,12086000456,0.0062893082
120860482,12086000556,0.0062893082
120860482,12086003140,0.1064729757
120860482,12086003411,0.0251572327
120860482,12086003450,0.6419546973
120860482,12086003451,0.1509433962
120860483,12086000342,1.0000000000
120860484,12086000343,0.8965517241
120860484,12086003450,0.1034482759
120860485,12086000343,1.0000000000
120860486,12086000343,1.0000000000
120860487,12086000343,1.0000000000
120860488,12086000343,1.0000000000
120860489,12086000298,0.9404761905
120860489,12086000383,0.0595238095
120860490,12086000298,1.0000000000
120860491,12086000344,0.9868421053
120860491,12086000383,0.0131578947
120860492,12086000346,0.9774170082
120860492,12086000383,0.0225829918
120860493,12086000346,1.0000000000
120860494,12086000347,0.9714285714
120860494,12086003450,0.0285714286
120860495,12086000383,0.9333333333
120860495,12086000446,0.0666666667
120860496,12086000347,1.0000000000
120860497,12086000348,1.0000000000
120860498,12086000348,1.0000000000
120860499,12086000349,1.0000000000
120860500,12086000349,1.0000000000
120860501,12086000358,1.0000000000
120860502,12086000358,1.0000000000
120860503,12086000350,1.0000000000
120860504,12086000351,0.8076923077
120860504,12086000356,0.1923076923
120860505,12086000351,1.0000000000
120860506,12086000356,1.0000000000
120860507,12086000356,1.0000000000
120860508,12086000352,1.0000000000
120860509,12086000352,1.0000000000
120860510,12086000330,0.4647887324
120860510,12086000353,0.4788732394
120860510,12086000463,0.0140845070
120860510,1208600463A,0.0422535211
120860511,12086000316,0.0606060606
120860511,12086000354,0.9393939394
120860512,12086000355,1.0000000000
120860513,12086000355,1.0000000000
120860514,12086000348,0.9576997429
120860514,12086000394,0.0423002571
120860515,12086000394,0.9682640205
120860515,12086000453,0.0317359795
120860516,12086000357,1.0000000000
120860517,12086000355,1.0000000000
120860518,12086000359,0.2033898305
120860518,12086000360,0.0338983051
120860518,12086000363,0.1016949153
120860518,12086000384,0.6440677966
120860518,12086000385,0.0169491525
120860519,12086000359,1.0000000000
120860520,12086000384,1.0000000000
120860521,12086000360,1.0000000000
120860522,12086000360,1.0000000000
120860523,12086000360,1.0000000000
120860524,12086000360,1.0000000000
120860525,12086000360,1.0000000000
120860526,12086000333,0.0344827586
120860526,12086000375,0.9655172414
120860527,12086000362,1.0000000000
120860528,12086000362,1.0000000000
120860529,12086000363,1.0000000000
120860530,12086000363,1.0000000000
120860531,12086000363,1.0000000000
120860532,12086000364,1.0000000000
120860533,12086000365,1.0000000000
120860534,12086000365,1.0000000000
120860535,12086000365,1.0000000000
120860536,12086000365,1.0000000000
120860537,12086000366,0.2500000000
120860537,12086000462,0.7500000000
120860538,12086000366,0.8401242597
120860538,12086000965,0.1598757403
120860539,12086000366,1.0000000000
120860540,12086000366,1.0000000000
120860541,12086000366,1.0000000000
120860542,12086000366,1.0000000000
120860543,12086000366,1.0000000000
120860544,12086000366,1.0000000000
120860545,12086000366,1.0000000000
120860546,12086000366,1.0000000000
120860547,12086000366,1.0000000000
120860548,12086000366,1.0000000000
120860549,12086000366,1.0000000000
120860550,12086000366,1.0000000000
120860551,12086000367,0.9230769231
120860551,1208600463A,0.0769230769
120860552,12086000367,1.0000000000
120860553,12086000367,0.7500000000
120860553,1208600463A,0.2500000000
120860554,12086000367,1.0000000000
120860555,12086000348,0.0588235294
120860555,12086000368,0.9411764706
120860556,12086000368,1.0000000000
120860557,12086000368,1.0000000000
120860558,12086000368,1.0000000000
120860559,12086000463,0.0599020217
120860559,12086003690,0.7648640523
120860559,12086003691,0.1752339260
120860560,12086000348,0.3571428571
120860560,12086000368,0.6428571429
120860561,12086003690,1.0000000000
120860562,12086003690,1.0000000000
120860563,12086000303,0.9166666667
120860563,12086000350,0.0833333333
120860564,12086000350,1.0000000000
120860565,12086000303,0.6666666667
120860565,12086000372,0.3333333333
120860566,12086000372,1.0000000000
120860567,12086000372,1.0000000000
120860568,12086000372,1.0000000000
120860569,12086000372,1.0000000000
120860570,12086000352,0.2500000000
120860570,12086000372,0.7500000000
120860571,12086000360,0.0064002871
120860571,12086000363,0.9665726859
120860571,12086003690,0.0270270270
120860572,12086000363,1.0000000000
120860573,12086000363,1.0000000000
120860574,12086000363,1.0000000000
120860575,12086000363,1.0000000000
120860576,12086000375,1.0000000000
120860577,12086000375,1.0000000000
120860578,12086000333,0.5555555556
120860578,12086000375,0.4444444444
120860579,12086000377,1.0000000000
120860580,12086000378,1.0000000000
120860581,12086000319,0.0256410256
120860581,12086000379,0.9743589744
120860582,12086000338,0.6333333333
120860582,12086000339,0.2000000000
120860582,12086000400,0.1666666667
120860583,12086000382,1.0000000000
120860584,12086000382,0.8750000000
120860584,12086000400,0.1238935407
120860584,12086002812,0.0011064593
120860585,12086000400,1.0000000000
120860586,12086000299,0.0030786832
120860586,12086000352,0.1461750481
120860586,12086000363,0.0504644734
120860586,12086000385,0.8002817952
120860587,12086000386,1.0000000000
120860588,12086000387,1.0000000000
120860589,12086000387,1.0000000000
120860590,12086000387,1.0000000000
120860591,12086000387,1.0000000000
120860592,12086000387,1.0000000000
120860593,12086000387,1.0000000000
120860594,12086000388,1.0000000000
120860595,12086000388,1.0000000000
120860596,12086000389,0.9750000000
120860596,12086003690,0.0250000000
120860597,12086000365,0.2011507846
120860597,12086000389,0.6895114783
120860597,12086003690,0.1093377371
120860598,12086000363,0.1333333333
120860598,12086000390,0.8666666667
120860599,12086000390,1.0000000000
120860600,12086000363,0.1666666667
120860600,12086000389,0.1333333333
120860600,12086000390,0.7000000000
120860601,12086000370,0.3957219251
120860601,12086000371,0.1497326203
120860601,12086000373,0.1497326203
120860601,12086000374,0.1963906062
120860601,12086000447,0.0007565585
120860601,12086000468,0.0909000574
120860601,12086000487,0.0160434952
120860601,1208600463A,0.0000083190
120860601,12086004700,0.0007137978
120860602,12086000371,1.0000000000
120860603,12086000371,1.0000000000
120860604,12086000371,1.0000000000
120860605,12086000376,0.5224899500
120860605,12086000402,0.4775100500
120860606,12086000376,0.6309266526
120860606,12086000402,0.3690733474
120860607,12086000411,0.4166666667
120860607,12086000442,0.0501011679
120860607,12086004111,0.5332321654
120860608,12086004111,1.0000000000
120860609,12086004111,1.0000000000
120860610,12086000411,0.5250415053
120860610,12086004111,0.4749584947
120860611,12086000411,1.0000000000
120860612,12086004030,1.0000000000
120860613,12086004031,1.0000000000
120860614,12086004031,0.3333333333
120860614,12086004700,0.6666666667
120860615,12086000396,0.0172413793
120860615,12086000500,0.9821905762
120860615,12086004241,0.0005680445
120860616,12086000396,1.0000000000
120860617,12086000396,1.0000000000
120860618,12086000405,1.0000000000
120860619,12086000405,1.0000000000
120860620,12086000405,1.0000000000
120860621,12086000406,1.0000000000
120860622,12086000406,1.0000000000
120860623,12086000407,1.0000000000
120860624,12086003450,0.1698678617
120860624,12086004700,0.8301321383
120860625,12086004700,1.0000000000
120860626,12086000408,0.5000000000
120860626,12086004700,0.3421052632
120860626,12086004701,0.1578947368
120860627,12086000464,1.0000000000
120860628,12086000409,0.6666666667
120860628,12086000458,0.3333333333
120860629,12086000409,0.3220338983
120860629,12086000410,0.6101694915
120860629,12086000458,0.0677966102
120860630,12086000488,1.0000000000
120860631,12086000409,1.0000000000
120860632,12086000412,0.1127118986
120860632,12086000455,0.2609178052
120860632,12086000487,0.4650232683
120860632,12086000488,0.1613470279
120860633,12086000488,1.0000000000
120860634,12086000488,1.0000000000
120860635,12086000455,0.3034132541
120860635,12086000488,0.6965867460
120860636,12086000455,1.0000000000
120860637,12086000412,1.0000000000
120860638,12086000412,1.0000000000
120860639,12086000412,0.9565217391
120860639,12086000472,0.0434782609
120860640,12086000330,0.1521739130
120860640,12086000414,0.0217391304
120860640,12086000472,0.8260869565
120860641,12086004130,1.0000000000
120860642,12086000706,0.1333333333
120860642,12086004130,0.5333333333
120860642,12086004131,0.3333333333
120860643,12086004130,1.0000000000
120860644,12086000704,0.2500000000
120860644,12086004130,0.7500000000
120860645,12086000414,1.0000000000
120860646,12086000414,0.6400000000
120860646,12086000415,0.3600000000
120860647,12086000415,1.0000000000
120860648,12086000415,1.0000000000
120860649,12086000416,1.0000000000
120860650,12086000416,1.0000000000
120860651,12086000416,1.0000000000
120860652,12086000416,1.0000000000
120860653,12086000466,1.0000000000
120860654,12086000458,1.0000000000
120860655,12086000419,0.2500000000
120860655,12086000471,0.7500000000
120860656,12086000417,0.7894736842
120860656,12086000458,0.2105263158
120860657,12086000417,1.0000000000
120860658,12086000419,0.5769230769
120860658,12086000471,0.4230769231
120860659,12086000417,0.0263157895
120860659,12086000419,0.2894736842
120860659,12086000420,0.6842105263
120860660,12086000420,1.0000000000
120860661,12086000420,1.0000000000
120860662,12086000421,1.0000000000
120860663,12086000418,0.6315789474
120860663,12086000422,0.3684210526
120860664,12086000421,1.0000000000
120860665,12086000418,0.2692307692
120860665,12086000422,0.7307692308
120860666,12086000423,1.0000000000
120860667,12086000427,0.0006840434
120860667,12086004240,0.7239536378
120860667,12086004241,0.2753623188
120860668,12086004240,1.0000000000
120860669,12086000425,0.5287356322
120860669,12086000427,0.4367512078
120860669,12086004240,0.0345131600
120860670,12086000426,1.0000000000
120860671,12086000426,1.0000000000
120860672,12086000426,1.0000000000
120860673,12086000428,1.0000000000
120860674,12086000429,1.0000000000
120860675,12086004300,0.5714285714
120860675,12086004301,0.4285714286
120860676,12086000429,0.0185185185
120860676,12086004310,0.7222222222
120860676,12086004311,0.2592592593
120860677,12086000432,0.9885057471
120860677,12086000433,0.0114942529
120860678,12086000433,1.0000000000
120860679,12086000433,1.0000000000
120860680,12086004340,0.5208333333
120860680,12086004341,0.4791666667
120860681,12086004350,0.6000000000
120860681,12086004351,0.4000000000
120860682,12086004360,0.5957446809
120860682,12086004361,0.4042553191
120860683,12086004370,0.5813953488
120860683,12086004371,0.4186046512
120860684,12086004380,0.5000000000
120860684,12086004381,0.5000000000
120860685,12086004380,1.0000000000
120860686,12086004390,0.2653061224
120860686,12086004391,0.3265306122
120860686,12086004670,0.1836734694
120860686,12086004671,0.2244897959
120860687,12086004401,1.0000000000
120860688,12086000708,0.0370370370
120860688,12086004400,0.9629629630
120860689,12086004401,0.0645161290
120860689,12086004410,0.9354838710
120860690,12086004411,1.0000000000
120860691,12086000442,0.9295388719
120860691,12086003450,0.0704611281
120860692,12086000442,1.0000000000
120860693,12086000442,1.0000000000
120860694,12086000401,0.2638550611
120860694,12086000443,0.5880017080
120860694,12086003450,0.1481432310
120860695,12086000444,1.0000000000
120860696,12086000444,1.0000000000
120860697,12086000444,1.0000000000
120860698,12086000448,1.0000000000
120860699,12086000448,1.0000000000
120860700,12086000448,1.0000000000
120860701,12086000346,0.0135952409
120860701,12086000348,0.0013527968
120860701,12086000383,0.0101521328
120860701,12086000446,0.9748998295
120860702,12086000468,0.0176945095
120860702,12086000487,0.7766477169
120860702,1208600463A,0.2056577736
120860703,12086000370,0.1147540984
120860703,12086000456,0.8852459016
120860704,12086000370,0.0416666667
120860704,12086000445,0.4721023923
120860704,12086000456,0.4861111111
120860704,12086003450,0.0001198299
120860705,12086000374,0.0041749359
120860705,12086000408,0.1052631579
120860705,12086000447,0.7846768289
120860705,12086004700,0.1058850772
120860706,12086000447,1.0000000000
120860707,12086000447,1.0000000000
120860708,12086000448,1.0000000000
120860709,12086000448,1.0000000000
120860710,12086000448,1.0000000000
120860711,12086000448,1.0000000000
120860712,12086000449,1.0000000000
120860713,12086000450,1.0000000000
120860714,12086000450,0.9444444444
120860714,12086000454,0.0555555556
120860715,12086000451,0.9000000000
120860715,12086000705,0.0500000000
120860715,12086000773,0.0500000000
120860716,12086000451,0.9200000000
120860716,12086000773,0.0800000000
120860717,12086000452,1.0000000000
120860718,12086000452,1.0000000000
120860719,12086000452,1.0000000000
120860720,12086000468,1.0000000000
120860721,12086000468,1.0000000000
120860722,12086000468,1.0000000000
120860723,12086000453,0.2428571429
120860723,12086000463,0.7571428571
120860724,12086000348,0.0054945055
120860724,12086000394,0.0274725275
120860724,12086000453,0.5915419644
120860724,12086000468,0.0109890110
120860724,12086000965,0.0054945055
120860724,12086003690,0.0054945055
120860724,1208600463A,0.3535129807
120860725,12086000454,1.0000000000
120860726,12086000454,1.0000000000
120860727,12086000463,1.0000000000
120860728,12086000463,1.0000000000
120860729,12086000463,1.0000000000
120860730,12086000455,0.9998540215
120860730,12086000488,0.0001459785
120860731,12086000412,0.1600000000
120860731,12086000488,0.8400000000
120860732,12086000412,1.0000000000
120860733,12086000376,0.2419354839
120860733,12086000457,0.7419354839
120860733,12086000459,0.0161290323
120860734,12086000459,0.7500000000
120860734,12086000704,0.1000000000
120860734,12086000705,0.1000000000
120860734,12086004130,0.0500000000
120860735,12086000460,1.0000000000
120860736,12086000461,0.7272727273
120860736,12086000469,0.2727272727
120860737,12086007960,1.0000000000
120860738,12086003980,1.0000000000
120860739,12086000469,1.0000000000
120860740,12086000402,0.4561403509
120860740,12086000461,0.5438596491
120860741,12086000462,1.0000000000
120860742,12086000965,1.0000000000
120860743,12086000366,0.1039269715
120860743,12086000965,0.8960730285
120860744,12086000366,1.0000000000
120860745,12086000462,1.0000000000
120860746,12086000462,1.0000000000
120860747,12086000462,1.0000000000
120860748,12086000462,1.0000000000
120860749,12086000462,1.0000000000
120860750,12086000462,1.0000000000
120860751,12086000462,1.0000000000
120860752,12086000462,1.0000000000
120860753,12086000965,1.0000000000
120860754,12086000462,1.0000000000
120860755,12086000965,1.0000000000
120860756,12086000462,1.0000000000
120860757,12086000965,1.0000000000
120860758,12086000965,1.0000000000
120860759,12086000965,1.0000000000
120860760,12086000965,1.0000000000
120860761,12086000366,1.0000000000
120860762,12086000366,0.4666666667
120860762,12086000965,0.5333333333
120860763,12086000366,0.2857142857
120860763,12086000965,0.7142857143
120860764,12086000162,0.0362318841
120860764,12086000498,0.5289855072
120860764,12086000501,0.3478260870
120860764,12086000580,0.0869565217
120860765,12086000069,0.0370370370
120860765,12086000502,0.9629629630
120860766,12086000502,1.0000000000
120860767,12086000503,1.0000000000
120860768,12086000503,1.0000000000
120860769,12086000502,0.0400000000
120860769,12086000504,0.9600000000
120860770,12086000504,1.0000000000
120860771,12086000504,1.0000000000
120860772,12086000505,1.0000000000
120860773,12086000505,1.0000000000
120860774,12086000506,1.0000000000
120860775,12086000506,1.0000000000
120860776,12086000506,0.0212765957
120860776,12086000507,0.9787234043
120860777,12086000507,1.0000000000
120860778,12086000499,0.2790697674
120860778,12086000508,0.7209302326
120860779,12086000508,1.0000000000
120860780,12086000509,0.3750000000
120860780,12086000549,0.2678571429
120860780,12086005500,0.3571428571
120860781,12086000509,0.8888888889
120860781,12086000549,0.0555555556
120860781,12086000551,0.0555555556
120860782,12086000509,1.0000000000
120860783,12086000510,0.8108108108
120860783,12086000548,0.1891891892
120860784,12086000511,0.9318181818
120860784,12086000520,0.0681818182
120860785,12086000512,1.0000000000
120860786,12086000521,1.0000000000
120860787,12086000514,1.0000000000
120860788,12086000506,0.0151515152
120860788,12086000515,0.9848484848
120860789,12086000515,1.0000000000
120860790,12086000516,0.9179105818
120860790,12086000999,0.0820894182
120860791,12086000516,1.0000000000
120860792,12086000517,1.0000000000
120860793,12086000517,1.0000000000
120860794,12086000518,1.0000000000
120860795,12086000519,1.0000000000
120860796,12086000520,0.6829268293
120860796,12086000522,0.3170731707
120860797,12086000520,0.4576271186
120860797,12086000521,0.5423728814
120860798,12086000520,0.0781250000
120860798,12086000522,0.9218750000
120860799,12086000523,0.8571428571
120860799,12086000529,0.1428571429
120860800,12086000524,0.8058356477
120860800,12086000563,0.1499758625
120860800,12086000567,0.0068868826
120860800,12086000993,0.0373016072
120860801,12086000594,1.0000000000
120860802,12086000526,0.4545454545
120860802,12086000545,0.0303030303
120860802,12086000592,0.5151515152
120860803,12086000594,0.5909090909
120860803,12086000595,0.4090909091
120860804,12086000528,1.0000000000
120860805,12086000529,0.9126213592
120860805,12086000535,0.0297295815
120860805,12086000980,0.0576490593
120860806,12086000530,0.9473684211
120860806,12086000540,0.0526315789
120860807,12086000975,0.0263157895
120860807,12086005310,0.9135472132
120860807,12086005311,0.0526315789
120860807,12086005331,0.0075054184
120860808,12086005310,0.9987156511
120860808,12086005331,0.0012843489
120860809,12086005310,1.0000000000
120860810,12086005310,1.0000000000
120860811,12086005310,1.0000000000
120860812,12086005310,1.0000000000
120860813,12086000532,0.8750000000
120860813,12086000587,0.1250000000
120860814,12086000532,1.0000000000
120860815,12086005330,0.0615384615
120860815,12086005331,0.9384615385
120860816,12086005330,1.0000000000
120860817,12086005330,1.0000000000
120860818,12086005342,0.1515151515
120860818,1208600534A,0.8484848485
120860819,12086005340,0.8611111111
120860819,12086005360,0.1388888889
120860820,12086005340,0.5897435897
120860820,12086005360,0.1538461538
120860820,12086005361,0.0256410256
120860820,12086006580,0.2307692308
120860821,12086000518,0.0034123589
120860821,12086000535,0.9965876411
120860822,12086000535,1.0000000000
120860823,12086000976,1.0000000000
120860824,12086005330,0.7179487179
120860824,12086005360,0.2820512821
120860825,12086005361,1.0000000000
120860826,12086000535,0.1142857143
120860826,12086000537,0.8857142857
120860827,12086000538,0.9767441860
120860827,12086000999,0.0232558140
120860828,12086005361,1.0000000000
120860829,12086000541,0.1136363636
120860829,12086000983,0.2954545455
120860829,12086009820,0.1136363636
120860829,12086009840,0.4545454545
120860829,12086009841,0.0227272727
120860830,12086000541,1.0000000000
120860831,12086000542,0.1250000000
120860831,12086006550,0.4062500000
120860831,12086006551,0.2656250000
120860831,12086006560,0.2031250000
120860832,12086000985,0.1428571429
120860832,12086006561,0.8571428571
120860833,12086000543,0.7746478873
120860833,12086000593,0.2253521127
120860834,12086000544,1.0000000000
120860835,12086006590,0.7777777778
120860835,12086006591,0.2222222222
120860836,12086000526,0.0526315789
120860836,12086000545,0.9473684211
120860837,12086000545,1.0000000000
120860838,12086000545,0.9500000000
120860838,12086000592,0.0500000000
120860839,12086000546,1.0000000000
120860840,12086000546,0.6603773585
120860840,12086000582,0.3396226415
120860841,12086000596,1.0000000000
120860842,12086000547,0.2000000000
120860842,12086000596,0.8000000000
120860843,12086000548,1.0000000000
120860844,12086000549,1.0000000000
120860845,12086000509,0.0967741935
120860845,12086005500,0.8387096774
120860845,12086005501,0.0645161290
120860846,12086005500,1.0000000000
120860847,12086000551,1.0000000000
120860848,12086000552,1.0000000000
120860849,12086000552,0.2153846154
120860849,12086000553,0.7846153846
120860850,12086000554,1.0000000000
120860851,12086000465,0.6854367315
120860851,12086000553,0.0002775542
120860851,12086000557,0.3142857143
120860852,12086000551,0.3820947930
120860852,12086000556,0.5513732034
120860852,12086003450,0.0486267966
120860852,12086003451,0.0179052070
120860853,12086000557,1.0000000000
120860854,12086000558,1.0000000000
120860855,12086000559,1.0000000000
120860856,12086000560,0.7234042553
120860856,12086000971,0.1914893617
120860856,12086000974,0.0851063830
120860857,12086000560,0.3333333333
120860857,12086000971,0.6666666667
120860858,12086000561,1.0000000000
120860859,12086000561,1.0000000000
120860860,12086000670,1.0000000000
120860861,12086000547,0.2142857143
120860861,12086000581,0.7857142857
120860862,12086000564,0.8888888889
120860862,12086000570,0.1111111111
120860863,12086000565,0.7884615385
120860863,12086000566,0.0961538462
120860863,12086000669,0.1153846154
120860864,12086000566,0.4761904762
120860864,12086000669,0.5238095238
120860865,12086000563,0.5833333333
120860865,12086000566,0.4166666667
120860866,12086000567,1.0000000000
120860868,12086000995,1.0000000000
120860869,12086000569,0.8348560375
120860869,12086000582,0.1651439625
120860870,12086000570,1.0000000000
120860871,12086000667,1.0000000000
120860872,12086000572,1.0000000000
120860873,12086000573,1.0000000000
120860874,12086000574,1.0000000000
120860875,12086000575,1.0000000000
120860876,12086000575,1.0000000000
120860877,12086000575,1.0000000000
120860878,12086000575,1.0000000000
120860879,12086000576,1.0000000000
120860880,12086000577,0.9666666667
120860880,12086000611,0.0333333333
120860881,12086000561,0.3396226415
120860881,12086000578,0.6603773585
120860882,12086000579,1.0000000000
120860883,12086000254,0.0434782609
120860883,12086000501,0.8260869565
120860883,12086000580,0.1304347826
120860884,12086000582,1.0000000000
120860885,12086000569,0.1250000000
120860885,12086000582,0.8750000000
120860886,12086000582,1.0000000000
120860887,12086000052,0.0052938032
120860887,12086000582,0.9947061968
120860888,12086000582,1.0000000000
120860889,12086000582,1.0000000000
120860890,12086000582,1.0000000000
120860891,12086000582,1.0000000000
120860892,12086000582,1.0000000000
120860893,12086000583,1.0000000000
120860894,12086000583,1.0000000000
120860895,12086000584,1.0000000000
120860896,12086000584,1.0000000000
120860897,12086000584,1.0000000000
120860898,12086000584,1.0000000000
120860899,12086000585,1.0000000000
120860900,12086000585,1.0000000000
120860901,12086000586,1.0000000000
120860902,12086000586,1.0000000000
120860903,12086000586,1.0000000000
120860904,12086000586,1.0000000000
120860905,12086000587,1.0000000000
120860906,12086000583,0.2500000000
120860906,12086000587,0.7500000000
120860907,12086000587,1.0000000000
120860908,12086000532,0.1574246357
120860908,12086000587,0.8425753643
120860909,12086000285,0.0454545455
120860909,12086000589,0.4545454545
120860909,12086005880,0.4090909091
120860909,12086005881,0.0909090909
120860910,12086009810,0.2727272727
120860910,12086009870,0.3636363636
120860910,12086009871,0.3636363636
120860911,12086000990,1.0000000000
120860912,12086000502,1.0000000000
120860913,12086000502,1.0000000000
120860914,12086000502,1.0000000000
120860915,12086005910,0.5869565217
120860915,12086005911,0.4130434783
120860916,12086000504,1.0000000000
120860917,12086000593,1.0000000000
120860918,12086000524,0.0588235294
120860918,12086000571,0.9411764706
120860919,12086000538,0.9500000000
120860919,12086000999,0.0500000000
120860920,12086000512,0.4444444444
120860920,12086000598,0.5555555556
120860921,12086000527,0.3333333333
120860921,12086000528,0.3333333333
120860921,12086000597,0.1666666667
120860921,12086000598,0.1666666667
120860922,12086000599,1.0000000000
120860923,12086000601,1.0000000000
120860924,12086000602,1.0000000000
120860925,12086000602,1.0000000000
120860926,12086000603,0.2244897959
120860926,12086000643,0.7755102041
120860927,12086000604,0.7121212121
120860927,12086000644,0.2878787879
120860928,12086000604,0.0606060606
120860928,12086000607,0.2424242424
120860928,12086000609,0.2424242424
120860928,12086000636,0.4545454545
120860929,12086000607,1.0000000000
120860930,12086000606,0.8518518519
120860930,12086000623,0.1388888889
120860930,12086000642,0.0092592593
120860931,12086000673,1.0000000000
120860932,12086000606,0.1666666667
120860932,12086000673,0.8333333333
120860933,12086000606,1.0000000000
120860934,12086000606,1.0000000000
120860935,12086000607,1.0000000000
120860936,12086000608,1.0000000000
120860937,12086000608,1.0000000000
120860938,12086000604,0.0789473684
120860938,12086000609,0.9210526316
120860939,12086000611,1.0000000000
120860940,12086000612,0.9729729730
120860940,12086000640,0.0270270270
120860941,12086000613,1.0000000000
120860942,12086000613,1.0000000000
120860943,12086000614,1.0000000000
120860944,12086000615,1.0000000000
120860945,12086000616,0.9714285714
120860945,12086000653,0.0285714286
120860946,12086000617,0.9885057471
120860946,12086000626,0.0114942529
120860947,12086000618,1.0000000000
120860948,12086000641,1.0000000000
120860949,12086000651,1.0000000000
120860950,12086000651,0.0002337261
120860950,12086000672,0.9997662739
120860951,12086000651,0.9881830118
120860951,12086000672,0.0118169882
120860952,12086000651,1.0000000000
120860953,12086000651,1.0000000000
120860954,12086000672,1.0000000000
120860955,12086000621,0.9986355164
120860955,12086000673,0.0013644836
120860956,12086000673,1.0000000000
120860957,12086000621,1.0000000000
120860958,12086000621,1.0000000000
120860959,12086000621,1.0000000000
120860960,12086000622,1.0000000000
120860961,12086000606,0.0416666667
120860961,12086000674,0.9583333333
120860962,12086000622,1.0000000000
120860963,12086000674,1.0000000000
120860964,12086000622,1.0000000000
120860965,12086000623,1.0000000000
120860966,12086000625,1.0000000000
120860967,12086000625,1.0000000000
120860968,12086000625,1.0000000000
120860969,12086000625,1.0000000000
120860970,12086000625,1.0000000000
120860971,12086000616,0.0555555556
120860971,12086000626,0.8333333333
120860971,12086000648,0.1111111111
120860972,12086000627,1.0000000000
120860973,12086000628,1.0000000000
120860974,12086000628,1.0000000000
120860975,12086000628,1.0000000000
120860976,12086000618,0.0001359537
120860976,12086000630,0.9998640463
120860977,12086000631,1.0000000000
120860978,12086000632,1.0000000000
120860979,12086000632,1.0000000000
120860980,12086000562,0.0588235294
120860980,12086000633,0.9411764706
120860981,12086000611,0.3000000000
120860981,12086000634,0.7000000000
120860982,12086000586,0.0046822767
120860982,12086000615,0.1000000000
120860982,12086000617,0.1000000000
120860982,12086000635,0.7953177233
120860983,12086000636,1.0000000000
120860985,12086000607,0.1600000000
120860985,12086000636,0.8400000000
120860986,12086000611,1.0000000000
120860987,12086000612,0.1142857143
120860987,12086000613,0.2571428571
120860987,12086000640,0.6285714286
120860988,12086000640,1.0000000000
120860989,12086000611,0.0540540541
120860989,12086000640,0.9459459459
120860990,12086000641,1.0000000000
120860991,12086000641,1.0000000000
120860992,12086000641,1.0000000000
120860993,12086000616,0.0400000000
120860993,12086000625,0.0400000000
120860993,12086000642,0.9200000000
120860994,12086000641,1.0000000000
120860995,12086000618,0.9982946036
120860995,12086000630,0.0017053964
120860996,12086000630,0.5000000000
120860996,12086000646,0.5000000000
120860997,12086000646,1.0000000000
120860998,12086000627,1.0000000000
120860999,12086000627,1.0000000000
120861000,12086000648,1.0000000000
120861001,12086000649,1.0000000000
120861002,12086000650,1.0000000000
120861003,12086000651,1.0000000000
120861004,12086000672,1.0000000000
120861005,12086000651,0.7500000000
120861005,12086000672,0.2500000000
120861007,12086000652,1.0000000000
120861008,12086000674,1.0000000000
120861009,12086000652,1.0000000000
120861010,12086000652,1.0000000000
120861011,12086000652,1.0000000000
120861012,12086000616,0.0370370370
120861012,12086000653,0.9629629630
120861013,12086000399,0.9022104706
120861013,12086000469,0.0977895294
120861014,12086000701,1.0000000000
120861015,12086000697,0.4218252805
120861015,12086000702,0.5781747195
120861016,12086000703,1.0000000000
120861017,12086000703,1.0000000000
120861018,12086000703,1.0000000000
120861019,12086000704,0.7352941176
120861019,12086000706,0.2647058824
120861020,12086000704,0.9000000000
120861020,12086000706,0.1000000000
120861021,12086000705,1.0000000000
120861022,12086000705,1.0000000000
120861023,12086000706,1.0000000000
120861024,12086000708,0.0546474421
120861024,12086000710,0.0286858912
120861024,12086007070,0.8333333333
120861024,12086007071,0.0833333333
120861025,12086007070,0.8333333333
120861025,12086007071,0.1666666667
120861026,12086000708,0.9675791187
120861026,12086000710,0.0324208813
120861027,12086000708,0.9000000000
120861027,12086000710,0.1000000000
120861028,12086000710,1.0000000000
120861029,12086000711,1.0000000000
120861030,12086000712,0.9655172414
120861030,12086004380,0.0344827586
120861031,12086000712,1.0000000000
120861032,12086000713,1.0000000000
120861033,12086000714,0.8750000000
120861033,12086000715,0.1250000000
120861034,12086000715,1.0000000000
120861035,12086000716,1.0000000000
120861036,12086000716,1.0000000000
120861037,12086000716,0.0256410256
120861037,12086000717,0.9743589744
120861038,12086000717,1.0000000000
120861039,12086000718,1.0000000000
120861040,12086007190,1.0000000000
120861041,12086000696,1.0000000000
120861042,12086000696,1.0000000000
120861043,12086000717,0.1025641026
120861043,12086000720,0.7948717949
120861043,12086000723,0.1025641026
120861044,12086000716,0.9999954860
120861044,12086000720,0.0000045140
120861045,12086000720,1.0000000000
120861046,12086000721,1.0000000000
120861047,12086000721,1.0000000000
120861048,12086000726,0.2424242424
120861048,12086000778,0.1515151515
120861048,12086000779,0.6060606061
120861049,12086000723,1.0000000000
120861050,12086000718,1.0000000000
120861051,12086000723,1.0000000000
120861052,12086000725,1.0000000000
120861053,12086000726,0.4137931034
120861053,12086000778,0.5862068966
120861054,12086000727,0.9998258693
120861054,12086000777,0.0001741307
120861055,12086000728,1.0000000000
120861056,12086000729,1.0000000000
120861057,12086000729,1.0000000000
120861058,12086000730,1.0000000000
120861059,12086000726,0.0652173913
120861059,12086000730,0.0434782609
120861059,12086007071,0.0217391304
120861059,12086007310,0.7608695652
120861059,12086007311,0.1086956522
120861060,12086000730,0.2857142857
120861060,12086007310,0.7142857143
120861061,12086000732,0.9285714286
120861061,12086000772,0.0714285714
120861062,12086000732,1.0000000000
120861063,12086000732,1.0000000000
120861064,12086000733,1.0000000000
120861065,12086000734,0.9600000000
120861065,12086000785,0.0400000000
120861066,12086000735,1.0000000000
120861067,12086000735,1.0000000000
120861068,12086000735,1.0000000000
120861069,12086000800,1.0000000000
120861070,12086000736,1.0000000000
120861071,12086000736,1.0000000000
120861072,12086000737,1.0000000000
120861073,12086000737,1.0000000000
120861074,12086000738,1.0000000000
120861075,12086000738,0.8665695907
120861075,12086000793,0.1334304093
120861076,12086000738,1.0000000000
120861077,12086000739,1.0000000000
120861078,12086000740,1.0000000000
120861079,12086000805,1.0000000000
120861080,12086000741,0.9583333333
120861080,12086000769,0.0416666667
120861081,12086000741,0.9444444444
120861081,12086000769,0.0555555556
120861082,12086007420,0.9113924051
120861082,12086007421,0.0886075949
120861083,12086000699,1.0000000000
120861084,12086007430,0.6530612245
120861084,12086007431,0.3469387755
120861085,12086000744,1.0000000000
120861086,12086000745,1.0000000000
120861087,12086000745,1.0000000000
120861088,12086000746,1.0000000000
120861089,12086000781,1.0000000000
120861090,12086000747,1.0000000000
120861091,12086000747,1.0000000000
120861092,12086000747,1.0000000000
120861093,12086000747,1.0000000000
120861094,12086000748,1.0000000000
120861095,12086000749,1.0000000000
120861096,12086000749,1.0000000000
120861097,12086000747,0.1600000000
120861097,12086000749,0.7600000000
120861097,12086000753,0.0400000000
120861097,12086000755,0.0400000000
120861098,12086000750,0.9583333333
120861098,12086000751,0.0416666667
120861099,12086000750,1.0000000000
120861100,12086000750,0.0888888889
120861100,12086000751,0.9111111111
120861101,12086000751,1.0000000000
120861102,12086000752,1.0000000000
120861103,12086000752,1.0000000000
120861104,12086000753,0.2553191489
120861104,12086000783,0.7446808511
120861105,12086000760,0.3442622951
120861105,12086000783,0.6557377049
120861106,12086000754,1.0000000000
120861107,12086000755,0.6078431373
120861107,12086000771,0.3921568627
120861108,12086000756,1.0000000000
120861109,12086000191,0.1700680272
120861109,12086000757,0.4971243835
120861109,12086000857,0.3328075893
120861110,12086000759,0.0370370370
120861110,12086000857,0.9629629630
120861111,12086000758,0.3661971831
120861111,12086000858,0.6338028169
120861112,12086000695,0.3008130081
120861112,12086000786,0.3252032520
120861112,12086000794,0.3739837398
120861113,12086000191,0.0217391304
120861113,12086000700,0.2447423461
120861113,12086000759,0.7335185234
120861114,12086000760,1.0000000000
120861115,12086000753,0.2424242424
120861115,12086000760,0.7575757576
120861116,12086000761,1.0000000000
120861117,12086000761,1.0000000000
120861118,12086000762,1.0000000000
120861119,12086000761,1.0000000000
120861120,12086000763,1.0000000000
120861121,12086000763,1.0000000000
120861122,12086000764,1.0000000000
120861123,12086000765,1.0000000000
120861124,12086000765,1.0000000000
120861125,12086000765,1.0000000000
120861126,12086000859,1.0000000000
120861127,12086000766,1.0000000000
120861128,12086000759,1.0000000000
120861129,12086000766,1.0000000000
120861130,12086000767,1.0000000000
120861131,12086000767,1.0000000000
120861132,12086000805,1.0000000000
120861133,12086000768,1.0000000000
120861134,12086000769,1.0000000000
120861135,12086000770,1.0000000000
120861136,12086000771,1.0000000000
120861137,12086000771,1.0000000000
120861138,12086000772,1.0000000000
120861139,12086000772,1.0000000000
120861140,12086000773,1.0000000000
120861141,12086000773,1.0000000000
120861142,12086000774,1.0000000000
120861143,12086000784,1.0000000000
120861144,12086000775,1.0000000000
120861145,12086000776,1.0000000000
120861146,12086000727,0.0357142857
120861146,12086000777,0.9642857143
120861147,12086000720,0.0285714286
120861147,12086007190,0.7714285714
120861147,12086007191,0.2000000000
120861148,12086000716,1.0000000000
120861149,12086000744,1.0000000000
120861150,12086000782,1.0000000000
120861151,12086000782,1.0000000000
120861152,12086000745,1.0000000000
120861153,12086000770,1.0000000000
120861154,12086000785,1.0000000000
120861155,12086000785,1.0000000000
120861156,12086000785,1.0000000000
120861157,12086000748,1.0000000000
120861158,12086000748,1.0000000000
120861159,12086000750,1.0000000000
120861160,12086000788,1.0000000000
120861161,12086000759,1.0000000000
120861162,12086000790,1.0000000000
120861163,12086000759,1.0000000000
120861164,12086000789,0.9230769231
120861164,12086000970,0.0769230769
120861165,12086000794,0.0217391304
120861165,12086007870,0.7826086957
120861165,12086007871,0.1956521739
120861166,12086000769,0.0689655172
120861166,12086000792,0.9310344828
120861167,12086000741,0.1538461538
120861167,12086000792,0.8461538462
120861168,12086000693,0.5500000000
120861168,12086000694,0.4500000000
120861169,12086000793,1.0000000000
120861170,12086000759,0.0444444444
120861170,12086000762,0.0444444444
120861170,12086000835,0.0222222222
120861170,12086007960,0.6444444444
120861170,12086007961,0.2444444444
120861171,12086000461,0.0215053763
120861171,12086000797,0.5591397849
120861171,12086000798,0.4193548387
120861172,12086000798,1.0000000000
120861173,12086000198,0.5190074588
120861173,12086000200,0.4637511619
120861173,12086000695,0.0172413793
120861174,12086000198,0.0800000000
120861174,12086000776,0.4000000000
120861174,12086000841,0.5200000000
120861175,12086000791,0.4103162667
120861175,12086000801,0.5896837333
120861176,12086000801,1.0000000000
120861177,12086000802,1.0000000000
120861178,12086000803,1.0000000000
120861179,12086000804,1.0000000000
120861180,12086000840,1.0000000000
120861181,12086000820,1.0000000000
120861182,12086000820,1.0000000000
120861183,12086000806,0.9827852312
120861183,12086000810,0.0172147688
120861184,12086000807,1.0000000000
120861185,12086000808,0.6976744186
120861185,12086000810,0.3023255814
120861186,12086000618,0.0833333333
120861186,12086000809,0.8750000000
120861186,12086000844,0.0208333333
120861186,12086008431,0.0208333333
120861187,12086000809,1.0000000000
120861188,12086000810,1.0000000000
120861189,12086000808,0.0666666667
120861189,12086000809,0.0666666667
120861189,12086000810,0.8666666667
120861190,12086000807,0.5098039216
120861190,12086000808,0.0196078431
120861190,12086000810,0.4705882353
120861191,12086000811,1.0000000000
120861192,12086000812,1.0000000000
120861193,12086000818,1.0000000000
120861194,12086000813,1.0000000000
120861195,12086000813,1.0000000000
120861196,12086000801,0.0389610390
120861196,12086000814,0.5974025974
120861196,12086000860,0.3506493506
120861196,12086007420,0.0129870130
120861197,12086000815,0.6373626374
120861197,12086000841,0.3626373626
120861198,12086000816,1.0000000000
120861199,12086000817,1.0000000000
120861200,12086000818,1.0000000000
120861201,12086000819,0.7910447761
120861201,12086000820,0.2089552239
120861202,12086000811,0.0816663739
120861202,12086000819,0.7040479118
120861202,12086000820,0.2142857143
120861203,12086000820,1.0000000000
120861204,12086000820,1.0000000000
120861205,12086000820,1.0000000000
120861206,12086000821,1.0000000000
120861207,12086000822,1.0000000000
120861208,12086000823,0.6216216216
120861208,12086000847,0.3783783784
120861209,12086000823,1.0000000000
120861210,12086000824,0.4252873563
120861210,12086000825,0.5057471264
120861210,12086008390,0.0114942529
120861210,12086008490,0.0574712644
120861211,12086000825,0.8547720368
120861211,12086000854,0.0001292300
120861211,12086008490,0.1165273046
120861211,12086008491,0.0285714286
120861212,12086000834,1.0000000000
120861213,12086000826,0.9310344828
120861213,12086000851,0.0689655172
120861214,12086000825,0.0172413793
120861214,12086000851,0.6551724138
120861214,12086008270,0.0689655172
120861214,12086008271,0.2586206897
120861215,12086000851,0.2631578947
120861215,12086008270,0.7368421053
120861216,12086008290,1.0000000000
120861217,12086000846,1.0000000000
120861218,12086000848,1.0000000000
120861219,12086000848,1.0000000000
120861220,12086000830,0.5517241379
120861220,12086000831,0.1609195402
120861220,12086000834,0.0114942529
120861220,12086008271,0.1264367816
120861220,12086008291,0.1494252874
120861221,12086000831,0.0425531915
120861221,12086000834,0.0425531915
120861221,12086000961,0.2340425532
120861221,12086000967,0.6808510638
120861222,12086000832,1.0000000000
120861223,12086000823,0.2857142857
120861223,12086000832,0.7142857143
120861224,12086000825,0.1067066284
120861224,12086000833,0.1521244881
120861224,12086000856,0.6514469404
120861224,12086008390,0.0178571429
120861224,12086008391,0.0718648002
120861225,12086000856,1.0000000000
120861226,12086000961,1.0000000000
120861227,12086000969,1.0000000000
120861228,12086000845,0.0050234185
120861228,12086000968,0.0117647059
120861228,12086000969,0.7949765815
120861228,1208600845A,0.0173284876
120861228,1208600969A,0.1709068065
120861229,12086000979,1.0000000000
120861230,12086000463,0.4347835803
120861230,12086000835,0.4782598980
120861230,12086000937,0.0869565217
120861231,12086000836,0.0389342344
120861231,12086000970,0.9406576023
120861231,12086000979,0.0204081633
120861232,12086000979,1.0000000000
120861233,12086000853,0.3620689655
120861233,12086000979,0.6379310345
120861234,12086000937,1.0000000000
120861235,12086000979,1.0000000000
120861236,12086000837,1.0000000000
120861237,12086000811,0.9743589744
120861237,12086000837,0.0256410256
120861238,12086000811,0.0256410256
120861238,12086000837,0.9743589744
120861239,12086000838,1.0000000000
120861240,12086008390,0.7142857143
120861240,12086008391,0.0714285714
120861240,12086008430,0.1785714286
120861240,12086008432,0.0357142857
120861241,12086000840,1.0000000000
120861242,12086000813,0.0147058824
120861242,12086000841,0.9852941176
120861243,12086000812,0.7030873727
120861243,12086000842,0.2969126273
120861244,12086000844,0.8888888889
120861244,12086000957,0.1111111111
120861245,12086000845,0.2156862745
120861245,1208600845A,0.7843137255
120861246,12086000846,1.0000000000
120861247,12086000862,1.0000000000
120861248,12086000482,0.2275461726
120861248,12086000844,0.0000792151
120861248,12086000847,0.0002447031
120861248,12086000957,0.0210902684
120861248,12086008431,0.3760396409
120861248,12086008432,0.3750000000
120861249,12086000847,0.0416666667
120861249,12086000957,0.9583333333
120861250,12086000823,0.0285714286
120861250,12086000847,0.9142857143
120861250,12086000862,0.0571428571
120861251,12086000832,0.0021735576
120861251,12086000847,0.9978264424
120861252,12086000848,1.0000000000
120861253,12086000848,1.0000000000
120861254,12086000618,0.1365284159
120861254,12086000850,0.8634715841
120861255,12086000852,0.1395348837
120861255,12086000960,0.4186046512
120861255,12086000966,0.4418604651
120861256,12086000853,0.9591836735
120861256,12086000979,0.0408163265
120861257,12086000979,1.0000000000
120861258,12086000854,1.0000000000
120861259,12086000901,1.0000000000
120861260,12086000924,1.0000000000
120861261,12086000924,0.9846153846
120861261,12086000979,0.0153846154
120861262,12086000930,0.9871794872
120861262,12086000935,0.0128205128
120861263,12086000901,1.0000000000
120861264,12086000901,0.9672131148
120861264,12086000979,0.0327868852
120861265,12086000930,1.0000000000
120861266,12086000913,0.2297297297
120861266,12086000914,0.3378378378
120861266,12086000941,0.4324324324
120861267,12086000848,0.2625000000
120861267,12086000900,0.7375000000
120861268,12086000903,0.9984976721
120861268,12086000913,0.0015023279
120861269,12086000903,1.0000000000
120861270,12086000903,1.0000000000
120861271,12086000903,1.0000000000
120861272,12086000167,0.1500000000
120861272,12086000904,0.8500000000
120861273,12086000904,1.0000000000
120861274,12086000904,1.0000000000
120861275,12086000890,0.6000000000
120861275,12086000904,0.2000000000
120861275,12086000947,0.2000000000
120861276,12086000891,0.2695035461
120861276,12086000894,0.0195192994
120861276,12086000905,0.5762253815
120861276,12086000938,0.1347517730
120861277,12086000890,1.0000000000
120861278,12086000891,1.0000000000
120861279,12086000891,0.5609756098
120861279,12086000905,0.4390243902
120861280,12086000905,1.0000000000
120861281,12086000905,1.0000000000
120861282,12086000891,1.0000000000
120861283,12086000890,1.0000000000
120861284,12086000890,1.0000000000
120861285,12086000890,1.0000000000
120861286,12086000889,1.0000000000
120861287,12086000889,0.4250000000
120861287,12086000891,0.5750000000
120861288,12086000891,1.0000000000
120861289,12086000891,1.0000000000
120861290,12086000167,0.2500000000
120861290,12086000889,0.7500000000
120861291,12086000907,0.7097036298
120861291,12086000948,0.2902963702
120861292,12086000893,0.3076923077
120861292,12086000894,0.6923076923
120861293,12086000895,0.1333333333
120861293,12086000919,0.3333333333
120861293,12086000923,0.1333333333
120861293,12086000950,0.4000000000
120861294,12086000895,0.4123682168
120861294,12086000919,0.5876317832
120861295,12086000897,1.0000000000
120861296,12086000907,0.9090909091
120861296,12086000949,0.0909090909
120861297,12086000892,0.8000000000
120861297,12086000897,0.2000000000
120861298,12086000907,1.0000000000
120861299,12086000896,0.2500000000
120861299,12086000907,0.7500000000
120861300,12086000903,1.0000000000
120861301,12086000903,1.0000000000
120861302,12086000903,1.0000000000
120861303,12086000909,1.0000000000
120861304,12086000909,1.0000000000
120861305,12086000909,1.0000000000
120861306,12086000909,1.0000000000
120861307,12086000909,1.0000000000
120861308,12086000909,1.0000000000
120861309,12086000909,1.0000000000
120861310,12086000910,1.0000000000
120861311,12086000910,0.6202512652
120861311,12086000940,0.3797487348
120861312,12086000910,0.3473794524
120861312,12086000911,0.6526205476
120861313,12086000910,1.0000000000
120861314,12086000911,1.0000000000
120861315,12086000911,1.0000000000
120861316,12086000903,0.0909090909
120861316,12086000913,0.8636363636
120861316,12086000944,0.0454545455
120861317,12086000913,0.9876543210
120861317,12086000953,0.0123456790
120861318,12086000913,0.6153846154
120861318,12086000953,0.3846153846
120861319,12086000914,1.0000000000
120861320,12086000914,1.0000000000
120861321,12086000914,1.0000000000
120861322,12086000914,0.0001718126
120861322,12086000915,0.9998072484
120861322,12086000953,0.0000209390
120861323,12086000915,0.7647058824
120861323,12086000916,0.2352941176
120861324,12086000916,0.6796120908
120861324,12086000936,0.3203879092
120861325,12086000916,1.0000000000
120861326,12086000916,0.2500000000
120861326,12086000936,0.7500000000
120861327,12086000916,1.0000000000
120861328,12086000918,1.0000000000
120861329,12086000906,0.6514339055
120861329,12086000959,0.3485660945
120861330,12086000906,1.0000000000
120861331,12086000918,1.0000000000
120861332,12086000918,1.0000000000
120861333,12086000923,1.0000000000
120861334,12086000948,1.0000000000
120861335,12086000923,1.0000000000
120861336,12086000923,0.0285714286
120861336,12086000928,0.9714285714
120861337,12086000920,1.0000000000
120861338,12086000920,0.9411764706
120861338,12086000936,0.0588235294
120861339,12086000920,0.8888888889
120861339,12086000936,0.1111111111
120861340,12086000920,1.0000000000
120861341,12086000922,0.9523809524
120861341,12086000951,0.0476190476
120861342,12086000951,0.1388888889
120861342,12086000955,0.8611111111
120861343,12086000948,0.2500000000
120861343,12086000951,0.7500000000
120861344,12086000948,0.1304347826
120861344,12086000951,0.8695652174
120861345,12086000900,0.9285714286
120861345,12086000942,0.0714285714
120861346,12086000947,1.0000000000
120861347,12086000947,1.0000000000
120861348,12086000926,1.0000000000
120861349,12086000901,1.0000000000
120861350,12086000901,1.0000000000
120861351,12086000167,0.8250000000
120861351,12086000938,0.1750000000
120861352,12086000889,1.0000000000
120861353,12086000930,0.9615384615
120861353,12086000936,0.0384615385
120861354,12086000930,1.0000000000
120861355,12086000931,1.0000000000
120861356,12086000911,1.0000000000
120861357,12086000167,0.0012540433
120861357,12086000168,0.5090907843
120861357,12086000947,0.4896551724
120861358,12086000168,0.8157894737
120861358,12086000856,0.1842105263
120861359,12086000167,0.6666666667
120861359,12086000482,0.0333333333
120861359,12086000932,0.3000000000
120861360,12086000906,0.5555555556
120861360,12086000916,0.4444444444
120861361,12086000953,1.0000000000
120861362,12086000906,0.5714285714
120861362,12086000916,0.4285714286
120861363,12086000888,0.0897702067
120861363,12086009340,0.9102297933
120861364,12086000959,1.0000000000
120861365,12086000926,0.9047619048
120861365,12086000930,0.0952380952
120861366,12086000933,0.8895705521
120861366,12086000945,0.1042944785
120861366,12086000970,0.0061349693
120861367,12086000935,0.0666666667
120861367,12086000951,0.9333333333
120861368,12086000943,1.0000000000
120861369,12086000943,0.8750000000
120861369,12086000951,0.1250000000
120861370,12086000935,0.9893617021
120861370,12086000938,0.0106382979
120861371,12086000933,0.0975609756
120861371,12086000935,0.9024390244
120861372,12086000935,1.0000000000
120861373,12086000938,0.9956353232
120861373,12086000939,0.0043646768
120861374,12086000951,1.0000000000
120861375,12086000933,0.1372549020
120861375,12086000938,0.8627450980
120861376,12086000938,1.0000000000
120861377,12086000938,1.0000000000
120861378,12086000167,0.0074626866
120861378,12086000482,0.0298507463
120861378,12086000905,0.0373134328
120861378,12086000938,0.9253731343
120861379,12086000938,0.0175438596
120861379,12086000939,0.9729825147
120861379,12087000034,0.0094736257
120861380,12086000940,1.0000000000
120861381,12086000853,0.0000179477
120861381,12086000941,0.9999820523
120861382,12086000941,1.0000000000
120861383,12086000942,1.0000000000
120861384,12086000890,0.3333333333
120861384,12086000942,0.0142132737
120861384,12086000947,0.6524533930
120861385,12086000903,0.0476190476
120861385,12086000913,0.9523809524
120861386,12086000903,0.7500000000
120861386,12086000944,0.2500000000
120861387,12086000911,0.5000000000
120861387,12086000953,0.5000000000
120861388,12086000911,0.6153846154
120861388,12086000940,0.3846153846
120861389,12086000947,1.0000000000
120861390,12086000949,1.0000000000
120861391,12086000907,0.0769230769
120861391,12086000949,0.9230769231
120861392,12086000969,1.0000000000
120861393,12086000900,1.0000000000
120861394,12086000951,1.0000000000
120861395,12086000963,1.0000000000
120861396,12086000922,0.9354838710
120861396,12086000951,0.0645161290
120861397,12086000943,1.0000000000
120861398,12086000848,1.0000000000
120861399,12086000953,1.0000000000
120861400,12086000953,1.0000000000
120861401,12086000911,0.0588235294
120861401,12086000953,0.9411764706
120861402,12086000971,0.0909090909
120861402,12086000974,0.9090909091
120861403,12086000975,0.7965328467
120861403,12086005310,0.0090227088
120861403,12086005311,0.1944444444
120861404,12086000522,1.0000000000
120861405,12086000506,0.1304347826
120861405,12086000515,0.8695652174
120861406,12086000159,0.0370370370
120861406,12086000498,0.1481481481
120861406,12086000505,0.0370370370
120861406,12086000515,0.0185185185
120861406,12086000978,0.7592592593
120861407,12086000980,1.0000000000
120861408,12086009810,1.0000000000
120861409,12086000975,0.0666666667
120861409,12086009810,0.9333333333
120861410,12086009810,0.5000000000
120861410,12086009811,0.5000000000
120861411,12086009810,0.2500000000
120861411,12086009811,0.7500000000
120861412,12086000038,0.0592411097
120861412,12086000047,0.0444444444
120861412,12086000048,0.0296477792
120861412,12086000983,0.6666666667
120861412,12086005342,0.0521990008
120861412,12086006592,0.1478009992
120861413,12086000541,0.0243902439
120861413,12086006581,0.1219512195
120861413,12086009821,0.0487804878
120861413,12086009840,0.4878048780
120861413,12086009841,0.3170731707
120861414,12086000541,0.7898774449
120861414,12086000568,0.2101225551
120861415,12086000985,1.0000000000
120861416,12086000545,0.0666666667
120861416,12086000592,0.9333333333
120861417,12086009871,1.0000000000
120861418,12086000593,1.0000000000
120861419,12086000989,1.0000000000
120861420,12086000503,1.0000000000
120861421,12086009910,1.0000000000
120861422,12086000558,0.8181818182
120861422,12086009911,0.1818181818
120861423,12086000974,0.1250000000
120861423,12086009911,0.8750000000
120861424,12086009911,1.0000000000
120861425,12086009911,1.0000000000
120861426,12086000551,0.2307692308
120861426,12086000556,0.6484606034
120861426,12086003411,0.0920076241
120861426,12086003450,0.0287625418
120861427,12086000556,1.0000000000
120861428,12086000554,0.5990841324
120861428,12086003140,0.0200000000
120861428,12086003450,0.0185340314
120861428,12086009910,0.3623818362
120861429,12086000992,0.2222222222
120861429,12086009910,0.7777777778
120861430,12086000974,1.0000000000
120861431,12086000670,0.0357142857
120861431,12086000994,0.9642857143
120861432,12086000995,1.0000000000
120861433,12086000569,1.0000000000
120861434,12086000624,1.0000000000
120861435,12086000563,0.1065249340
120861435,12086000668,0.1242442967
120861435,12086000995,0.0769230769
120861435,12086000996,0.6923076923
120861436,12086000524,0.3750000000
120861436,12086000993,0.6250000000
120861437,12086000997,1.0000000000
120861438,12086000524,0.1500000000
120861438,12086000582,0.7500000000
120861438,12086000993,0.1000000000
120861439,12086000538,0.1666666667
120861439,12086000999,0.8333333333
120861440,12086000517,0.8000000000
120861440,12086000599,0.2000000000
120861441,12086000002,0.0833333333
120861441,12086000003,0.0118103854
120861441,12086000004,0.0715229479
120861441,12086000005,0.0781869443
120861441,12086000067,0.1666666667
120861441,12086000068,0.4218130557
120861441,12086000ZZZ,0.1666666667
120861442,12086000006,0.3298500348
120861442,12086000068,0.3333333333
120861442,12086000ZZZ,0.3368166319
120861443,12086000ZZZ,1.0000000000
120861444,12086000ZZZ,1.0000000000
120861445,12086000ZZZ,1.0000000000
120861446,12086000ZZZ,1.0000000000
120861447,12086000ZZZ,1.0000000000
120861448,12086000ZZZ,1.0000000000
120861449,12086000ZZZ,1.0000000000
120861450,12086000ZZZ,1.0000000000
120861451,12086000048,0.4000000000
120861451,12086000ZZZ,0.6000000000
120861452,12086000582,1.0000000000
120861453,12086000617,0.1000000000
120861453,12086000938,0.9000000000
120870001,12087000001,0.9819168061
120870001,12087000002,0.0180831939
120870002,12087000002,1.0000000000
120870003,12087000003,1.0000000000
120870004,12087000004,0.9534883721
120870004,12087000007,0.0465116279
120870005,12087000007,0.9767441860
120870005,12087000008,0.0232558140
120870006,12087000007,1.0000000000
120870007,12087000005,1.0000000000
120870008,12087000008,1.0000000000
120870009,12087000009,1.0000000000
120870010,12087000010,1.0000000000
120870011,12087000001,0.0245717690
120870011,12087000011,0.9754282310
120870013,12087000013,1.0000000000
120870014,12087000014,1.0000000000
120870015,12087000015,1.0000000000
120870016,12087000016,1.0000000000
120870017,12087000017,1.0000000000
120870018,12087000017,0.0008253270
120870018,12087000018,0.9991746730
120870019,12087000018,0.0317460317
120870019,12087000019,0.9523809524
120870019,12087000020,0.0158730159
120870020,12087000019,0.0121259198
120870020,12087000020,0.9671088015
120870020,12087000021,0.0207652787
120870021,12087000020,0.0289855072
120870021,12087000021,0.9710117787
120870021,12087000022,0.0000027140
120870022,12087000021,0.0211486029
120870022,12087000022,0.9721847305
120870022,12087000023,0.0066666667
120870023,12087000022,0.3374523130
120870023,12087000023,0.6625476870
120870024,12087000022,0.0045138807
120870024,12087000024,0.9954861193
120870025,12087000025,1.0000000000
120870026,12087000026,1.0000000000
120870027,12087000026,0.0018995288
120870027,12087000027,0.9980981845
120870027,12087000033,0.0000022867
120870028,12087000028,1.0000000000
120870029,12087000028,0.0077975127
120870029,12087000029,0.9844505493
120870029,12087000030,0.0077519380
120870030,12087000029,0.0000768532
120870030,12087000030,0.9989696044
120870030,12087000031,0.0009535424
120870031,12087000030,0.0303346147
120870031,12087000031,0.9462997751
120870031,12087000032,0.0233656102
120870032,12087000031,0.0365889438
120870032,12087000032,0.9634110562
120870033,12087000024,0.0015503876
120870033,12087000033,0.9860465116
120870033,12087000034,0.0124031008
120870034,12087000034,1.0000000000
120870035,12087000002,0.0233953420
120870035,12087000035,0.9766046580
120870036,12087000036,1.0000000000
120870037,12087000037,1.0000000000
120890001,12089010201,0.5000000000
120890001,12089020101,0.1250000000
120890001,12089020102,0.3036154944
120890001,12089020103,0.0713845056
120890002,12089010100,0.0219780220
120890002,12089020300,0.1877250409
120890002,12089020301,0.2188683656
120890002,12089030100,0.5146522076
120890002,12089030102,0.0567763638
120890003,12089010100,0.4134078212
120890003,12089010101,0.0111731844
120890003,12089010200,0.1130165754
120890003,12089010201,0.0378214134
120890003,12089020100,0.1727602250
120890003,12089020101,0.0227705012
120890003,12089020102,0.1521215051
120890003,12089020103,0.0769287742
120890004,12089020300,1.0000000000
120890005,12089020102,0.0769230769
120890005,12089020200,0.9230769231
120890006,12089010100,0.0064516129
120890006,12089010200,0.0041976988
120890006,12089010201,0.0022539141
120890006,12089030100,0.0129032258
120890006,12089030200,0.7790688481
120890006,12089030201,0.1822214745
120890006,12089050100,0.0129032258
120890007,12089020300,0.0002848542
120890007,12089020400,0.5234900033
120890007,12089020401,0.0128078926
120890007,12089020402,0.0027100365
120890007,12089020403,0.0012477540
120890007,12089030100,0.4087018675
120890007,12089030101,0.0102170515
120890007,12089030200,0.0337837838
120890007,12089030300,0.0067567568
120890008,12089030200,0.1071428571
120890008,12089030300,0.8928571429
120890009,12089020300,0.9877625459
120890009,12089020400,0.0122374541
120890010,12089040100,0.9312960120
120890010,12089040101,0.0055171749
120890010,12089040200,0.0604395604
120890010,12089050300,0.0027472527
120890011,12089040200,1.0000000000
120890012,12089040200,0.1261682243
120890012,12089040300,0.8364485981
120890012,12089050300,0.0373831776
120890013,12089040100,0.2269503546
120890013,12089050100,0.7330790707
120890013,12089050101,0.0011012672
120890013,12089050102,0.0207661525
120890013,12089050103,0.0110109564
120890013,12089050300,0.0070921986
120890014,12089050300,1.0000000000
120890015,12089040200,0.1005804484
120890015,12089050100,0.0040322581
120890015,12089050300,0.8347559573
120890015,12089050301,0.0103164666
120890015,12089050302,0.0191554390
120890015,12089050400,0.0311594307
120890016,12089050300,0.0689655172
120890016,12089050400,0.9310344828
120890017,12089040300,0.2615384615
120890017,12089050300,0.0461538462
120890017,12089050400,0.6923076923
120890018,12089050300,0.0512948341
120890018,12089050302,0.9487051659
120890019,12089020402,1.0000000000
120890020,12089020401,1.0000000000
120890021,12089020400,0.0185253933
120890021,12089020403,0.9814746067
120890022,12089020401,1.0000000000
120890023,12089030101,1.0000000000
120890024,12089050101,1.0000000000
120890025,12089050301,1.0000000000
120890026,12089010101,0.3929961089
120890026,12089010200,0.0113940087
120890026,12089010201,0.4059588217
120890026,12089020100,0.0085896430
120890026,12089020101,0.0779485772
120890026,12089020102,0.0069543452
120890026,12089020103,0.0961584953
120890027,12089040100,0.0005310016
120890027,12089040101,0.9994689984
120890028,12089050301,1.0000000000
120910001,12091000001,1.0000000000
120910002,12091000002,1.0000000000
120910003,12091000003,1.0000000000
120910004,12091000004,1.0000000000
120910005,12091000005,1.0000000000
120910006,12091000006,1.0000000000
120910007,12091000006,1.0000000000
120910008,12091000008,1.0000000000
120910009,12091000009,1.0000000000
120910010,12091000009,1.0000000000
120910011,12091000008,0.0000000811
120910011,12091000009,0.9999999189
120910012,12091000012,0.8082323464
120910012,12091000021,0.1917676536
120910013,12091000012,0.9444444444
120910013,12091000071,0.0555555556
120910014,12091000014,1.0000000000
120910015,12091000014,1.0000000000
120910016,12091000014,1.0000000000
120910017,12091000014,1.0000000000
120910018,12091000014,0.6666666667
120910018,12091000047,0.3333333333
120910019,12091000019,0.9739583333
120910019,12091000020,0.0260416667
120910020,12091000020,1.0000000000
120910021,12091000021,0.9883720930
120910021,12091000082,0.0116279070
120910022,12091000012,0.0092592593
120910022,12091000021,0.9907407407
120910023,12091000023,0.8703703704
120910023,12091000052,0.1296296296
120910024,12091000023,1.0000000000
120910025,12091000023,0.0070548533
120910025,12091000025,0.9929451467
120910026,12091000023,0.0000356656
120910026,12091000025,0.9999643344
120910027,12091000027,1.0000000000
120910028,12091000027,0.6096747833
120910028,12091000046,0.0000813143
120910028,12091000060,0.3902439024
120910029,12091000027,0.7391304348
120910029,12091000060,0.2608695652
120910030,12091000030,1.0000000000
120910031,12091000030,0.9999806726
120910031,12091000066,0.0000193274
120910032,12091000032,1.0000000000
120910033,12091000032,0.9761904762
120910033,12091000063,0.0238095238
120910034,12091000034,0.8163265306
120910034,12091000046,0.0102040816
120910034,12091000051,0.1734693878
120910035,12091000035,1.0000000000
120910036,12091000036,1.0000000000
120910037,12091000036,0.9996872643
120910037,12091000067,0.0003127357
120910038,12091000038,1.0000000000
120910039,12091000009,0.0009407338
120910039,12091000014,0.3306326913
120910039,12091000023,0.1975540922
120910039,12091000039,0.2355795022
120910039,12091000043,0.0018814675
120910039,12091000047,0.0000344071
120910039,12091000050,0.0075258702
120910039,12091000052,0.0357478833
120910039,12091000054,0.0009407338
120910039,12091000060,0.0009407338
120910039,12091000071,0.0471118189
120910039,12091000076,0.1411100659
120910040,12091000040,1.0000000000
120910041,12091000040,1.0000000000
120910042,12091000023,0.1521956652
120910042,12091000042,0.6666666667
120910042,12091000052,0.0362318841
120910042,12091000069,0.1449057841
120910043,12091000043,0.8328568328
120910043,12091000065,0.0077228773
120910043,12091000073,0.1594202899
120910044,12091000043,0.3396226415
120910044,12091000065,0.3207547170
120910044,12091000073,0.3396226415
120910045,12091000045,1.0000000000
120910046,12091000032,0.0625000000
120910046,12091000046,0.9375000000
120910047,12091000014,0.1074038047
120910047,12091000032,0.0149253731
120910047,12091000047,0.8776708222
120910048,12091000030,0.3438069239
120910048,12091000047,0.6561930761
120910049,12091000049,1.0000000000
120910050,12091000050,1.0000000000
120910051,12091000034,0.3906250000
120910051,12091000051,0.5939207584
120910051,12091000060,0.0154542416
120910052,12091000042,0.0002099428
120910052,12091000052,0.9997900572
120910053,12091000052,1.0000000000
120910054,12091000054,1.0000000000
120910055,12091000054,0.9142857143
120910055,12091000076,0.0857142857
120910056,12091000056,0.5299743546
120910056,12091000078,0.4700256454
120910057,12091000056,0.7027027027
120910057,12091000070,0.2972972973
120910058,12091000058,0.9974901881
120910058,12091000069,0.0025098119
120910059,12091000025,0.0222222222
120910059,12091000058,0.9777777778
120910060,12091000027,0.0370370370
120910060,12091000060,0.9629629630
120910061,12091000061,1.0000000000
120910062,12091000014,0.0001972540
120910062,12091000061,0.9998027460
120910063,12091000063,1.0000000000
120910064,12091000032,0.3870967742
120910064,12091000063,0.6129032258
120910065,12091000065,1.0000000000
120910066,12091000038,0.3095238095
120910066,12091000066,0.6904761905
120910067,12091000067,0.4013885212
120910067,12091000076,0.5986114788
120910068,12091000067,1.0000000000
120910069,12091000069,1.0000000000
120910070,12091000035,0.3559322034
120910070,12091000056,0.0169491525
120910070,12091000070,0.6271186441
120910071,12091000071,1.0000000000
120910072,12091000071,0.9916666667
120910072,12091000083,0.0083333333
120910073,12091000073,1.0000000000
120910074,12091000042,0.0401210707
120910074,12091000073,0.9598789293
120910075,12091000073,1.0000000000
120910076,12091000076,1.0000000000
120910077,12091000077,1.0000000000
120910078,12091000078,0.7142857143
120910078,12091000080,0.2857142857
120910079,12091000056,0.0250000000
120910079,12091000078,0.8750000000
120910079,12091000080,0.1000000000
120910080,12091000080,1.0000000000
120910081,12091000080,1.0000000000
120910082,12091000082,1.0000000000
120910083,12091000083,1.0000000000
120910084,12091000009,0.0212688451
120910084,12091000083,0.9787311549
120930001,1209300P-01,1.0000000000
120930002,12055000003,0.0047578756
120930002,12055000012,0.0163188041
120930002,1209300P-02,0.9073344185
120930002,1209300P-04,0.0715889018
120930003,1209300P-03,1.0000000000
120930004,1209300P-03,1.0000000000
120930005,1209300P-05,0.9829059829
120930005,1209300P-08,0.0170940171
120930006,1209300P-06,0.0164721738
120930006,1209300P-08,0.9835278262
120930007,1209300P-01,0.4593189388
120930007,1209300P-07,0.5406810612
120930008,1209300P-08,0.9743589744
120930008,1209300P-11,0.0256410256
120930009,1209300P-09,1.0000000000
120930010,1209300P-10,1.0000000000
120930011,12055000018,0.0074759664
120930011,1209300P-08,0.2629829032
120930011,1209300P-11,0.7295411304
120930012,12055000018,0.0291963809
120930012,1209300P-04,0.9708036191
120930013,1209300P-03,0.0354609929
120930013,1209300P-06,0.9645390071
120930014,1209300P-06,0.9774042861
120930014,1209300P-08,0.0225957139
120930015,1209300P-08,1.0000000000
120930016,1209300P-01,0.0720720721
120930016,1209300P-04,0.8828828829
120930016,1209300P-06,0.0175285485
120930016,1209300P-07,0.0275164966
120930017,1209300P-04,0.0181758332
120930017,1209300P-06,0.9818241668
120930018,1209300P-07,0.6957828282
120930018,1209300P-08,0.0018915904
120930018,1209300P-09,0.3023255814
120950001,12095000111,1.0000000000
120950002,12095000611,1.0000000000
120950003,12095000611,0.6666666667
120950003,12095000613,0.3333333333
120950004,12095000104,0.0039666478
120950004,1209500101B,0.9960333522
120950005,12095000114,1.0000000000
120950006,12095000104,0.2436645986
120950006,12095000129,0.0379567302
120950006,1209500105B,0.0310606762
120950006,1209500109A,0.0769230769
120950006,1209500110A,0.4858030225
120950006,1209500110B,0.1245918957
120950007,12095000102,1.0000000000
120950008,1209500101A,1.0000000000
120950009,12095000112,0.8076923077
120950009,12095000114,0.1923076923
120950010,12095000129,0.3137254902
120950010,12095000136,0.6862745098
120950011,12095000113,1.0000000000
120950012,12095000115,0.4736842105
120950012,12095000128,0.5263157895
120950013,12095000113,0.9048409126
120950013,12095000115,0.0951590874
120950014,12095000114,0.0795654936
120950014,12095000115,0.9200000000
120950014,1209500616C,0.0004345064
120950015,12095000127,1.0000000000
120950016,12095000123,0.6306302456
120950016,12095000125,0.3693697544
120950017,12095000117,1.0000000000
120950018,12095000117,0.7428571429
120950018,12095000118,0.2571428571
120950019,12095000218,0.0294117647
120950019,12095000221,0.6470588235
120950019,12095000222,0.3235294118
120950020,12095000118,0.8076923077
120950020,12095000124,0.1923076923
120950021,12095000119,1.0000000000
120950022,12095000121,0.9958244323
120950022,1209500441A,0.0041755677
120950023,12095000104,1.0000000000
120950024,12095000103,0.5076870620
120950024,12095000104,0.2394366197
120950024,12095000111,0.2528763183
120950025,12095000129,1.0000000000
120950026,12095000128,0.7631578947
120950026,12095000129,0.2368421053
120950027,12069000141,0.0000852576
120950027,12095000124,0.0036472322
120950027,12095000133,0.0017761989
120950027,12095000135,0.0160666322
120950027,12095000140,0.0284191829
120950027,1209500126A,0.9414938660
120950027,1209500126Z,0.0085116301
120950028,1209500126A,0.0190195172
120950028,1209500126Z,0.9809804828
120950029,12095000218,0.0784856855
120950029,12095000222,0.5848806511
120950029,12095000223,0.3366336634
120950030,12095000219,0.3030303030
120950030,1209500220A,0.6957730073
120950030,1209500220B,0.0011966897
120950031,12095000219,0.0068493151
120950031,1209500220A,0.9931506849
120950032,12095000106,0.0001320288
120950032,12095000221,0.4866247928
120950032,12095000223,0.5132431784
120950033,12095000218,1.0000000000
120950034,12095000132,0.0051938663
120950034,1209500105B,0.2901554404
120950034,1209500109A,0.4922279793
120950034,1209500109B,0.1968697513
120950034,1209500109Z,0.0155440415
120950034,1209500131A,0.0000089213
120950035,12095000106,0.6392405063
120950035,12095000107,0.3227848101
120950035,12095000132,0.0253164557
120950035,12095000221,0.0126582278
120950036,12095000107,0.4773036910
120950036,1209500105A,0.0076335878
120950036,1209500108A,0.5150627212
120950037,12095000106,0.0691178422
120950037,1209500105A,0.8025620202
120950037,1209500220A,0.1283201376
120950038,1209500108B,1.0000000000
120950039,1209500108A,1.0000000000
120950040,12095000132,0.7827715356
120950040,12095000133,0.0037453184
120950040,1209500138A,0.1985018727
120950040,1209500138B,0.0149812734
120950041,12095000614,1.0000000000
120950042,12095000218,0.0181818182
120950042,12095000219,0.9818181818
120950043,12095000123,0.7041027534
120950043,12095000125,0.2958972466
120950044,12095000122,1.0000000000
120950045,12095000122,1.0000000000
120950046,12095000120,0.2812500000
120950046,1209500137A,0.3437500000
120950046,1209500137B,0.3750000000
120950047,12095000124,1.0000000000
120950048,12095000613,0.7215189873
120950048,1209500612A,0.2784810127
120950049,12095000120,1.0000000000
120950050,12095000116,0.9691976447
120950050,12095000117,0.0225978946
120950050,1209500616B,0.0082044607
120950051,12095000134,0.4796747967
120950051,12095000141,0.3739837398
120950051,1209500130A,0.1463414634
120950052,1209500109B,0.1717846490
120950052,1209500131A,0.0012922741
120950052,1209500131B,0.0028178715
120950052,1209500131C,0.7471821285
120950052,1209500131Z,0.0769230769
120950053,1209500131A,0.5250000000
120950053,1209500131B,0.4652301948
120950053,1209500131C,0.0097698052
120950054,12095000134,0.4053760310
120950054,12095000135,0.5946239690
120950055,12095000133,0.3242114554
120950055,12095000139,0.3970969705
120950055,12095000140,0.0965013240
120950055,1209500126A,0.0004683730
120950055,1209500130A,0.0242424242
120950055,1209500130B,0.0121212121
120950055,1209500131C,0.0665703619
120950055,1209500138B,0.0787878788
120950056,12095000129,0.0177878839
120950056,1209500109A,0.0862068966
120950056,1209500130A,0.3706817327
120950056,1209500130B,0.5253234868
120950057,12095000214,0.0011259178
120950057,1209500201A,0.5319148936
120950057,1209500201B,0.1595744681
120950057,1209500202B,0.2928611996
120950057,1209500202Z,0.0145235209
120950058,12095000510,0.0104166667
120950058,1209500202A,0.8645833333
120950058,1209500202C,0.1250000000
120950059,12095000204,0.1587951040
120950059,12095000207,0.3101028172
120950059,12095000546,0.2772002126
120950059,12095000547,0.2501580751
120950059,12117000034,0.0037437910
120950060,12095000204,1.0000000000
120950061,12095000204,0.0007257864
120950061,12095000205,0.3000000000
120950061,12095000206,0.6992742136
120950062,12095000206,0.0454545455
120950062,12095000207,0.9545454545
120950063,12095000208,1.0000000000
120950064,12095000213,1.0000000000
120950065,12095000214,0.9820623757
120950065,1209500202B,0.0179376243
120950066,12095000212,1.0000000000
120950067,12095000207,0.0058766777
120950067,12095000208,0.7879326515
120950067,12095000210,0.1969696970
120950067,12095000214,0.0002598127
120950067,1209500202C,0.0089611612
120950068,12095000206,0.0266666667
120950068,12095000212,0.0533333333
120950068,12095000213,0.1733333333
120950068,12095000214,0.4800000000
120950068,1209500202C,0.2666666667
120950069,12095000214,0.0047272671
120950069,12095000215,0.9952727329
120950070,12095000215,0.8409090909
120950070,12095000617,0.1590909091
120950071,12095000210,0.6428571429
120950071,12095000224,0.1666666667
120950071,12095000227,0.1904761905
120950072,12095000203,0.6545454545
120950072,12095000213,0.3454545455
120950073,12095000216,0.8666666667
120950073,12095000617,0.1333333333
120950074,12095000617,0.5531914894
120950074,1209500608A,0.4468085106
120950075,12095000229,0.6750000000
120950075,12095000230,0.3250000000
120950076,12095000229,0.7164934741
120950076,12095000235,0.2826086957
120950076,12117000027,0.0008978302
120950077,12095000210,0.0069019608
120950077,12095000227,0.0089930333
120950077,12095000228,0.9761050059
120950077,12095000229,0.0080000000
120950078,12095000210,0.0454545455
120950078,12095000227,0.9545454545
120950079,12095000223,0.0687022901
120950079,12095000224,0.9312977099
120950080,12095000236,0.9836053468
120950080,12095000237,0.0081967213
120950080,12117000018,0.0081979319
120950081,12095000233,0.5384615385
120950081,12095000234,0.4615384615
120950082,12095000226,0.1111111111
120950082,12095000230,0.2722222222
120950082,12095000231,0.6166666667
120950083,12095000226,1.0000000000
120950084,12095000224,0.0260416667
120950084,12095000225,0.8281250000
120950084,12095000226,0.0885416667
120950084,1209500240A,0.0572916667
120950085,12095000209,0.3291139241
120950085,12095000233,0.3164556962
120950085,12095000234,0.3544303797
120950086,12095000232,1.0000000000
120950087,12095000226,0.0685000506
120950087,1209500240A,0.5566821913
120950087,1209500240B,0.3748177581
120950088,12095000238,0.9846153846
120950088,1209500240B,0.0153846154
120950089,12095000239,0.8098591549
120950089,1209500240A,0.1901408451
120950090,12095000217,1.0000000000
120950091,12095000234,1.0000000000
120950092,12095000211,0.6666666667
120950092,12095000212,0.3333333333
120950093,12095000207,0.9761701731
120950093,12095000547,0.0236201393
120950093,12117000033,0.0002096876
120950094,12095000208,1.0000000000
120950095,12095000235,1.0000000000
120950096,12095000209,0.3269230769
120950096,12095000237,0.6730769231
120950097,12095000501,0.3472465758
120950097,12095000549,0.6117291514
120950097,1209500601A,0.0271353839
120950097,1209500601Z,0.0138888889
120950098,12095000501,0.4069767442
120950098,12095000502,0.1976744186
120950098,12095000549,0.3953488372
120950099,12095000325,1.0000000000
120950100,12095000336,1.0000000000
120950101,12095000418,0.5625000000
120950101,12095000438,0.0068578984
120950101,1209500417A,0.4306421016
120950102,12095000303,0.0000614753
120950102,12095000305,0.0000969752
120950102,12095000502,0.9998415495
120950103,12095000502,1.0000000000
120950104,12095000305,0.0328500112
120950104,12095000524,0.7548983180
120950104,1209500525A,0.0102314687
120950104,1209500526B,0.2020202020
120950105,1209500525A,0.9531029473
120950105,1209500525B,0.0347758406
120950105,1209500525Z,0.0121212121
120950106,12095000306,1.0000000000
120950107,12095000305,1.0000000000
120950108,12095000304,1.0000000000
120950109,12095000308,0.7605633803
120950109,1209500526A,0.2394366197
120950110,12095000306,1.0000000000
120950111,12095000304,0.6500000000
120950111,12095000305,0.3500000000
120950112,12095000306,0.0172413793
120950112,12095000307,0.2586206897
120950112,12095000314,0.0172413793
120950112,12095000315,0.0172413793
120950112,12095000340,0.6896551724
120950113,12095000307,1.0000000000
120950114,12095000314,0.8077105662
120950114,12095000315,0.1922894338
120950115,12095000315,1.0000000000
120950116,12095000305,1.0000000000
120950117,12095000324,1.0000000000
120950118,12095000308,0.2100213769
120950118,12095000310,0.0004968955
120950118,12095000341,0.0010201891
120950118,12095000534,0.7884615385
120950119,12095000307,0.0010539763
120950119,12095000309,0.9231884479
120950119,12095000310,0.0757575758
120950120,12095000313,1.0000000000
120950121,12095000314,1.0000000000
120950122,12095000317,0.5348837209
120950122,1209500316A,0.4651162791
120950123,12095000317,0.2750000000
120950123,12095000318,0.4500000000
120950123,1209500319A,0.2750000000
120950124,12095000401,1.0000000000
120950125,12095000310,1.0000000000
120950126,1209500311A,1.0000000000
120950127,1209500312A,1.0000000000
120950128,12095000317,1.0000000000
120950129,12095000307,0.0588235294
120950129,12095000341,0.9411764706
120950130,1209500316A,1.0000000000
120950131,12095000306,0.0017688168
120950131,1209500525A,0.0002946639
120950131,1209500526A,0.3815645166
120950131,1209500526B,0.6163720028
120950132,12095000307,1.0000000000
120950133,12095000306,0.3921568627
120950133,12095000315,0.6078431373
120950134,1209500316A,1.0000000000
120950135,12095000323,0.2549019608
120950135,12095000324,0.3725490196
120950135,12095000336,0.3333333333
120950135,1209500316Z,0.0392156863
120950136,12095000401,1.0000000000
120950137,12095000401,0.1315789474
120950137,12095000402,0.8684210526
120950138,12095000402,1.0000000000
120950139,12095000320,0.0452399864
120950139,12095000321,0.4793501775
120950139,12095000322,0.4754098361
120950140,12095000321,0.1489361702
120950140,12095000322,0.8510638298
120950141,1209500311A,0.0285714286
120950141,1209500311B,0.4000000000
120950141,1209500312A,0.0571428571
120950141,1209500312B,0.5142857143
120950142,12095000302,0.5217391304
120950142,1209500301A,0.3478260870
120950142,1209500342A,0.0124332839
120950142,1209500342Z,0.1180014987
120950143,1209500342A,1.0000000000
120950144,12095000303,0.2000000000
120950144,1209500301B,0.2000000000
120950144,1209500342B,0.6000000000
120950145,12095000302,0.1851851852
120950145,12095000303,0.1296296296
120950145,1209500301A,0.6666666667
120950145,1209500301B,0.0185185185
120950146,12095000302,0.3827160494
120950146,12095000303,0.5308641975
120950146,1209500301A,0.0864197531
120950147,12095000302,0.1459731544
120950147,12095000326,0.2700000000
120950147,12095000327,0.5840268456
120950148,12095000326,0.3636363636
120950148,12095000327,0.4935064935
120950148,1209500330A,0.1428571429
120950149,12095000318,0.9354838710
120950149,12095000320,0.0645161290
120950150,12095000328,0.7012957207
120950150,12095000632,0.0000029806
120950150,1209500630B,0.2987012987
120950151,12095000303,0.9999943532
120950151,12095000304,0.0000056468
120950152,12095000302,0.2500000000
120950152,12095000325,0.4021739130
120950152,12095000326,0.3478260870
120950153,12095000421,1.0000000000
120950154,1209500331A,0.8125000000
120950154,1209500331B,0.1875000000
120950155,12095000422,1.0000000000
120950156,12095000325,0.1282051282
120950156,12095000326,0.1794871795
120950156,12095000337,0.6923076923
120950157,12095000326,0.7362663427
120950157,12095000327,0.2637336573
120950158,12095000326,0.2812500000
120950158,12095000335,0.5000000000
120950158,12095000337,0.2187500000
120950159,12095000327,0.0110558484
120950159,12095000334,0.0008278146
120950159,1209500330A,0.9881163370
120950160,12095000328,0.0769230769
120950160,1209500330B,0.9222819252
120950160,1209500331A,0.0007949979
120950161,12095000424,0.3034678422
120950161,1209500431X,0.0500000000
120950161,1209500441A,0.6465321578
120950162,1209500441B,1.0000000000
120950163,12095000329,0.6944444444
120950163,1209500419A,0.3055555556
120950164,12095000428,1.0000000000
120950165,12095000420,0.4857607909
120950165,12095000426,0.0051483000
120950165,12095000429,0.5090909091
120950166,12095000335,0.0263157895
120950166,12095000336,0.0526315789
120950166,12095000337,0.9210526316
120950167,12095000334,0.7941176471
120950167,12095000335,0.0147058824
120950167,1209500333A,0.1323529412
120950167,1209500333Z,0.0588235294
120950168,12095000332,1.0000000000
120950169,1209500331B,1.0000000000
120950170,12095000323,1.0000000000
120950171,12095000323,0.1724137931
120950171,12095000335,0.7931034483
120950171,12095000338,0.0344827586
120950172,12095000334,0.5094339623
120950172,1209500339A,0.4905660377
120950173,1209500333A,0.8106766215
120950173,1209500333Z,0.0191599245
120950173,1209500419B,0.1203578613
120950173,1209500419Z,0.0498055928
120950174,12095000338,1.0000000000
120950175,12095000321,0.7635959315
120950175,1209500439A,0.0123456790
120950175,1209500439B,0.2240583895
120950176,1209500339A,0.9555555556
120950176,1209500419B,0.0444444444
120950177,12095000425,0.0020283976
120950177,1209500419A,0.8708840289
120950177,1209500419B,0.0101419878
120950177,1209500419Z,0.0040567951
120950177,1209500431X,0.1126107241
120950177,1209500431Z,0.0000008355
120950177,1209500439B,0.0002772310
120950178,12095000422,0.6896551724
120950178,12095000423,0.3103448276
120950179,12095000406,0.0001633269
120950179,12095000414,0.7454507082
120950179,12095000415,0.2543859649
120950180,12095000403,1.0000000000
120950181,12095000408,1.0000000000
120950182,12095000410,1.0000000000
120950183,12095000320,0.8367346939
120950183,1209500439A,0.0408163265
120950183,1209500439B,0.0025349474
120950183,1209500439Z,0.1199140322
120950184,12095000432,0.0546837591
120950184,1209500419A,0.0833333333
120950184,1209500430A,0.0579576178
120950184,1209500430B,0.0787037037
120950184,1209500430C,0.0046296296
120950184,1209500430D,0.0067782932
120950184,1209500431A,0.4916914410
120950184,1209500431X,0.0046456792
120950184,1209500431Z,0.0138728393
120950184,1209500433A,0.0212522963
120950184,1209500440A,0.0326019301
120950184,1209500440B,0.0093115238
120950184,1209500440C,0.1036655605
120950184,1209500440D,0.0368723930
120950185,1209500430A,0.1428571429
120950185,1209500430Z,0.8571428571
120950186,1209500431Y,1.0000000000
120950187,1209500440A,0.1943776545
120950187,1209500440B,0.8056223455
120950188,1209500430A,0.1742174877
120950188,1209500430C,0.2779975805
120950188,1209500430Z,0.5477849318
120950189,1209500431A,1.0000000000
120950190,1209500440A,0.9839526220
120950190,1209500440C,0.0160473780
120950191,12095000425,1.0000000000
120950192,12095000426,0.2812500000
120950192,12095000427,0.7187500000
120950193,12095000408,0.0000000931
120950193,12095000409,0.7999999070
120950193,12095000412,0.2000000000
120950194,12095000423,1.0000000000
120950195,12095000418,0.1459420021
120950195,12095000438,0.0041271445
120950195,1209500319B,0.0937500000
120950195,1209500417A,0.7450176941
120950195,1209500433A,0.0001579879
120950195,1209500439Z,0.0104166667
120950195,1209500440C,0.0005885048
120950196,12095000405,0.0163934426
120950196,12095000406,0.1967213115
120950196,12095000436,0.2786885246
120950196,12095000543,0.0163934426
120950196,1209500404A,0.2131147541
120950196,1209500404B,0.2786885246
120950197,12095000403,0.1212121212
120950197,1209500435A,0.8787878788
120950198,12095000434,1.0000000000
120950199,12095000426,0.8309556416
120950199,12095000427,0.1632653061
120950199,1209500419A,0.0002508932
120950199,1209500431A,0.0055281591
120950200,12095000411,0.9600000000
120950200,1209500312B,0.0400000000
120950201,12095000409,0.6666666667
120950201,1209500435B,0.3333333333
120950202,12095000421,0.1891891892
120950202,12095000424,0.8108108108
120950203,12095000407,0.8181818182
120950203,12095000436,0.1818181818
120950204,12095000412,0.2400000000
120950204,12095000413,0.7600000000
120950205,12095000412,0.1274509804
120950205,12095000415,0.1960784314
120950205,12095000416,0.0784313725
120950205,12095000438,0.4995534315
120950205,1209500417A,0.0098039216
120950205,1209500433A,0.0298583333
120950205,1209500433Z,0.0588235294
120950206,1209500433A,0.9949244583
120950206,1209500433B,0.0049545336
120950206,1209500433C,0.0001210081
120950207,12095000406,0.4878048780
120950207,12095000437,0.5121951220
120950208,1209500319C,0.3111111111
120950208,1209500439A,0.6888888889
120950209,12095000432,0.5079365079
120950209,1209500430A,0.4603174603
120950209,1209500433A,0.0317460317
120950210,12095000507,1.0000000000
120950211,12095000505,0.6475409836
120950211,12095000507,0.2377049180
120950211,12095000508,0.0327868852
120950211,12095000549,0.0819672131
120950212,12095000508,0.2631578947
120950212,12095000509,0.7368421053
120950213,12095000508,1.0000000000
120950214,12095000509,0.9711949997
120950214,1209500201A,0.0008292791
120950214,1209500202A,0.0279757213
120950215,12095000510,0.4693877551
120950215,12095000511,0.5306116927
120950215,1209500512B,0.0000005522
120950216,12095000510,0.4166666667
120950216,12095000511,0.5833333333
120950217,12095000207,0.0008919590
120950217,12095000513,0.1428571429
120950217,12095000514,0.3979591837
120950217,12095000546,0.4582917145
120950218,12095000513,0.4285714286
120950218,12095000514,0.4155844156
120950218,12095000546,0.1558441558
120950219,12095000511,0.0070921986
120950219,12095000514,0.0283687943
120950219,12095000519,0.0070921986
120950219,1209500512A,0.3318648906
120950219,1209500512B,0.6255819179
120950220,12095000511,0.1323529412
120950220,12095000519,0.5588235294
120950220,12095000523,0.0147058824
120950220,1209500504A,0.0147058824
120950220,1209500522A,0.2794117647
120950221,12095000523,0.0736122739
120950221,1209500504A,0.8893506890
120950221,1209500504B,0.0370370370
120950222,12095000523,0.6824038060
120950222,1209500504A,0.0758850600
120950222,1209500504B,0.2417111340
120950223,12095000519,1.0000000000
120950224,12095000514,0.2325581395
120950224,12095000518,0.7674418605
120950225,12095000519,0.7380952381
120950225,1209500522A,0.2619047619
120950226,12095000520,0.3064516129
120950226,12095000521,0.1935483871
120950226,1209500522A,0.5000000000
120950227,12095000514,0.2232945847
120950227,12095000515,0.7767054153
120950228,12095000515,0.8718852935
120950228,12095000516,0.1281147065
120950229,12095000515,0.0277777778
120950229,12095000516,0.9722222222
120950230,12095000517,1.0000000000
120950231,12095000517,0.8444444444
120950231,12095000520,0.1555555556
120950232,12095000520,0.9347826087
120950232,12095000521,0.0652173913
120950233,12095000521,0.7000000000
120950233,12095000527,0.3000000000
120950234,12095000521,0.3636363636
120950234,12095000527,0.4889032270
120950234,1209500522B,0.1090909091
120950234,1209500525A,0.0363636364
120950234,1209500526B,0.0020058639
120950235,12095000503,0.4700000000
120950235,12095000505,0.5300000000
120950236,12095000502,0.0018039937
120950236,12095000524,0.9981003576
120950236,1209500504B,0.0000956487
120950237,12095000521,0.0015517527
120950237,12095000527,0.1818181818
120950237,12095000528,0.8166300655
120950238,12095000529,0.0508474576
120950238,12095000530,0.9491525424
120950239,12095000528,1.0000000000
120950240,12095000529,0.7000000000
120950240,12095000530,0.2855535958
120950240,12117000046,0.0144464042
120950241,12095000532,0.9500000000
120950241,12095000548,0.0500000000
120950242,12095000531,1.0000000000
120950243,12095000533,0.0869565217
120950243,12095000548,0.9130434783
120950244,12095000533,0.9285714286
120950244,12095000548,0.0714285714
120950245,12095000535,1.0000000000
120950246,12095000536,0.2558139535
120950246,12095000538,0.5116279070
120950246,12095000539,0.2325581395
120950247,12095000539,1.0000000000
120950248,1209500540A,0.9090909091
120950248,1209500540B,0.0909090909
120950249,12095000543,0.9953488372
120950249,12095000545,0.0046511628
120950250,12095000434,0.0645253769
120950250,12095000545,0.0276294727
120950250,1209500544B,0.9078451503
120950251,1209500544A,1.0000000000
120950252,12095000506,0.0037093970
120950252,12095000533,0.5333333333
120950252,12095000535,0.4629572697
120950253,12095000536,1.0000000000
120950254,12095000506,0.5957446809
120950254,12095000537,0.3829787234
120950254,12095000539,0.0212765957
120950255,12095000503,0.6080711354
120950255,1209500504A,0.3919288646
120950256,12095000506,0.2916666667
120950256,12095000536,0.3333333333
120950256,12095000537,0.3333333333
120950256,12117000078,0.0416666667
120950257,12009000116,0.0066111361
120950257,12095000434,0.0394751800
120950257,12095000543,0.0131578947
120950257,12095000545,0.9407557892
120950258,12095000541,0.6410256410
120950258,1209500540A,0.3589743590
120950259,12095000543,0.2049332190
120950259,1209500542A,0.2790697674
120950259,1209500542B,0.5159970135
120950260,12095000629,0.2538306784
120950260,1209500601A,0.7461693216
120950261,12095000602,0.2551724138
120950261,12095000629,0.4426687479
120950261,1209500601A,0.2952622866
120950261,1209500630A,0.0068965517
120950262,12095000603,0.9117647059
120950262,12095000604,0.0882352941
120950263,12095000602,0.6713286713
120950263,12095000625,0.3286713287
120950264,12095000623,0.1555555556
120950264,12095000628,0.6883503019
120950264,1209500630A,0.1560941426
120950265,12095000621,0.0135135135
120950265,12095000622,0.0810810811
120950265,12095000628,0.0228167827
120950265,12095000632,0.5988048389
120950265,12095000633,0.2837837838
120950266,12095000628,0.0052961256
120950266,12095000632,0.9947038744
120950267,12095000621,0.9250000000
120950267,12095000622,0.0750000000
120950268,12095000620,0.1746031746
120950268,12095000634,0.0555555556
120950268,1209500618A,0.1349206349
120950268,1209500618B,0.1269841270
120950268,1209500618C,0.5079365079
120950269,12095000117,0.0003514905
120950269,1209500616A,0.3795644073
120950269,1209500616B,0.4106616828
120950269,1209500616C,0.2094224194
120950270,12095000602,0.2688172043
120950270,12095000624,0.5913793748
120950270,12095000625,0.1290507327
120950270,12095000626,0.0107526882
120950271,12095000624,0.0377358491
120950271,12095000627,0.9622641509
120950272,12095000603,0.0270270270
120950272,12095000604,0.9729729730
120950273,12095000606,1.0000000000
120950274,12095000624,0.3431372549
120950274,12095000625,0.6568627451
120950275,12095000626,1.0000000000
120950276,12095000623,0.6060606061
120950276,12095000626,0.3939393939
120950277,12095000605,1.0000000000
120950278,12095000607,1.0000000000
120950279,12095000609,0.2244897959
120950279,1209500608B,0.7755102041
120950280,12095000609,1.0000000000
120950281,12095000633,0.8292682927
120950281,12095000634,0.1707317073
120950282,12095000634,0.6108714603
120950282,1209500618B,0.3891285397
120950283,12095000613,0.2295081967
120950283,1209500612B,0.7704918033
120950284,12095000620,0.3414634146
120950284,12095000621,0.2194017840
120950284,12095000622,0.4391348014
120950285,1209500615B,0.9969999316
120950285,1209500616A,0.0030000684
120950286,12095000622,0.0279172297
120950286,1209500615A,0.9720827703
120950287,12095000623,0.9989068233
120950287,12095000632,0.0010931767
120950288,12095000610,1.0000000000
120950289,12095000609,0.1197747317
120950289,12095000619,0.8802252683
120950290,12095000328,0.0052910053
120950290,12095000629,0.2804232804
120950290,12095000631,0.0476190476
120950290,1209500630A,0.4021164021
120950290,1209500630B,0.2592592593
120950290,1209500630Z,0.0052910053
120970001,12097000100,0.2897436145
120970001,12097000101,0.6018204798
120970001,12097000104,0.0133333333
120970001,12097000133,0.0082409896
120970001,12097000136,0.0132113677
120970001,12097000151,0.0121597182
120970001,12097000152,0.0214811480
120970001,12097000156,0.0400093488
120970002,12097000100,1.0000000000
120970003,12097000101,0.8997938140
120970003,12097000130,0.0238419988
120970003,12097000135,0.0002202558
120970003,12097000159,0.0761439315
120970004,12097000100,0.0031765295
120970004,12097000104,0.0386804726
120970004,12097000151,0.8748096645
120970004,12097000152,0.0833333333
120970005,12097000102,0.6122448980
120970005,12097000103,0.3877551020
120970006,12097000102,1.0000000000
120970007,12097000304,0.1827956989
120970007,12097000305,0.8172043011
120970008,12097000304,1.0000000000
120970009,12097000306,1.0000000000
120970010,12097000302,0.1686746988
120970010,12097000303,0.8313253012
120970011,12097000105,0.0156250000
120970011,12097000307,0.2478037383
120970011,12097000309,0.0312500000
120970011,12097000331,0.1447182266
120970011,12097000351,0.1623919563
120970011,12097000353,0.0003575547
120970011,12097000391,0.3978535241
120970012,12097000105,0.9855185893
120970012,12097000106,0.0022862888
120970012,12097000111,0.0121951220
120970013,12097000105,0.0112402303
120970013,12097000106,0.9887597697
120970014,12097000105,0.3213773911
120970014,12097000112,0.1303802077
120970014,12097000300,0.4555555556
120970014,12097000360,0.0007805784
120970014,12097000390,0.0343368576
120970014,12097000410,0.0575694097
120970015,12097000112,1.0000000000
120970016,12097000410,1.0000000000
120970017,12097000410,1.0000000000
120970018,12097000410,1.0000000000
120970019,12097000112,1.0000000000
120970020,12097000112,1.0000000000
120970021,12097000112,1.0000000000
120970022,12097000112,1.0000000000
120970023,12097000112,1.0000000000
120970024,12097000112,1.0000000000
120970025,12097000112,1.0000000000
120970026,12097000112,1.0000000000
120970027,12097000112,1.0000000000
120970028,12097000111,0.6666666667
120970028,12097000112,0.3333333333
120970029,12097000102,0.0102040816
120970029,12097000104,0.7831632653
120970029,12097000105,0.0028857956
120970029,12097000107,0.1372647506
120970029,12097000111,0.0633562352
120970029,12097000132,0.0031258716
120970030,12097000105,1.0000000000
120970031,12097000105,1.0000000000
120970032,12097000104,0.0275229358
120970032,12097000107,0.9448714257
120970032,12097000110,0.0276056385
120970033,12097000110,1.0000000000
120970034,12097000109,0.0284303534
120970034,12097000113,0.0002214225
120970034,12097000405,0.3841284843
120970034,12097000406,0.3753132985
120970034,12097000411,0.1200882471
120970034,12097000412,0.0918181942
120970035,12097000411,1.0000000000
120970036,12097000203,0.0454545455
120970036,12097000406,0.8891391066
120970036,12097000412,0.0654063479
120970037,12097000109,0.9997141447
120970037,12097000113,0.0002858553
120970038,12097000107,0.9721309363
120970038,12097000113,0.0278690637
120970039,12097000107,1.0000000000
120970040,12097000203,0.9988801631
120970040,12097000212,0.0011198369
120970041,12097000203,0.3333333333
120970041,12097000212,0.6666666667
120970042,12097000203,0.9240855206
120970042,12097000211,0.0759144794
120970043,12097000411,1.0000000000
120970044,12097000110,1.0000000000
120970045,12097000411,1.0000000000
120970046,12097000411,1.0000000000
120970047,12097000160,1.0000000000
120970048,12097000105,0.1034482759
120970048,12097000107,0.0005930072
120970048,12097000111,0.7762430648
120970048,12097000132,0.1197156521
120970049,12097000110,0.4285714286
120970049,12097000111,0.5714285714
120970050,12097000105,0.0001762107
120970050,12097000110,0.0196078431
120970050,12097000112,0.4017845737
120970050,12097000410,0.5784313725
120970051,12097000112,1.0000000000
120970052,12097000112,1.0000000000
120970054,12097000105,0.0769230769
120970054,12097000410,0.9230769231
120970055,12097000112,0.8431372549
120970055,12097000410,0.0009479130
120970055,12097000411,0.1559148321
120970056,12097000110,0.2504135540
120970056,12097000112,0.3562191102
120970056,12097000160,0.0033673358
120970056,12097000411,0.3900000000
120970057,12097000411,1.0000000000
120970058,12097000410,1.0000000000
120970059,12097000390,0.0008969013
120970059,12097000410,0.9991030987
120970060,12097000410,1.0000000000
120970061,12097000109,0.0018802518
120970061,12097000110,0.0065745321
120970061,12097000113,0.9915452161
120970062,12097000410,1.0000000000
120970063,12097000407,0.1428571429
120970063,12097000408,0.1812662162
120970063,12097000410,0.6758766410
120970064,12097000405,0.0045810826
120970064,12097000410,0.0031298374
120970064,12097000411,0.7444976077
120970064,12097000412,0.2477914723
120970065,12097000406,0.0035058494
120970065,12097000411,0.9964941506
120970066,12097000412,1.0000000000
120970067,12097000107,0.0668393789
120970067,12097000110,0.9331606211
120970068,12097000107,1.0000000000
120970069,12097000107,1.0000000000
120970070,12097000406,0.1645103340
120970070,12097000410,0.0061927753
120970070,12097000412,0.8292968907
120970071,12097000406,0.5000000000
120970071,12097000412,0.5000000000
120970072,12097000412,1.0000000000
120970073,12097000412,1.0000000000
120970074,12097000211,0.3333333333
120970074,12097000410,0.0487329284
120970074,12097000412,0.6179337382
120970075,12097000410,1.0000000000
120970076,12097000412,1.0000000000
120970077,12097000211,1.0000000000
120970078,12097000406,1.0000000000
120970079,12097000412,1.0000000000
120970080,12097000406,0.3333333333
120970080,12097000412,0.6666666667
120970081,12097000200,0.0416666667
120970081,12097000203,0.6417456945
120970081,12097000212,0.3162706685
120970081,12097000406,0.0003169703
120970082,12097000200,0.0441321403
120970082,12097000201,0.0135601674
120970082,12097000203,0.0000597517
120970082,12097000211,0.9422479406
120970083,12097000203,0.0277777778
120970083,12097000211,0.9166666667
120970083,12097000410,0.0555555556
120970084,12097000201,1.0000000000
120970085,12097000210,1.0000000000
120970086,12097000411,1.0000000000
120970087,12097000401,0.3374278813
120970087,12097000407,0.6140350877
120970087,12097000450,0.0175438597
120970087,12097000451,0.0309931713
120970088,12097000201,0.0588235294
120970088,12097000210,0.0294117647
120970088,12097000251,0.0117647059
120970088,12097000402,0.2021138619
120970088,12097000403,0.5822624271
120970088,12097000408,0.0539152962
120970088,12097000410,0.0177958661
120970088,12097000420,0.0439125487
120970089,12097000201,0.7963891855
120970089,12097000202,0.0208333333
120970089,12097000210,0.1825463009
120970089,12097000251,0.0002311803
120970090,12097000201,0.0646635150
120970090,12097000251,0.9353364850
120970091,12097000200,0.9268292683
120970091,12097000203,0.0731707317
120970092,12097000200,1.0000000000
120970093,12097000200,0.1153846154
120970093,12097000204,0.8846153846
120970094,12097000200,0.7083333333
120970094,12097000201,0.0833333333
120970094,12097000204,0.2083333333
120970095,12097000201,0.9978552044
120970095,12097000403,0.0021447956
120970096,12097000211,1.0000000000
120970097,12097000203,1.0000000000
120970098,12097000203,1.0000000000
120970099,12097000503,0.7027027027
120970099,12097000504,0.2972972973
120970100,12097000400,0.6511627907
120970100,12097000420,0.2790697674
120970100,12097000506,0.0697674419
120970101,12097000400,1.0000000000
120970102,12097000420,1.0000000000
120970103,12097000400,0.9972962270
120970103,12097000471,0.0027037730
120970104,12097000420,1.0000000000
120970105,12097000420,1.0000000000
120970106,12097000420,1.0000000000
120970107,12097000420,1.0000000000
120970108,12097000420,1.0000000000
120970109,12097000402,1.0000000000
120970110,12097000420,1.0000000000
120970111,12097000400,0.0001057489
120970111,12097000420,0.9998942511
120970112,12097000420,1.0000000000
120970113,12097000420,1.0000000000
120970114,12097000400,0.0001471054
120970114,12097000420,0.9998528946
120970115,12097000506,0.0769230769
120970115,12097000522,0.9230007514
120970115,12097000571,0.0000761717
120970116,12097000420,1.0000000000
120970117,12097000520,1.0000000000
120970118,12097000520,0.5445544554
120970118,12097000523,0.4554455446
120970119,12097000505,0.0144927536
120970119,12097000506,0.0001318289
120970119,12097000521,0.9853754175
120970120,12097000521,1.0000000000
120970121,12097000521,1.0000000000
120970122,12097000520,1.0000000000
120970123,12097000520,1.0000000000
120970124,12097000505,0.0085678348
120970124,12097000520,0.3333333333
120970124,12097000523,0.6580988318
120970125,12097000523,1.0000000000
120970126,12097000523,1.0000000000
120970127,12097000523,1.0000000000
120970128,12097000505,0.3720494699
120970128,12097000520,0.5708076730
120970128,12097000523,0.0571428571
120970129,12097000505,0.1458848671
120970129,12097000523,0.8541151329
120970130,12097000505,1.0000000000
120970131,12097000523,1.0000000000
120970132,12097000521,1.0000000000
120970133,12097000521,1.0000000000
120970134,12097000505,1.0000000000
120970135,12097000506,1.0000000000
120970136,12097000506,1.0000000000
120970137,12097000521,1.0000000000
120970138,12097000505,1.0000000000
120970139,12097000505,0.4716772152
120970139,12097000520,0.5283227848
120970140,12097000505,0.7500000000
120970140,12097000523,0.2500000000
120970141,12097000505,0.5000000000
120970141,12097000523,0.5000000000
120970142,12097000523,1.0000000000
120970143,12097000523,1.0000000000
120970144,12097000523,1.0000000000
120970145,12097000520,1.0000000000
120970146,12097000520,1.0000000000
120970147,12097000520,1.0000000000
120970148,12097000520,1.0000000000
120970149,12097000523,1.0000000000
120970150,12097000507,0.0638656283
120970150,12097000521,0.6028010383
120970150,12097000523,0.3333333333
120970151,12097000506,1.0000000000
120970152,12097000400,0.5000000000
120970152,12097000420,0.5000000000
120970153,12097000521,0.0218201057
120970153,12097000522,0.9781798943
120970154,12097000522,1.0000000000
120970155,12097000522,1.0000000000
120970157,12097000506,0.4327792631
120970157,12097000522,0.5672207369
120970158,12097000400,1.0000000000
120970159,12097000420,1.0000000000
120970160,12097000420,1.0000000000
120970161,12097000420,1.0000000000
120970162,12097000420,1.0000000000
120970163,12097000420,1.0000000000
120970164,12097000420,1.0000000000
120970165,12097000420,1.0000000000
120970166,12097000420,1.0000000000
120970167,12097000420,1.0000000000
120970168,12097000420,1.0000000000
120970169,12097000201,0.0217391304
120970169,12097000202,0.0147658092
120970169,12097000210,0.0297783063
120970169,12097000400,0.0002208997
120970169,12097000420,0.0217391304
120970169,12097000503,0.0312722979
120970169,12097000504,0.4320474527
120970169,12097000508,0.3556004826
120970169,12097000520,0.0327278303
120970169,12097000580,0.0601086603
120970170,12097000500,0.9827145890
120970170,12097000501,0.0044413743
120970170,12097000506,0.0128440367
120970171,12097000506,0.9994844475
120970171,12097000522,0.0005155525
120970172,12097000500,0.0025721593
120970172,12097000501,0.9974278407
120970173,12097000502,0.9146886357
120970173,12097000505,0.0133890177
120970173,12097000506,0.0095049902
120970173,12097000508,0.0000133174
120970173,12097000520,0.0099959897
120970173,12097000552,0.0000188193
120970173,12097000553,0.0008966966
120970173,12097000580,0.0514925333
120970174,12097000505,0.5912054577
120970174,12097000506,0.2372353319
120970174,12097000521,0.0555703059
120970174,12097000523,0.0465116279
120970174,12097000552,0.0171474074
120970174,12097000553,0.0523298691
120970175,12097000506,0.9929839183
120970175,12097000521,0.0070160817
120970176,12097000103,1.0000000000
120970177,12097000104,1.0000000000
120970178,12097000505,0.2000000000
120970178,12097000520,0.5272727273
120970178,12097000523,0.2727272727
120970179,12097000520,1.0000000000
120970180,12097000520,1.0000000000
120970181,12097000410,1.0000000000
120970182,12097000410,1.0000000000
120970183,12097000410,1.0000000000
120970184,12097000201,0.5000000000
120970184,12097000210,0.5000000000
120970185,12097000154,1.0000000000
120970186,12097000130,1.0000000000
120970187,12097000131,1.0000000000
120970188,12097000107,0.0055030576
120970188,12097000132,0.9944969424
120970189,12097000331,1.0000000000
120970190,12097000306,1.0000000000
120970191,12097000350,0.9997863800
120970191,12097000360,0.0002136200
120970192,12097000350,0.0650907668
120970192,12097000360,0.9343345457
120970192,12097000390,0.0005746875
120970193,12097000308,0.1000000000
120970193,12097000309,0.0163692455
120970193,12097000351,0.8836307545
120970194,12097000307,0.4444444444
120970194,12097000308,0.0630344836
120970194,12097000309,0.4755164653
120970194,12097000351,0.0165470267
120970194,12097000353,0.0004575799
120970195,12097000302,1.0000000000
120970196,12097000301,0.0981948831
120970196,12097000302,0.9018051169
120970197,12097000501,0.0290273847
120970197,12097000502,0.0127560483
120970197,12097000550,0.9570622253
120970197,12097000551,0.0011543416
120970198,12097000100,0.3333333333
120970198,12097000155,0.6666666667
120970199,12097000100,0.5629505717
120970199,12097000156,0.4370494283
120970200,12097000156,1.0000000000
120970201,12097000137,0.6459398840
120970201,12097000157,0.3540601160
120970202,12097000100,0.0019589244
120970202,12097000101,0.2500000000
120970202,12097000152,0.7480410756
120970203,12097000152,1.0000000000
120970204,12097000101,0.3771633281
120970204,12097000150,0.6228366719
120970205,12095000124,0.3000000000
120970205,12097000104,0.0307751832
120970205,12097000153,0.6692248168
120970206,12097000107,1.0000000000
120970207,12097000158,1.0000000000
120970208,12097000201,0.1074873593
120970208,12097000250,0.8925126407
120970209,12097000352,1.0000000000
120970210,12097000420,0.0652233090
120970210,12097000471,0.9347766910
120970211,12097000470,1.0000000000
120970212,12097000570,1.0000000000
120970213,12097000571,1.0000000000
120970214,12097000112,1.0000000000
120970215,12097000523,1.0000000000
120970216,12097000420,1.0000000000
120990001,12099000001,1.0000000000
120990002,12099000002,0.9750000000
120990002,120990000NP,0.0250000000
120990003,12099000003,0.8571428571
120990003,12099000013,0.1428571429
120990004,12099000004,0.4057971014
120990004,12099000015,0.2028985507
120990004,12099000017,0.3478260870
120990004,12099000018,0.0434782609
120990005,12099000005,1.0000000000
120990006,12099000006,0.9822091987
120990006,12099000013,0.0120529444
120990006,120990000NP,0.0057378569
120990007,12099000007,1.0000000000
120990008,12099000002,0.5714285714
120990008,12099000008,0.4285714286
120990009,12099000025,1.0000000000
120990010,12099000010,1.0000000000
120990011,12099000023,1.0000000000
120990012,12099000023,1.0000000000
120990013,12099000003,0.0434782609
120990013,12099000013,0.8695652174
120990013,12099000023,0.0869565217
120990014,12099000014,1.0000000000
120990015,12099000015,1.0000000000
120990016,12099000016,1.0000000000
120990017,12099000017,1.0000000000
120990018,12099000018,1.0000000000
120990019,12099000019,0.9230769231
120990019,120990000NP,0.0769230769
120990020,12099000020,0.7333333333
120990020,120990000NP,0.2666666667
120990021,12099000024,0.3192665867
120990021,120990000NP,0.6807334133
120990022,12099000022,1.0000000000
120990023,12099000023,1.0000000000
120990024,12099000014,0.2000000000
120990024,12099000024,0.8000000000
120990025,12099000013,0.0005577528
120990025,120990000NP,0.9994422472
120990026,12099000026,1.0000000000
120990027,12099000027,1.0000000000
120990028,12099000028,1.0000000000
120990029,12099000029,0.3333333333
120990029,120990000NP,0.6666666667
120990030,12099000030,1.0000000000
120990031,12099000031,1.0000000000
120990032,12099000032,1.0000000000
120990033,12099000033,0.9837654503
120990033,12099000134,0.0162345497
120990034,12099000034,0.7500000000
120990034,12099000040,0.2500000000
120990035,12099000035,1.0000000000
120990036,12099000036,1.0000000000
120990037,12099000036,0.0602863944
120990037,12099000037,0.6181111865
120990037,12099000153,0.3216024191
120990038,12099000069,1.0000000000
120990039,12099000039,1.0000000000
120990040,12099000040,0.9285714286
120990040,120990000NP,0.0714285714
120990041,12099000036,0.0190476190
120990041,12099000041,0.9807411096
120990041,12099000153,0.0002112714
120990042,12099000042,0.8636363636
120990042,12099000076,0.0227272727
120990042,12099000103,0.1136363636
120990043,12099000043,1.0000000000
120990044,12099000044,0.8885886480
120990044,12099000060,0.1114113520
120990045,12099000045,0.3737123595
120990045,12099000049,0.5000000000
120990045,12099000NP3,0.1262876405
120990046,12099000046,0.9696969697
120990046,12099000048,0.0303030303
120990047,12099000024,0.0198992135
120990047,12099000040,0.4955264095
120990047,120990000NP,0.2500000000
120990047,12099000NP3,0.2345743770
120990048,12099000048,1.0000000000
120990049,12099000049,1.0000000000
120990050,12099000050,0.9679542550
120990050,12099000755,0.0093184722
120990050,12099000761,0.0227272727
120990051,12099000051,1.0000000000
120990052,12099000052,0.9696969697
120990052,12099000168,0.0303030303
120990053,12099000172,1.0000000000
120990054,12099000054,1.0000000000
120990055,12099000055,1.0000000000
120990056,12099000056,1.0000000000
120990057,12099000052,0.0034768137
120990057,12099000053,0.2783609391
120990057,12099000057,0.7165231863
120990057,12099000133,0.0016390609
120990058,12099000052,0.9990989446
120990058,12099000057,0.0009010554
120990059,12099000047,0.6392675724
120990059,12099000058,0.0807324276
120990059,12099000059,0.2800000000
120990060,12099000058,0.2587721453
120990060,12099000060,0.7320433804
120990060,12099000061,0.0091844743
120990061,12099000060,0.0526315789
120990061,12099000061,0.9473684211
120990062,12099000062,1.0000000000
120990063,12099000063,1.0000000000
120990064,12099000064,1.0000000000
120990065,12099000065,1.0000000000
120990066,12099000066,1.0000000000
120990067,12099000067,0.9996136690
120990067,12099000072,0.0003863310
120990069,12099000069,0.9677419355
120990069,12099000071,0.0322580645
120990070,12099000070,1.0000000000
120990071,12099000069,0.0833333333
120990071,12099000070,0.0833333333
120990071,12099000071,0.5369685711
120990071,12099000076,0.2963647622
120990072,12099000069,0.0000860596
120990072,12099000072,0.8998675313
120990072,12099000076,0.1000464091
120990073,12099000076,1.0000000000
120990074,12099000072,0.1195257035
120990074,12099000074,0.1023989806
120990074,12099000076,0.7780753159
120990075,12099000070,0.0207377555
120990075,12099000075,0.9792622445
120990076,12099000070,0.0250000000
120990076,12099000076,0.9750000000
120990077,12099000068,0.4632427932
120990077,12099000073,0.0010429211
120990077,12099000076,0.0384380468
120990077,12099000077,0.4258476674
120990077,12099000098,0.0714285714
120990078,12099000011,0.0345179404
120990078,12099000078,0.9654820596
120990079,12099000011,0.4375000000
120990079,12099000079,0.5000000000
120990079,12099000085,0.0625000000
120990080,12099000078,0.0006381805
120990080,12099000080,0.6917042836
120990080,12099000091,0.3076575359
120990081,12099000081,1.0000000000
120990082,12099000082,0.9960435682
120990082,12099000088,0.0039564318
120990083,12099000083,0.8148136476
120990083,12099000087,0.0004560213
120990083,12099000089,0.1847303311
120990084,12099000084,0.9332398356
120990084,12099000087,0.0667601644
120990085,12099000079,0.0005887011
120990085,12099000085,0.9994112989
120990086,12099000078,1.0000000000
120990087,12099000083,0.0618863806
120990087,12099000084,0.0049618196
120990087,12099000087,0.9331517997
120990088,12099000082,0.0000200231
120990088,12099000088,0.9999799769
120990089,12099000083,0.1315015021
120990089,12099000089,0.8684984979
120990090,12099000089,1.0000000000
120990091,12099000080,0.0003423619
120990091,12099000091,0.9996576381
120990092,12099000092,1.0000000000
120990093,12099000091,0.0512820513
120990093,12099000093,0.8194757426
120990093,12099000095,0.1025641026
120990093,12099000097,0.0010370780
120990093,12099000101,0.0256410256
120990094,12099000094,1.0000000000
120990095,12099000095,1.0000000000
120990096,12099000068,0.0220459487
120990096,12099000098,0.9779540513
120990097,12099000088,0.1538461538
120990097,12099000097,0.8461538462
120990098,12099000068,0.0750000000
120990098,12099000090,0.2750000000
120990098,12099000095,0.0000436552
120990098,12099000098,0.6499563448
120990099,12099000099,0.9836549629
120990099,12099000106,0.0163450371
120990100,12099000100,0.8888888889
120990100,12099000101,0.1111111111
120990101,12099000086,0.0036940977
120990101,12099000100,0.0033185463
120990101,12099000101,0.9785324031
120990101,12099000845,0.0144549529
120990102,12099000095,1.0000000000
120990103,12099000102,0.0714285714
120990103,12099000103,0.9285714286
120990104,12099000104,1.0000000000
120990105,12099000102,0.6891891892
120990105,12099000105,0.3108108108
120990106,12099000096,0.7586206897
120990106,12099000106,0.2413793103
120990107,12099000106,1.0000000000
120990108,12099000108,1.0000000000
120990109,12099000107,0.3173444827
120990109,12099000109,0.6826555173
120990110,12099000110,1.0000000000
120990111,12099000108,0.1379310345
120990111,12099000111,0.8620689655
120990112,12099000021,0.3333333333
120990112,12099000112,0.6666666667
120990113,12099000113,0.9507144213
120990113,12099000117,0.0492855787
120990114,12099000111,0.1111111111
120990114,12099000114,0.8887975087
120990114,12099000121,0.0000913802
120990115,12099000115,1.0000000000
120990116,12099000116,0.9893344673
120990116,12099000125,0.0016379105
120990116,12099000128,0.0090276223
120990117,12099000038,0.1666666667
120990117,12099000117,0.6543371439
120990117,12099000125,0.1685426533
120990117,12099000199,0.0104535361
120990118,12099000117,0.0090513592
120990118,12099000125,0.9909486408
120990119,12099000119,1.0000000000
120990120,12099000120,0.9229654301
120990120,12099000123,0.0001114929
120990120,12099000846,0.0769230769
120990121,12099000120,0.9967386991
120990121,12099000123,0.0000030612
120990121,12099000129,0.0032582397
120990122,12099000120,0.9769559473
120990122,12099000123,0.0230440527
120990123,12099000120,0.0027161042
120990123,12099000123,0.9103273740
120990123,12099000124,0.0869565217
120990124,12099000124,1.0000000000
120990125,12099000125,1.0000000000
120990126,12099000116,0.0138469053
120990126,12099000127,0.0024344229
120990126,12099000128,0.9837186717
120990127,12099000115,0.0059031648
120990127,12099000116,0.0011328473
120990127,12099000127,0.9905498852
120990127,12099000128,0.0024141026
120990128,12099000125,1.0000000000
120990129,12099000120,0.0381055840
120990129,12099000129,0.9285610826
120990129,12099000NP5,0.0333333333
120990130,12099000120,0.0516311926
120990130,12099000123,0.9483688074
120990131,12099000131,1.0000000000
120990132,12099000047,0.0249770469
120990132,12099000061,0.0555555556
120990132,12099000132,0.9194673975
120990133,12099000133,0.9534883721
120990133,12099000171,0.0274904177
120990133,12099000174,0.0190212102
120990134,12099000134,1.0000000000
120990135,12099000135,1.0000000000
120990136,12099000115,0.1000000000
120990136,12099000136,0.8000000000
120990136,12099000139,0.1000000000
120990137,12099000137,0.9998723853
120990137,12099000143,0.0001276147
120990139,12099000118,0.1666666667
120990139,12099000135,0.1117703288
120990139,12099000136,0.0595428523
120990139,12099000139,0.6620201522
120990140,12099000130,0.1198346322
120990140,12099000135,0.1622806660
120990140,12099000136,0.0527056984
120990140,12099000140,0.4564296121
120990140,12099000152,0.1544316798
120990140,12099000155,0.0003691924
120990140,12099000158,0.0539485191
120990141,12099000141,1.0000000000
120990142,12099000142,1.0000000000
120990143,12099000137,0.3296290936
120990143,12099000143,0.6703709064
120990144,12099000126,0.4834734859
120990144,12099000136,0.0076801809
120990144,12099000144,0.5088463332
120990145,12099000145,0.1995381844
120990145,12099000147,0.0067886361
120990145,12099000162,0.6628726108
120990145,12099000166,0.0239335919
120990145,12099000185,0.1068669769
120990146,12099000146,1.0000000000
120990147,12099000145,0.4154245154
120990147,12099000147,0.3333333333
120990147,12099000170,0.2512421512
120990148,12099000148,0.8571428571
120990148,12099000NP8,0.1428571429
120990149,12099000149,1.0000000000
120990150,12099000135,0.4976584575
120990150,12099000146,0.5023415424
120990151,12099000137,0.5757575758
120990151,12099000150,0.0303030303
120990151,12099000151,0.3939393939
120990152,12099000037,0.5290959011
120990152,12099000153,0.4709040989
120990153,12099000037,0.0834976639
120990153,12099000153,0.9165023361
120990154,12099000136,0.0189575632
120990154,12099000152,0.1250000000
120990154,12099000156,0.8560424368
120990155,12099000155,1.0000000000
120990156,12099000136,0.0286390118
120990156,12099000142,0.0243313239
120990156,12099000154,0.0643449655
120990156,12099000156,0.0856467025
120990156,12099000157,0.0212883873
120990156,12099000159,0.7113237107
120990156,12099000177,0.0378351112
120990156,12099000189,0.0265907873
120990157,12099000157,1.0000000000
120990158,12099000154,1.0000000000
120990159,12099000152,0.0090615836
120990159,12099000156,0.0554545455
120990159,12099000158,0.1612903226
120990159,12099000159,0.3248772335
120990159,12099000160,0.0322580645
120990159,12099000166,0.4170582504
120990160,12099000160,1.0000000000
120990161,12099000161,0.8162713196
120990161,12099000164,0.1382741350
120990161,12099000166,0.0454545455
120990162,12099000198,1.0000000000
120990163,12099000151,1.0000000000
120990164,12099000161,0.1666666667
120990164,12099000164,0.8333333333
120990165,12099000165,1.0000000000
120990166,12099000161,0.0142528530
120990166,12099000166,0.9857471470
120990167,12099000167,1.0000000000
120990168,12099000052,0.0001865572
120990168,12099000168,0.9998134428
120990169,12099000050,0.5000000000
120990169,12099000169,0.5000000000
120990170,12099000170,1.0000000000
120990171,12099000171,1.0000000000
120990172,12099000172,0.9696931276
120990172,12099000175,0.0303068724
120990173,12099000173,1.0000000000
120990174,12099000171,0.2534143651
120990174,12099000174,0.7465856349
120990175,12099000172,0.3827824401
120990175,12099000175,0.6172175599
120990176,12099000162,0.2804456667
120990176,12099000185,0.6195543333
120990176,12099000188,0.1000000000
120990177,12099000166,0.0500000000
120990177,12099000177,0.6250000000
120990177,12099000185,0.3250000000
120990178,12099000050,0.0002417400
120990178,12099000051,0.1065401177
120990178,12099000178,0.8932181423
120990179,12099000178,0.0333730482
120990179,12099000179,0.9332936185
120990179,12099000181,0.0333333333
120990180,12099000180,0.6666666667
120990180,12099000855,0.0017510046
120990180,1209900NP10,0.3315823287
120990181,12099000181,0.4800855527
120990181,12099000853,0.5199144473
120990182,12099000182,0.3494997236
120990182,12099000183,0.1505002764
120990182,12099000853,0.0028488474
120990182,12099000854,0.4971511526
120990183,12099000181,0.0344827586
120990183,12099000182,0.0178133758
120990183,12099000183,0.4137931034
120990183,12099000853,0.5339107621
120990184,12099000051,0.0071425394
120990184,12099000163,0.2000000000
120990184,12099000180,0.0350701008
120990184,12099000183,0.0333333333
120990184,12099000187,0.0255132083
120990184,12099000197,0.0666666667
120990184,12099000855,0.6308545599
120990184,1209900NP10,0.0014195916
120990185,12099000188,0.8823529412
120990185,12099000769,0.1176470588
120990186,12099000769,1.0000000000
120990187,12099000186,0.0968409802
120990187,12099000187,0.8967244773
120990187,12099000198,0.0064345425
120990188,12099000188,0.8653846154
120990188,12099000769,0.1346153846
120990189,12099000189,1.0000000000
120990190,12099000188,0.2083333333
120990190,12099000190,0.5000000000
120990190,12099000769,0.2916666667
120990191,12099000190,0.0238095238
120990191,12099000191,0.7573044315
120990191,12099000196,0.2142857143
120990191,1209900NP33,0.0046003304
120990192,12099000192,1.0000000000
120990193,12099000192,0.0005211288
120990193,12099000193,0.9994788712
120990194,12099000194,1.0000000000
120990195,12099000194,0.2127659574
120990195,12099000195,0.7872340426
120990196,12099000196,1.0000000000
120990197,12099000197,1.0000000000
120990198,12099000173,0.2500000000
120990198,12099000198,0.7500000000
120990199,12099000114,0.0344827586
120990199,12099000121,0.0344827586
120990199,12099000122,0.0026172679
120990199,12099000199,0.6870379045
120990199,12099000856,0.2413793103
120990200,12099000200,1.0000000000
120990201,12099000201,1.0000000000
120990202,12099000199,1.0000000000
120990203,12099000062,1.0000000000
120990204,12099000204,1.0000000000
120990205,12099000205,0.6250000000
120990205,12099000212,0.2500000000
120990205,1209900NP29,0.1250000000
120990206,12099000206,1.0000000000
120990207,12099000207,1.0000000000
120990208,12099000208,0.9000000000
120990208,12099000857,0.0250000000
120990208,12099000858,0.0750000000
120990209,12099000220,1.0000000000
120990210,12099000210,1.0000000000
120990211,12099000211,0.9925735596
120990211,12099000213,0.0074264404
120990212,12099000212,1.0000000000
120990213,12099000213,1.0000000000
120990214,12099000213,0.1111111111
120990214,12099000214,0.8888888889
120990215,12099000215,1.0000000000
120990216,12099000215,0.0666666667
120990216,12099000216,0.9333333333
120990217,12099000217,0.8666666667
120990217,12099000233,0.1333333333
120990218,12099000218,1.0000000000
120990219,12099000219,1.0000000000
120990220,12099000218,0.0064004978
120990220,12099000219,0.1672021248
120990220,12099000220,0.6795234946
120990220,12099000221,0.1468738827
120990221,12099000219,0.3750000000
120990221,12099000221,0.6250000000
120990222,12099000222,1.0000000000
120990223,12099000223,0.7366301232
120990223,12099000859,0.0002119821
120990223,12099000860,0.2631578947
120990224,12099000224,1.0000000000
120990225,12099000225,1.0000000000
120990226,12099000226,0.8333333333
120990226,12099000859,0.1666666667
120990227,12099000227,1.0000000000
120990228,12099000228,0.9615384615
120990228,12099000861,0.0384615385
120990229,12099000229,1.0000000000
120990230,12099000230,0.9021761113
120990230,12099000232,0.0909090909
120990230,12099000235,0.0069147978
120990232,12099000232,1.0000000000
120990233,12099000219,0.1764705882
120990233,12099000233,0.8235294118
120990234,12099000231,0.1666666667
120990234,12099000232,0.2213677971
120990234,12099000234,0.5000000000
120990234,12099000235,0.0008544251
120990234,12099000237,0.1111111111
120990235,12099000235,1.0000000000
120990236,12099000236,0.6071428571
120990236,12099000237,0.3928571429
120990237,12099000237,0.4460425910
120990237,12099000238,0.5539574090
120990238,12099000237,0.2093023256
120990238,12099000238,0.2555876489
120990238,12099000706,0.0000778617
120990238,12099000707,0.0234821185
120990238,12099000862,0.5115500453
120990239,12099000239,0.7952329155
120990239,12099000240,0.0512032734
120990239,12099000241,0.1486486486
120990239,12099000706,0.0026615507
120990239,12099000708,0.0022536117
120990240,12099000239,0.3664122137
120990240,12099000240,0.4273298690
120990240,12099000241,0.2061068702
120990240,12099000242,0.0001510470
120990241,12099000240,0.2369295266
120990241,12099000242,0.7630704734
120990242,12099000242,0.5750000000
120990242,12099000244,0.3728308067
120990242,12099000796,0.0521691933
120990243,12099000242,0.0142857143
120990243,12099000243,0.9857142857
120990244,12099000243,0.0434782609
120990244,12099000244,0.9565217391
120990245,12099000243,1.0000000000
120990246,12099000244,0.1016949153
120990246,12099000246,0.8937407575
120990246,12099000797,0.0045643273
120990247,12099000247,1.0000000000
120990248,12099000248,1.0000000000
120990249,12099000249,0.9974774942
120990249,12099000798,0.0025225058
120990250,12099000251,0.9986169160
120990250,12099000318,0.0009993010
120990250,12099000319,0.0003837830
120990251,12099000251,1.0000000000
120990252,12099000252,1.0000000000
120990254,12099000252,1.0000000000
120990255,12099000255,0.9583333333
120990255,12099000256,0.0416666667
120990256,12099000256,1.0000000000
120990257,12099000257,0.7128240715
120990257,12099000258,0.2857142857
120990257,12099000731,0.0005071728
120990257,12099000736,0.0009544700
120990258,12099000258,1.0000000000
120990259,12099000259,1.0000000000
120990260,12099000260,1.0000000000
120990261,12099000261,0.5348837209
120990261,12099000272,0.4418604651
120990261,12099000315,0.0232558140
120990262,12099000245,0.0314757205
120990262,12099000262,0.9575276991
120990262,12099000264,0.0109965804
120990263,12099000264,1.0000000000
120990264,12099000264,1.0000000000
120990265,12099000265,0.9545233835
120990265,12099000266,0.0017488443
120990265,12099000268,0.0437277722
120990266,12099000262,0.0069213358
120990266,12099000264,0.7430786643
120990266,12099000265,0.1403628630
120990266,12099000266,0.1096371370
120990267,12099000268,1.0000000000
120990268,12099000265,0.1000000000
120990268,12099000268,0.9000000000
120990269,12099000269,1.0000000000
120990270,12099000270,1.0000000000
120990271,12099000270,0.0074158828
120990271,12099000271,0.9925841172
120990272,12099000272,1.0000000000
120990273,12099000270,0.3846153846
120990273,12099000273,0.5384615385
120990273,12099000283,0.0769230769
120990274,12099000274,1.0000000000
120990275,12099000275,1.0000000000
120990276,12099000009,0.0400000000
120990276,12099000253,0.0073659617
120990276,12099000269,0.0400000000
120990276,12099000276,0.8057243248
120990276,12099000283,0.0269097136
120990276,12099000753,0.0800000000
120990277,12099000253,0.6226192075
120990277,12099000277,0.3773807925
120990278,12099000278,1.0000000000
120990279,12099000279,0.8878584384
120990279,12099000280,0.0764272759
120990279,12099000286,0.0357142857
120990280,12099000280,1.0000000000
120990281,12099000281,1.0000000000
120990282,12099000281,0.9600000000
120990282,12099000751,0.0400000000
120990283,12099000253,0.4464942206
120990283,12099000269,0.0204081633
120990283,12099000276,0.0024824978
120990283,12099000277,0.0000028735
120990283,12099000283,0.5306122449
120990284,12099000276,0.6666666667
120990284,12099000284,0.3333333333
120990285,12099000273,0.4864864865
120990285,12099000285,0.5135135135
120990286,12099000275,0.0154810528
120990286,12099000278,0.0588235294
120990286,12099000279,0.0294117647
120990286,12099000286,0.8962836531
120990287,12099000287,0.9991132237
120990287,12099000301,0.0008867763
120990288,12099000253,0.1333333333
120990288,12099000288,0.8666666667
120990289,12099000289,1.0000000000
120990290,12099000290,1.0000000000
120990291,12099000289,0.0400000000
120990291,12099000291,0.6000000000
120990291,12099000298,0.3600000000
120990292,12099000292,0.8000000000
120990292,12099000294,0.2000000000
120990293,12099000293,0.6666666667
120990293,12099000294,0.3333333333
120990294,12099000292,0.0158210584
120990294,12099000294,0.9585379160
120990294,12099000297,0.0256410256
120990295,12099000280,0.3784777731
120990295,12099000295,0.2483640352
120990295,12099000297,0.3731581917
120990296,12099000296,0.9907102979
120990296,12099000297,0.0092897020
120990297,12099000296,0.0000426151
120990297,12099000297,0.9999573849
120990298,12099000298,1.0000000000
120990299,12099000299,1.0000000000
120990300,12099000300,1.0000000000
120990301,12099000301,0.9999473715
120990301,12099000302,0.0000526285
120990302,12099000302,1.0000000000
120990303,12099000223,0.1250000000
120990303,12099000303,0.8437500000
120990303,12099000859,0.0312500000
120990304,12099000240,0.1000000000
120990304,12099000304,0.9000000000
120990305,12099000305,1.0000000000
120990307,12099000307,1.0000000000
120990308,12099000250,0.0400000000
120990308,12099000308,0.9600000000
120990309,12099000309,1.0000000000
120990310,12099000250,0.5915243257
120990310,12099000265,0.1084756743
120990310,12099000268,0.1000000000
120990310,12099000312,0.2000000000
120990311,12099000312,1.0000000000
120990312,12099000268,0.0476190476
120990312,12099000310,0.3571428571
120990312,12099000311,0.0012855023
120990312,12099000312,0.5939525930
120990313,12099000309,0.0175438596
120990313,12099000313,0.9711305093
120990313,12099000318,0.0113256310
120990314,12099000314,0.8552175072
120990314,12099000315,0.1447824928
120990315,12099000315,1.0000000000
120990316,12099000316,1.0000000000
120990317,12099000268,0.0416666667
120990317,12099000310,0.0028963872
120990317,12099000312,0.0416666667
120990317,12099000316,0.0144927536
120990317,12099000317,0.8992775259
120990318,12099000313,0.0280524773
120990318,12099000318,0.9719475227
120990319,12099000251,0.0472254718
120990319,12099000318,0.0555555556
120990319,12099000319,0.8972189726
120990320,12099000320,1.0000000000
120990321,12099000321,1.0000000000
120990322,12099000322,0.9824561404
120990322,12099000323,0.0175438596
120990323,12099000323,0.8301886792
120990323,12099000804,0.1698113208
120990324,12099000315,0.4347826087
120990324,12099000324,0.5652173913
120990325,12099000315,0.0454545455
120990325,12099000325,0.3037074657
120990325,12099000326,0.0909090909
120990325,12099000864,0.1557050618
120990325,12099000865,0.4042238361
120990326,12099000325,0.0170338847
120990326,12099000326,0.9633582721
120990326,12099000327,0.0196078431
120990327,12099000327,1.0000000000
120990328,12099000328,0.7497292614
120990328,12099000329,0.0169374052
120990328,12099000866,0.2333333333
120990329,12099000329,1.0000000000
120990330,12099000330,0.5510204082
120990330,12099000869,0.4489795918
120990331,12099000331,0.8862710636
120990331,12099000333,0.1137289364
120990332,12099000334,1.0000000000
120990333,12099000318,0.0238095238
120990333,12099000331,0.1033831614
120990333,12099000333,0.6986624176
120990333,12099000334,0.0973966632
120990333,12099000338,0.0529387102
120990333,12099000339,0.0238095238
120990334,12099000338,0.2898173956
120990334,12099000339,0.7101826044
120990335,12099000339,1.0000000000
120990336,12099000330,0.0523254519
120990336,12099000336,0.5529073132
120990336,12099000869,0.3947672349
120990337,12099000869,1.0000000000
120990338,12099000332,0.2978510282
120990338,12099000338,0.6919414066
120990338,12099000339,0.0102075652
120990339,12099000339,0.9644160336
120990339,12099000341,0.0323296332
120990339,12099000806,0.0032543332
120990340,12099000340,0.8764512945
120990340,12099000347,0.0357142857
120990340,12099000868,0.0878344198
120990341,12099000339,0.0357142857
120990341,12099000341,0.9642857143
120990342,12099000342,0.9956224061
120990342,12099000343,0.0043775939
120990343,12099000343,1.0000000000
120990344,12099000335,0.3243243243
120990344,12099000344,0.5537883113
120990344,12099000346,0.0137792563
120990344,12099000347,0.1081081081
120990345,12099000335,0.2857142857
120990345,12099000343,0.7142857143
120990346,12099000344,0.0815501684
120990346,12099000345,0.6923076923
120990346,12099000346,0.2261421393
120990347,12099000347,1.0000000000
120990348,12099000337,0.2931034483
120990348,12099000348,0.6551724138
120990348,12099000368,0.0517241379
120990349,12099000337,0.0200000000
120990349,12099000349,0.9800000000
120990350,12099000350,0.9297214449
120990350,12099000351,0.0702785551
120990351,12099000350,0.0031547162
120990351,12099000351,0.8301786171
120990351,12099000372,0.1666666667
120990352,12099000352,0.9464722835
120990352,12099000715,0.0334043511
120990352,1209900NP30,0.0201233654
120990353,12099000300,0.0294117647
120990353,12099000353,0.8523311940
120990353,12099000376,0.0294117647
120990353,12099000518,0.0882352941
120990353,12099000744,0.0006099825
120990354,12099000354,1.0000000000
120990355,12099000355,1.0000000000
120990356,12099000356,0.9600000000
120990356,12099000376,0.0400000000
120990357,12099000357,1.0000000000
120990358,12099000355,0.1250000000
120990358,12099000358,0.8750000000
120990359,12099000359,1.0000000000
120990360,12099000355,0.0833333333
120990360,12099000360,0.9166666667
120990361,12099000361,1.0000000000
120990362,12099000361,1.0000000000
120990363,12099000362,0.0232848595
120990363,12099000363,0.9523809524
120990363,12099000364,0.0243341882
120990364,12099000362,0.0344057194
120990364,12099000364,0.9651761093
120990364,12099000381,0.0004181713
120990365,12099000365,1.0000000000
120990366,12099000366,0.9677419355
120990366,12099000368,0.0322580645
120990367,12099000367,1.0000000000
120990368,12099000366,0.0095264826
120990368,12099000368,0.9904735174
120990369,12099000369,1.0000000000
120990370,12099000370,1.0000000000
120990371,12099000371,1.0000000000
120990372,12099000365,0.1666666667
120990372,12099000371,0.0555555556
120990372,12099000372,0.7777777778
120990373,12099000356,0.0666666667
120990373,12099000373,0.8666666667
120990373,12099000377,0.0666666667
120990374,12099000355,0.0526315789
120990374,12099000359,0.1052631579
120990374,12099000360,0.0094585175
120990374,12099000374,0.8326467456
120990375,12099000359,0.0434782609
120990375,12099000375,0.9565217391
120990376,12099000376,0.5000000000
120990376,12099000518,0.5000000000
120990377,12099000377,1.0000000000
120990378,12099000378,0.9411764706
120990378,12099000518,0.0588235294
120990379,12099000379,1.0000000000
120990380,12099000380,0.9333333333
120990380,12099000518,0.0666666667
120990381,12099000381,1.0000000000
120990382,12099000382,1.0000000000
120990383,12099000383,1.0000000000
120990384,12099000384,1.0000000000
120990385,12099000366,0.0454545455
120990385,12099000385,0.9545454545
120990386,12099000386,0.9411764706
120990386,12099000398,0.0588235294
120990387,12099000384,0.0800000000
120990387,12099000387,0.9198058594
120990387,12099000398,0.0001941406
120990388,12099000388,1.0000000000
120990389,12099000370,0.1250000000
120990389,12099000388,0.2500000000
120990389,12099000392,0.6250000000
120990390,12099000372,1.0000000000
120990391,12099000392,1.0000000000
120990392,12099000370,0.0322580645
120990392,12099000372,0.0080541562
120990392,12099000390,0.3923819135
120990392,12099000392,0.5673058658
120990393,12099000393,0.9473684211
120990393,12099000404,0.0526315789
120990394,12099000394,1.0000000000
120990395,12099000395,1.0000000000
120990396,12099000396,1.0000000000
120990397,12099000396,0.0023542647
120990397,12099000397,0.9976457353
120990398,12099000398,1.0000000000
120990399,12099000399,0.5109621519
120990399,12099000402,0.0422293375
120990399,12099000404,0.0212765957
120990399,12099000875,0.4255319149
120990400,12099000400,1.0000000000
120990401,12099000401,0.8973386023
120990401,12099000407,0.1026613977
120990402,12099000393,0.3750000000
120990402,12099000396,0.1250000000
120990402,12099000397,0.5000000000
120990403,12099000403,1.0000000000
120990404,12099000402,0.6666666667
120990404,12099000404,0.3333333333
120990405,12099000405,1.0000000000
120990406,12099000406,1.0000000000
120990407,12099000401,0.0512820513
120990407,12099000407,0.4358974359
120990407,12099000416,0.0769230769
120990407,12099000876,0.4358974359
120990408,12099000406,0.0727272727
120990408,12099000408,0.8727272727
120990408,12099000409,0.0545454545
120990409,12099000409,1.0000000000
120990410,12099000410,0.5817834619
120990410,12099000422,0.1818181818
120990410,12099000878,0.2363983563
120990411,12099000058,0.1137379622
120990411,12099000409,0.0476190476
120990411,12099000410,0.0443138849
120990411,12099000411,0.6666666667
120990411,12099000422,0.0952380952
120990411,12099000439,0.0291191806
120990411,12099000878,0.0033051627
120990412,12099000411,1.0000000000
120990413,12099000413,0.6666666667
120990413,1209900NP18,0.3333333333
120990414,12099000401,0.0344291583
120990414,12099000407,0.0057933840
120990414,12099000414,0.9085798170
120990414,12099000416,0.0511976407
120990415,12099000415,0.9998492056
120990415,12099000416,0.0001507944
120990416,12099000416,0.9696969697
120990416,12099000421,0.0303030303
120990417,12099000417,0.9230769231
120990417,12099000442,0.0769230769
120990418,12099000418,0.8948622035
120990418,12099000438,0.1000000000
120990418,12099000514,0.0051377965
120990419,12099000418,0.2941176471
120990419,12099000419,0.7058823529
120990420,12099000416,0.0270270270
120990420,12099000420,0.9729729730
120990421,12099000421,1.0000000000
120990422,12099000422,1.0000000000
120990423,12099000423,0.6538461538
120990423,12099000436,0.0287385445
120990423,12099000819,0.0769230769
120990423,12099000820,0.1923076923
120990423,1209900NP19,0.0481845325
120990424,12099000424,0.9990856135
120990424,12099000426,0.0001092398
120990424,12099000805,0.0008051466
120990425,12099000425,0.9640630919
120990425,12099000805,0.0359369081
120990426,12099000424,0.0061913368
120990426,12099000426,0.8604753299
120990426,1209900NP02,0.1333333333
120990427,12099000427,0.9687500000
120990427,12099000811,0.0312500000
120990428,12099000428,0.8717948718
120990428,12099000430,0.1282051282
120990429,12099000429,0.9687500000
120990429,1209900NP02,0.0312500000
120990430,12099000430,0.6428571429
120990430,12099000432,0.3571428571
120990431,12099000431,0.9142052631
120990431,12099000432,0.0024614035
120990431,1209900NP20,0.0416666667
120990431,1209900NP21,0.0416666667
120990432,12099000432,0.7333333333
120990432,12099000819,0.0666666667
120990432,12099000880,0.0666666667
120990432,12099000882,0.1333333333
120990433,12099000432,0.3076923077
120990433,12099000433,0.6923076923
120990434,12099000434,0.6250000000
120990434,12099000882,0.2500000000
120990434,12099000883,0.1250000000
120990435,12099000432,0.2000000000
120990435,12099000436,0.8000000000
120990436,12099000423,0.0350150960
120990436,12099000432,0.0384615385
120990436,12099000436,0.8989375616
120990436,12099000819,0.0176782853
120990436,12099000880,0.0099075187
120990437,12099000437,1.0000000000
120990438,12099000418,1.0000000000
120990439,12099000413,0.0000166940
120990439,12099000422,0.0222222222
120990439,12099000439,0.9777610838
120990440,12099000440,1.0000000000
120990441,12099000417,0.0504792584
120990441,12099000442,0.9493360084
120990441,12099000823,0.0001847332
120990442,12099000417,0.0066284938
120990442,12099000435,0.0802860679
120990442,12099000441,0.0810810811
120990442,12099000442,0.8312093440
120990442,12099000559,0.0007950132
120990443,12099000443,0.7656250000
120990443,12099000830,0.2343750000
120990444,12099000444,0.8928571429
120990444,12099000884,0.1071428571
120990445,12099000445,1.0000000000
120990446,12099000884,1.0000000000
120990447,12099000827,0.6666666667
120990447,12099000884,0.3333333333
120990448,12099000448,0.9996201437
120990448,12099000452,0.0003798563
120990449,12099000449,1.0000000000
120990450,12099000450,1.0000000000
120990451,12099000451,1.0000000000
120990452,12099000452,1.0000000000
120990453,12099000451,0.1901588357
120990453,12099000453,0.8098411643
120990454,12099000453,0.2068965517
120990454,12099000454,0.7931034483
120990455,12099000455,0.9629629630
120990455,12099000457,0.0370370370
120990456,12099000456,0.7665852158
120990456,12099000461,0.2334147842
120990457,12099000457,1.0000000000
120990458,12099000459,1.0000000000
120990459,12099000459,1.0000000000
120990460,12099000457,0.7200000000
120990460,12099000462,0.2800000000
120990461,12099000457,0.0416666667
120990461,12099000461,0.9166666667
120990461,12099000462,0.0416666667
120990462,12099000457,0.3087478168
120990462,12099000462,0.6912521832
120990463,12099000460,0.1388888889
120990463,12099000463,0.8611111111
120990464,12099000460,0.2500000000
120990464,12099000464,0.7500000000
120990465,12099000465,0.4500000000
120990465,12099000466,0.5500000000
120990466,12099000460,0.3181818182
120990466,12099000465,0.3181818182
120990466,12099000466,0.2727272727
120990466,12099000575,0.0454545455
120990466,12099000586,0.0454545455
120990467,12099000452,1.0000000000
120990468,12099000463,0.0645161290
120990468,12099000465,0.0322580645
120990468,12099000468,0.8709677419
120990468,12099000598,0.0322580645
120990469,12099000465,0.0400000000
120990469,12099000466,0.0400000000
120990469,12099000469,0.9200000000
120990470,12099000452,1.0000000000
120990471,12099000471,1.0000000000
120990472,12099000452,0.0652173913
120990472,12099000461,0.4565217391
120990472,12099000462,0.4782608696
120990473,12099000468,0.3082056071
120990473,12099000473,0.6917943929
120990474,12099000474,1.0000000000
120990475,12099000475,1.0000000000
120990476,12099000476,1.0000000000
120990477,12099000476,0.2702702703
120990477,12099000477,0.7297297297
120990478,12099000476,0.1000000000
120990478,12099000478,0.9000000000
120990479,12099000479,0.4963901690
120990479,12099000481,0.5036098310
120990480,12099000480,1.0000000000
120990481,12099000480,0.6470588235
120990481,12099000481,0.0294117647
120990481,12099000482,0.3235294118
120990482,12099000471,1.0000000000
120990483,12099000483,0.6181818182
120990483,12099000484,0.3818181818
120990484,12099000477,0.5000000000
120990484,12099000484,0.5000000000
120990485,12099000477,0.3877551020
120990485,12099000485,0.6122448980
120990486,12099000486,1.0000000000
120990487,12099000487,1.0000000000
120990488,12099000488,1.0000000000
120990489,12099000482,1.0000000000
120990490,12099000480,0.0208333333
120990490,12099000482,0.0208333333
120990490,12099000490,0.6250000000
120990490,12099000491,0.0625000000
120990490,12099000494,0.0416666667
120990490,12099000505,0.0833333333
120990490,12099000506,0.1458333333
120990491,12099000483,0.0833333333
120990491,12099000491,0.9166666667
120990492,12099000492,1.0000000000
120990493,12099000493,1.0000000000
120990494,12099000494,1.0000000000
120990495,12099000494,0.3888888889
120990495,12099000495,0.6111111111
120990496,12099000494,0.0312500000
120990496,12099000496,0.9687500000
120990497,12099000489,0.2826086957
120990497,12099000497,0.7173913043
120990498,12099000498,1.0000000000
120990499,12099000499,1.0000000000
120990500,12099000500,1.0000000000
120990501,12099000501,0.5625000000
120990501,12099000503,0.4375000000
120990502,12099000502,0.3888888889
120990502,12099000503,0.6111111111
120990503,12099000499,0.0526315789
120990503,12099000503,0.2631578947
120990503,12099000504,0.6842105263
120990504,12099000504,1.0000000000
120990505,12099000505,1.0000000000
120990506,12099000505,0.0119047619
120990506,12099000506,0.9880952381
120990507,12099000495,0.4583333333
120990507,12099000507,0.5416666667
120990508,12099000507,0.9629629630
120990508,12099000509,0.0370370370
120990509,12099000489,0.0588235294
120990509,12099000509,0.9411764706
120990510,12099000510,1.0000000000
120990511,12099000416,0.0003240676
120990511,12099000511,0.9996759324
120990512,12099000418,0.2500000000
120990512,12099000512,0.7500000000
120990513,12099000418,0.7781341345
120990513,12099000513,0.2218658656
120990514,12099000514,1.0000000000
120990515,12099000438,1.0000000000
120990516,12099000516,1.0000000000
120990517,12099000517,0.9500000000
120990517,12099000520,0.0500000000
120990518,12099000518,1.0000000000
120990519,12099000508,0.6789396254
120990519,12099000515,0.1511720436
120990519,12099000519,0.1698883310
120990520,12099000508,0.6250000000
120990520,12099000520,0.3750000000
120990521,12099000521,1.0000000000
120990522,12099000518,0.0333333333
120990522,12099000522,0.9666666667
120990523,12099000518,0.0909090909
120990523,12099000523,0.9090909091
120990524,12099000524,1.0000000000
120990525,12099000524,1.0000000000
120990526,12099000526,1.0000000000
120990527,12099000527,1.0000000000
120990528,12099000519,0.4285714286
120990528,12099000528,0.5714285714
120990529,12099000529,1.0000000000
120990530,12099000530,0.6000000000
120990530,12099000538,0.4000000000
120990531,12099000531,1.0000000000
120990532,12099000532,1.0000000000
120990533,12099000532,0.0625000000
120990533,12099000533,0.9375000000
120990534,12099000534,1.0000000000
120990535,12099000535,1.0000000000
120990536,12099000519,0.0454545455
120990536,12099000536,0.9545454545
120990537,12099000534,0.1538461538
120990537,12099000537,0.8461538462
120990538,12099000538,1.0000000000
120990539,12099000533,0.0833333333
120990539,12099000534,0.0833333333
120990539,12099000539,0.8333333333
120990540,12099000540,1.0000000000
120990541,12099000541,1.0000000000
120990542,12099000519,0.2500000000
120990542,12099000541,0.7500000000
120990543,12099000543,0.9444444444
120990543,12099000544,0.0555555556
120990544,12099000544,1.0000000000
120990545,12099000545,1.0000000000
120990546,12099000546,0.7307692308
120990546,12099000547,0.2692307692
120990547,12099000547,0.9823232235
120990547,12099000582,0.0176767765
120990548,12099000548,1.0000000000
120990549,12099000549,1.0000000000
120990550,12099000550,1.0000000000
120990551,12099000551,1.0000000000
120990552,12099000552,0.8125000000
120990552,12099000557,0.1875000000
120990553,12099000553,1.0000000000
120990554,12099000554,1.0000000000
120990555,12099000555,1.0000000000
120990556,12099000556,1.0000000000
120990557,12099000557,0.9722929536
120990557,12099000563,0.0277070464
120990558,12099000558,1.0000000000
120990559,12099000442,0.0769230769
120990559,12099000556,0.2307692308
120990559,12099000559,0.6923076923
120990560,12099000441,0.7766055933
120990560,12099000571,0.2233944067
120990561,12099000561,0.9976387900
120990561,12099000577,0.0023612100
120990562,12099000561,0.2500000000
120990562,12099000577,0.7500000000
120990563,12099000557,0.0094239319
120990563,12099000563,0.9905760681
120990564,12099000564,1.0000000000
120990565,12099000565,1.0000000000
120990566,12099000554,0.0472601915
120990566,12099000566,0.9527398085
120990567,12099000567,0.6000000000
120990567,12099000577,0.4000000000
120990568,12099000568,1.0000000000
120990569,12099000569,1.0000000000
120990570,12099000570,1.0000000000
120990571,12099000441,0.0138492950
120990571,12099000571,0.9861507050
120990572,12099000572,1.0000000000
120990573,12099000573,1.0000000000
120990574,12099000573,0.0123338700
120990574,12099000574,0.9876661300
120990575,12099000561,1.0000000000
120990576,12099000561,0.4615384615
120990576,12099000576,0.5384615385
120990577,12099000561,0.0001219194
120990577,12099000567,0.6818181818
120990577,12099000577,0.3180598988
120990578,12099000578,1.0000000000
120990579,12099000571,0.1666666667
120990579,12099000579,0.8333333333
120990580,12099000580,1.0000000000
120990581,12099000581,1.0000000000
120990582,12099000582,1.0000000000
120990583,12099000460,0.0416666667
120990583,12099000583,0.9583333333
120990584,12099000575,0.3953488372
120990584,12099000584,0.6046511628
120990585,12099000585,1.0000000000
120990586,12099000562,0.3333333333
120990586,12099000586,0.6666666667
120990587,12099000587,0.6296296296
120990587,12099000588,0.3703703704
120990588,12099000588,0.5000000000
120990588,12099000591,0.5000000000
120990589,12099000589,1.0000000000
120990590,12099000587,0.2098639095
120990590,12099000588,0.5483870968
120990590,12099000590,0.2094909292
120990590,12099000600,0.0322580645
120990591,12099000590,0.3750000000
120990591,12099000591,0.6250000000
120990592,12099000592,1.0000000000
120990593,12099000593,0.9795918367
120990593,12099000595,0.0204081633
120990594,12099000594,1.0000000000
120990595,12099000595,1.0000000000
120990596,12099000596,1.0000000000
120990597,12099000595,0.0526315789
120990597,12099000597,0.9473684211
120990598,12099000463,0.0384615385
120990598,12099000468,0.0384615385
120990598,12099000598,0.9230769231
120990599,12099000463,0.0312500000
120990599,12099000599,0.9687500000
120990600,12099000590,0.0542158264
120990600,12099000600,0.3688610967
120990600,12099000601,0.5769230769
120990601,12099000601,0.4166666667
120990601,12099000610,0.5833333333
120990602,12099000602,0.5405405405
120990602,12099000612,0.4594594595
120990603,12099000602,1.0000000000
120990604,12099000604,0.9230769231
120990604,12099000605,0.0769230769
120990605,12099000605,1.0000000000
120990606,12099000606,1.0000000000
120990607,12099000600,1.0000000000
120990608,12099000600,0.0303030303
120990608,12099000608,0.9696969697
120990609,12099000609,1.0000000000
120990610,12099000610,1.0000000000
120990611,12099000611,1.0000000000
120990612,12099000612,1.0000000000
120990613,12099000613,1.0000000000
120990614,12099000606,0.0504274309
120990614,12099000614,0.9495725691
120990615,12099000615,1.0000000000
120990616,12099000616,1.0000000000
120990617,12099000617,1.0000000000
120990618,12099000618,1.0000000000
120990619,12099000619,1.0000000000
120990620,12099000620,0.5925925926
120990620,12099000621,0.4074074074
120990621,12099000621,1.0000000000
120990622,12099000622,1.0000000000
120990623,12099000573,0.7777777778
120990623,12099000574,0.2222222222
120990624,12099000624,1.0000000000
120990625,12099000624,1.0000000000
120990626,12099000624,0.0166666667
120990626,12099000626,0.4000000000
120990626,12099000629,0.0333333333
120990626,12099000630,0.5500000000
120990627,12099000624,0.0192449275
120990627,12099000627,0.7183955228
120990627,12099000628,0.1978021978
120990627,12099000629,0.0535683409
120990627,12099000630,0.0109890110
120990628,12099000628,1.0000000000
120990629,12099000626,0.0232558140
120990629,12099000627,0.0260574252
120990629,12099000629,0.9506867609
120990630,12099000623,0.1011568755
120990630,12099000625,0.0263157895
120990630,12099000630,0.7473025209
120990630,12099000633,0.0701754386
120990630,12099000634,0.0462774457
120990630,1209900NP22,0.0087719298
120990631,12099000631,0.5000000000
120990631,12099000634,0.5000000000
120990632,12099000630,0.4571428571
120990632,12099000633,0.4857142857
120990632,12099000652,0.0571428571
120990633,12099000633,1.0000000000
120990634,12099000634,1.0000000000
120990635,12099000636,0.9143068625
120990635,1209900NP22,0.0856931375
120990636,12099000634,0.0519480519
120990636,12099000635,0.0047357892
120990636,12099000636,0.8483567430
120990636,12099000640,0.0300243509
120990636,12099000645,0.0649350649
120990637,12099000630,0.0400000000
120990637,12099000634,0.9600000000
120990638,12099000634,0.1086956522
120990638,12099000638,0.8913043478
120990639,12099000634,0.0873155630
120990639,12099000639,0.7620538125
120990639,12099000646,0.1506306245
120990640,12099000636,0.0382520003
120990640,12099000640,0.8775651753
120990640,12099000645,0.0588235294
120990640,12099000646,0.0140799820
120990640,12099000647,0.0035912679
120990640,1209900NP22,0.0076880451
120990641,12099000640,0.3985308950
120990641,12099000645,0.6014691050
120990642,12099000636,0.9705882353
120990642,12099000640,0.0294117647
120990643,12099000640,0.0326755893
120990643,12099000645,0.9329671540
120990643,12099000646,0.0343572568
120990644,12099000640,0.0010773577
120990644,12099000646,0.9989226423
120990645,12099000645,1.0000000000
120990646,12099000634,0.0178571429
120990646,12099000645,0.0178571429
120990646,12099000646,0.9642857143
120990647,12099000607,0.0040631640
120990647,12099000640,0.0002413573
120990647,12099000647,0.8706954788
120990647,1209900NP22,0.1250000000
120990648,12099000607,0.9772727273
120990648,1209900NP22,0.0227272727
120990649,12099000607,0.4080845489
120990649,12099000640,0.0306122449
120990649,12099000649,0.4873306029
120990649,12099000650,0.0739726034
120990650,12099000650,1.0000000000
120990651,12099000633,0.9936100207
120990651,12099000650,0.0063899793
120990652,12099000652,0.9722222222
120990652,12099000669,0.0277777778
120990653,12099000653,0.9955265706
120990653,12099000669,0.0044734294
120990654,12099000176,0.0848481195
120990654,12099000641,0.5000000000
120990654,12099000643,0.0862046524
120990654,12099000659,0.3289472280
120990655,12099000003,0.0006297082
120990655,12099000655,0.9993702918
120990656,12099000654,0.1058765414
120990656,12099000656,0.8775945329
120990656,12099000669,0.0165289256
120990657,12099000641,0.6296296296
120990657,12099000643,0.2098765432
120990657,12099000658,0.1604938272
120990658,12099000003,0.0098039216
120990658,12099000641,0.0882352941
120990658,12099000643,0.1176470588
120990658,12099000658,0.7843137255
120990659,12099000643,0.3176470588
120990659,12099000659,0.6823529412
120990660,12099000660,1.0000000000
120990661,12099000661,1.0000000000
120990662,12099000662,1.0000000000
120990663,12099000653,0.0000597036
120990663,12099000663,0.8986674208
120990663,12099000667,0.0000454585
120990663,12099000669,0.1012274171
120990664,12099000664,1.0000000000
120990665,12099000024,0.2612250879
120990665,12099000NP3,0.4887749121
120990665,1209900NP23,0.2500000000
120990666,12099000669,1.0000000000
120990667,12099000664,0.0526315789
120990667,12099000667,0.6447368421
120990667,12099000670,0.3026315789
120990668,12099000664,0.9727942013
120990668,12099000667,0.0270270270
120990668,12099000669,0.0001787717
120990669,12099000669,1.0000000000
120990670,12099000664,0.0714285714
120990670,12099000670,0.9285714286
120990671,12099000667,0.3139534884
120990671,12099000671,0.6860465116
120990672,12099000672,0.9997594079
120990672,12099000673,0.0002405921
120990673,12099000672,0.3106843186
120990673,12099000673,0.6893156814
120990674,12099000674,1.0000000000
120990675,12099000675,0.7857142857
120990675,12099000677,0.2142857143
120990676,12099000669,0.1195746556
120990676,12099000675,0.5454545455
120990676,12099000676,0.3333333333
120990676,12099000678,0.0016374656
120990677,12099000672,1.0000000000
120990678,12099000678,1.0000000000
120990679,12099000678,1.0000000000
120990680,12099000680,1.0000000000
120990681,12099000681,0.9999978961
120990681,12099000689,0.0000021038
120990682,12099000681,0.0304343460
120990682,12099000682,0.3030303030
120990682,12099000689,0.6665353509
120990683,12099000683,1.0000000000
120990684,12099000693,1.0000000000
120990685,12099000684,0.1333333333
120990685,12099000685,0.2000000000
120990685,12099000699,0.6666666667
120990686,12099000686,1.0000000000
120990687,12099000687,0.9919931431
120990687,12099000690,0.0053229392
120990687,12099000691,0.0026839177
120990688,12099000682,0.4400000000
120990688,12099000688,0.5600000000
120990689,12099000683,0.0454545455
120990689,12099000688,0.4545454545
120990689,12099000689,0.5000000000
120990690,12099000690,1.0000000000
120990691,12099000678,0.1666666667
120990691,12099000691,0.8333333333
120990692,12099000692,1.0000000000
120990693,12099000693,0.9268292683
120990693,12099000696,0.0731707317
120990694,12099000685,0.0522797582
120990694,12099000694,0.9477202418
120990695,12099000695,1.0000000000
120990696,12099000696,1.0000000000
120990697,12099000697,1.0000000000
120990698,12099000698,1.0000000000
120990699,12099000684,0.2592592593
120990699,12099000697,0.1481481481
120990699,12099000699,0.5925925926
120990700,12099000679,0.3846153846
120990700,12099000695,0.0769230769
120990700,12099000700,0.4615384615
120990700,12099000701,0.0443026600
120990700,12099000727,0.0326204170
120990701,12099000679,0.1781005727
120990701,12099000701,0.7841643496
120990701,1209900NP25,0.0377350777
120990702,12099000702,1.0000000000
120990704,12099000668,0.0572700419
120990704,12099000703,0.2857142857
120990704,12099000704,0.2998728153
120990704,12099000705,0.3571428571
120990705,12099000703,0.2291666667
120990705,12099000705,0.7708333333
120990706,12099000238,0.0002314740
120990706,12099000703,0.1250619848
120990706,12099000707,0.8747065413
120990707,12099000706,0.9000000000
120990707,12099000708,0.1000000000
120990708,12099000706,0.0601428185
120990708,12099000708,0.9398571815
120990709,12099000709,1.0000000000
120990710,12099000710,0.8400000000
120990710,12099000712,0.0400000000
120990710,12099000718,0.1200000000
120990711,12099000672,0.1250000000
120990711,12099000711,0.3750000000
120990711,12099000870,0.5000000000
120990712,12099000712,0.6609912089
120990712,12099000716,0.0890087911
120990712,12099000718,0.2500000000
120990713,12099000712,0.3250000000
120990713,12099000713,0.6750000000
120990714,12099000352,0.0263157895
120990714,12099000714,0.9736650678
120990714,12099000716,0.0000191427
120990715,12099000352,0.1333333333
120990715,12099000714,0.0666666667
120990715,12099000715,0.8000000000
120990716,12099000716,0.7241379310
120990716,12099000717,0.2758620690
120990717,12099000712,0.1707953064
120990717,12099000716,0.3292046936
120990717,12099000717,0.5000000000
120990718,12099000717,0.3571428571
120990718,12099000718,0.6428571429
120990719,12099000717,0.5925925926
120990719,12099000718,0.0370370370
120990719,12099000719,0.0370370370
120990719,12099000720,0.3333333333
120990720,12099000720,0.8000000000
120990720,12099000721,0.2000000000
120990721,12099000721,1.0000000000
120990722,12099000719,0.0000160329
120990722,12099000722,0.7714125385
120990722,12099000723,0.2285714286
120990723,12099000719,0.5335087556
120990723,12099000722,0.0864912444
120990723,12099000723,0.2200000000
120990723,12099000724,0.1400000000
120990723,12099000741,0.0200000000
120990724,12099000719,0.1428571429
120990724,12099000724,0.8571428571
120990725,12099000721,0.0351766932
120990725,12099000725,0.7913805578
120990725,12099000727,0.0002432861
120990725,12099000729,0.1731994629
120990726,12099000729,1.0000000000
120990727,12099000727,0.9333333333
120990727,12099000733,0.0666666667
120990728,12099000728,0.6666666667
120990728,12099000733,0.3333333333
120990729,12099000727,0.0013049676
120990729,12099000729,0.9986950324
120990730,12099000730,1.0000000000
120990731,12099000731,0.2258064516
120990731,12099000753,0.0322580645
120990731,1209900NP24,0.7419354839
120990732,12099000701,0.0296414704
120990732,12099000702,0.0570651234
120990732,12099000727,0.0438494628
120990732,12099000728,0.0400099628
120990732,12099000732,0.3247400006
120990732,12099000733,0.0018451365
120990732,12099000748,0.0217391304
120990732,12099000871,0.0219737118
120990732,12099000872,0.0840741249
120990732,12099000873,0.1997954787
120990732,12099000885,0.1752663976
120990733,12099000728,0.0484153986
120990733,12099000733,0.3209497538
120990733,12099000873,0.6306348476
120990734,12099000732,0.2142857143
120990734,12099000734,0.5714285714
120990734,12099000748,0.2142857143
120990735,12099000735,1.0000000000
120990736,12099000731,0.8333333333
120990736,12099000736,0.1666666667
120990737,12099000252,0.3076923077
120990737,12099000737,0.6923076923
120990738,12099000258,0.1111111111
120990738,12099000735,0.6401253544
120990738,12099000738,0.1932079789
120990738,12099000739,0.0555555556
120990739,12099000258,0.9985704316
120990739,12099000259,0.0014295684
120990740,12099000352,1.0000000000
120990741,12099000741,1.0000000000
120990742,12099000741,0.6215186226
120990742,12099000747,0.0034813774
120990742,1209900NP26,0.3750000000
120990743,12099000743,1.0000000000
120990744,12099000744,1.0000000000
120990745,12099000745,0.9986612618
120990745,12099000746,0.0013387382
120990746,12099000741,0.0790960644
120990746,12099000743,0.1111111111
120990746,12099000745,0.0018253866
120990746,12099000746,0.8079674379
120990747,12099000741,0.0105561369
120990747,12099000744,0.0004095843
120990747,12099000747,0.9364026999
120990747,12099000752,0.0526315789
120990748,12099000748,0.8336316278
120990748,12099000753,0.1663683722
120990749,12099000748,0.0000209465
120990749,12099000749,0.9999790535
120990750,12099000749,0.0981018579
120990750,12099000750,0.9018981421
120990751,12099000751,1.0000000000
120990752,12099000752,1.0000000000
120990753,12099000753,1.0000000000
120990754,12099000754,1.0000000000
120990755,12099000755,1.0000000000
120990756,12099000652,0.9565217391
120990756,12099000669,0.0434782609
120990757,12099000757,1.0000000000
120990758,12099000758,0.6666666667
120990758,12099000760,0.1111111111
120990758,12099000764,0.1111111111
120990758,1209900NP34,0.1111111111
120990759,12099000761,1.0000000000
120990760,12099000760,0.9494496076
120990760,12099000761,0.0462856335
120990760,12099000763,0.0042647589
120990761,12099000761,1.0000000000
120990762,12099000763,0.2000000000
120990762,12099000776,0.7998859648
120990762,12099000777,0.0001140352
120990763,12099000763,0.6086956522
120990763,12099000764,0.3913043478
120990764,12099000213,0.4117647059
120990764,12099000764,0.5882352941
120990765,12099000182,0.8251140931
120990765,12099000774,0.0627758154
120990765,12099000NP9,0.1121100915
120990766,12099000765,1.0000000000
120990767,12099000767,0.7608695652
120990767,12099000768,0.2391304348
120990768,12099000759,0.0910798847
120990768,12099000762,0.2917420243
120990768,12099000768,0.5338447577
120990768,12099000855,0.0833333333
120990769,12099000769,1.0000000000
120990770,12099000770,1.0000000000
120990771,12099000191,0.0353296162
120990771,12099000771,0.9514243466
120990771,1209900NP33,0.0132460372
120990772,12099000770,0.1058823529
120990772,12099000771,0.0823529412
120990772,12099000772,0.8117647059
120990773,12099000767,0.4651162791
120990773,12099000768,0.0697674419
120990773,12099000773,0.4418604651
120990773,12099000774,0.0232558140
120990774,12099000761,0.0347210536
120990774,12099000774,0.7173947452
120990774,12099000775,0.2228842012
120990774,12099000777,0.0250000000
120990775,12099000773,1.0000000000
120990776,12099000776,0.9533127609
120990776,12099000777,0.0172754744
120990776,12099000780,0.0294117647
120990777,12099000777,1.0000000000
120990778,12099000778,0.6000000000
120990778,12099000779,0.4000000000
120990779,12099000193,0.0142258252
120990779,12099000779,0.8840579710
120990779,12099000783,0.0289855072
120990779,12099000784,0.0727306965
120990780,12099000780,1.0000000000
120990781,12099000229,0.0625000000
120990781,12099000780,0.3125000000
120990781,12099000781,0.6250000000
120990782,12099000782,0.9420289855
120990782,12099000786,0.0579710145
120990783,12099000778,0.6323529412
120990783,12099000783,0.3676470588
120990784,12099000778,0.1875000000
120990784,12099000783,0.4375000000
120990784,12099000784,0.3750000000
120990785,12099000776,0.2500000000
120990785,12099000788,0.7500000000
120990786,12099000786,1.0000000000
120990787,12099000194,0.0293226353
120990787,12099000787,0.5625000000
120990787,12099000793,0.3739938163
120990787,12099000795,0.0341835484
120990788,12099000788,1.0000000000
120990789,12099000789,0.6923076923
120990789,12099000790,0.3076923077
120990790,12099000788,0.1764705882
120990790,12099000790,0.8235294118
120990791,12099000788,1.0000000000
120990792,12099000789,1.0000000000
120990793,12099000788,0.2291666667
120990793,12099000793,0.4166666667
120990793,12099000794,0.3125000000
120990793,12099000796,0.0416666667
120990794,12099000195,0.0105100998
120990794,12099000794,0.6000000000
120990794,12099000795,0.3894899002
120990795,12099000195,0.0039975923
120990795,12099000244,0.1842105263
120990795,12099000791,0.3947368421
120990795,12099000794,0.0789473684
120990795,12099000795,0.3381076709
120990796,12099000244,0.0217391304
120990796,12099000791,0.3695652174
120990796,12099000796,0.6086956522
120990797,12099000797,1.0000000000
120990798,12099000797,0.1250000000
120990798,12099000798,0.8750000000
120990799,12099000799,0.8807668345
120990799,12099000804,0.1192331655
120990800,12099000800,0.8072289157
120990800,12099000802,0.1927710843
120990801,12099000801,1.0000000000
120990802,12099000802,1.0000000000
120990803,12099000800,0.4070796460
120990803,12099000801,0.3185840708
120990803,12099000802,0.0619469027
120990803,12099000803,0.2123893805
120990804,12099000804,1.0000000000
120990805,12099000805,1.0000000000
120990806,12099000351,0.0138888889
120990806,12099000806,0.5815582289
120990806,12099000807,0.3906639933
120990806,12099000809,0.0138888889
120990807,12099000807,1.0000000000
120990808,12099000808,1.0000000000
120990809,12099000351,0.0486237177
120990809,12099000809,0.8913043478
120990809,12099000874,0.0434356518
120990809,12099000886,0.0166362827
120990810,12099000810,1.0000000000
120990811,12099000391,0.0689655172
120990811,12099000811,0.9310344828
120990813,12099000391,0.2481008005
120990813,12099000813,0.7518991995
120990814,12099000814,1.0000000000
120990815,12099000815,0.7706422018
120990815,12099000816,0.2293577982
120990816,12099000816,0.3333333333
120990816,12099000818,0.1666666667
120990816,12099000819,0.5000000000
120990817,12099000409,0.3000000000
120990817,12099000818,0.7000000000
120990818,12099000818,1.0000000000
120990819,12099000819,1.0000000000
120990820,12099000820,1.0000000000
120990821,12099000439,0.5675675676
120990821,12099000820,0.4324324324
120990822,12099000437,0.8235294118
120990822,12099000820,0.1176470588
120990822,12099000826,0.0588235294
120990823,12099000823,1.0000000000
120990824,12099000824,1.0000000000
120990825,12099000825,1.0000000000
120990826,12099000826,0.7419354839
120990826,12099000830,0.2580645161
120990827,12099000827,0.9166666667
120990827,12099000884,0.0833333333
120990828,12099000828,0.6944444444
120990828,12099000829,0.3055555556
120990829,12099000829,1.0000000000
120990830,12099000830,1.0000000000
120990831,12099000827,0.0664053196
120990831,12099000831,0.9335946804
120990832,12099000803,0.4601769912
120990832,12099000807,0.0265486726
120990832,12099000832,0.5132743363
120990833,12099000097,0.0119047619
120990833,12099000100,0.0003489332
120990833,12099000101,0.0008238496
120990833,12099000106,0.0012791846
120990833,12099000193,0.0014083230
120990833,12099000433,0.0119047619
120990833,12099000437,0.0119047619
120990833,12099000443,0.0357142857
120990833,12099000459,0.0238095238
120990833,12099000478,0.0119047619
120990833,1209900NP02,0.8889968524
120990834,12099000624,0.0256875348
120990834,12099000636,0.0476190476
120990834,1209900NP22,0.9266934176
120990836,12099000636,1.0000000000
120990837,12099000678,1.0000000000
120990838,12099000679,1.0000000000
120990839,12099000215,0.4000000000
120990839,12099000689,0.2000000000
120990839,1209900NP28,0.2000000000
120990839,1209900NP29,0.2000000000
120990840,12099000NP3,0.2500000000
120990840,1209900NP28,0.2500000000
120990840,1209900NP29,0.5000000000
120990841,12099000192,0.0054010305
120990841,1209900NP33,0.9945989695
120990842,12099000352,0.0238095238
120990842,12099000353,0.1170297884
120990842,12099000517,0.0000013383
120990842,12099000600,0.0476190476
120990842,12099000650,0.0714285714
120990842,12099000711,0.0238095238
120990842,12099000715,0.0048769833
120990842,1209900NP30,0.7114252234
120990843,12099000023,0.3333333333
120990843,120990000NP,0.6666666667
120990844,12099000761,0.7114338358
120990844,12099000NP3,0.2885661642
120990845,12099000086,0.2500000000
120990845,12099000845,0.7500000000
120990846,12099000846,1.0000000000
120990847,12099000204,0.1555720136
120990847,12099000768,0.3444279864
120990847,12099000855,0.5000000000
120990848,12099000755,0.2500000000
120990848,12099000758,0.0019718992
120990848,12099000NP3,0.7480281008
120990849,12099000407,1.0000000000
120990850,12099000669,0.9004774825
120990850,12099000678,0.0995225175
120990851,12099000851,1.0000000000
121010001,12101000001,0.9230018562
121010001,12101000025,0.0438482115
121010001,12101000107,0.0009750060
121010001,12101000109,0.0049138041
121010001,12101000110,0.0076532790
121010001,12101101019,0.0049019608
121010001,12101102001,0.0147058824
121010002,12101101001,1.0000000000
121010003,12101000003,1.0000000000
121010004,12101000001,0.0254803305
121010004,12101000004,0.6888888889
121010004,12101103063,0.2856307806
121010005,12101000005,0.8965517241
121010005,12101000031,0.1034482759
121010006,12101000006,0.9554322114
121010006,12101000107,0.0416666667
121010006,12101106006,0.0029011220
121010007,12101000007,0.9903858565
121010007,12101000111,0.0000092160
121010007,12101000140,0.0043103448
121010007,12101000212,0.0009270068
121010007,12101101086,0.0043103448
121010007,12101101104,0.0000572310
121010008,12101000007,1.0000000000
121010009,12101000007,1.0000000000
121010010,12101000010,1.0000000000
121010011,12101000011,0.3000000000
121010011,12101101008,0.7000000000
121010012,12101000012,1.0000000000
121010013,12101000012,1.0000000000
121010014,12101000014,0.9641138826
121010014,12101000130,0.0358861174
121010015,12101000015,1.0000000000
121010016,12101000016,1.0000000000
121010017,12101000213,1.0000000000
121010018,12101000067,0.0400000000
121010018,12101000213,0.9600000000
121010019,12101000019,1.0000000000
121010020,12101000007,0.0107526882
121010020,12101000020,0.9892473118
121010021,12101000020,1.0000000000
121010022,12101000007,0.5000000000
121010022,12101000020,0.5000000000
121010023,12101000007,0.0556046257
121010023,12101000023,0.9443953743
121010024,12101000024,0.9883809357
121010024,12101000199,0.0116190643
121010025,12101000001,0.0372232843
121010025,12101000004,0.0506329114
121010025,12101000025,0.8994855765
121010025,12101101019,0.0126582278
121010026,12101000025,1.0000000000
121010027,12101000001,1.0000000000
121010028,12101000001,1.0000000000
121010029,12101000004,1.0000000000
121010030,12101000030,1.0000000000
121010031,12101000007,0.0905762879
121010031,12101000031,0.9094237121
121010032,12101000032,1.0000000000
121010033,12101000007,0.1425743352
121010033,12101000031,0.8574256648
121010034,12101000007,0.4657336900
121010034,12101000034,0.5342663100
121010035,12101000007,0.4132227517
121010035,12101000034,0.2252626005
121010035,12101000035,0.0807002431
121010035,12101102022,0.0270270270
121010035,12101103022,0.0575414124
121010035,12101104022,0.1697843705
121010035,12101105022,0.0264615948
121010036,12101000007,0.1086788100
121010036,12101000031,0.8913211900
121010037,12101000037,0.9464851960
121010037,12101000091,0.0076335878
121010037,12101000092,0.0229007634
121010037,12101000225,0.0077132773
121010037,12101103023,0.0076335878
121010037,12101103033,0.0076335878
121010038,12101000038,1.0000000000
121010039,12101000001,0.0258729966
121010039,12101000004,0.9741270034
121010040,12101000001,0.0170267616
121010040,12101000004,0.9829732384
121010041,12101000004,1.0000000000
121010042,12101000042,0.9983737064
121010042,12101000062,0.0016262936
121010043,12101000043,1.0000000000
121010044,12101000044,1.0000000000
121010045,12101000045,1.0000000000
121010046,12101000046,1.0000000000
121010047,12101000047,1.0000000000
121010048,12101000048,1.0000000000
121010049,12101000049,1.0000000000
121010050,12101000050,1.0000000000
121010051,12101000051,1.0000000000
121010052,12101000052,1.0000000000
121010053,12101000053,1.0000000000
121010054,12101000054,1.0000000000
121010055,12101000055,1.0000000000
121010056,12101000056,1.0000000000
121010057,12101000049,0.0163934426
121010057,12101000057,0.9637195123
121010057,12101000073,0.0198870451
121010058,12101000058,0.9871019576
121010058,12101000199,0.0128980424
121010059,12101000078,0.0281690141
121010059,12101000103,0.9718309859
121010060,12101000060,1.0000000000
121010061,12101000061,0.7368421053
121010061,12101000218,0.2631578947
121010062,12101000042,0.0120355263
121010062,12101000062,0.9879644737
121010063,12101000042,0.0101516619
121010063,12101000082,0.0047032415
121010063,12101000102,0.9851450966
121010064,12101000064,1.0000000000
121010065,12101000019,0.9999966168
121010065,12101000060,0.0000033832
121010066,12101000066,0.5029035921
121010066,12101101031,0.3435551987
121010066,12101101103,0.1535412092
121010067,12101000067,0.9459459459
121010067,12101000213,0.0540540541
121010068,12101000068,1.0000000000
121010069,12101000049,0.9998815463
121010069,12101000057,0.0001184537
121010070,12101000014,0.0034271159
121010070,12101000070,0.9965728841
121010071,12101000071,1.0000000000
121010072,12101000072,1.0000000000
121010073,12101000073,1.0000000000
121010074,12101000058,0.0525082878
121010074,12101000074,0.9474917122
121010075,12101000037,0.0000074489
121010075,12101000075,0.9999925511
121010076,12101000076,1.0000000000
121010077,12101000077,1.0000000000
121010078,12101000078,1.0000000000
121010079,12101000079,1.0000000000
121010080,12101000019,1.0000000000
121010081,12101000081,1.0000000000
121010082,12101000082,1.0000000000
121010083,12101000037,0.0000105886
121010083,12101000042,0.0445835709
121010083,12101000083,0.9554058405
121010084,12101000037,0.1705225632
121010084,12101000042,0.1666666667
121010084,12101000084,0.6628107702
121010085,12101000037,0.4285714286
121010085,12101000188,0.5714285714
121010086,12101000188,1.0000000000
121010087,12101000042,0.3369754173
121010087,12101000087,0.6630245827
121010088,12101000188,1.0000000000
121010089,12101000089,1.0000000000
121010090,12101000090,0.8395284806
121010090,12101000091,0.1597866908
121010090,12101000113,0.0006848286
121010091,12101000091,1.0000000000
121010092,12101000092,1.0000000000
121010093,12101000092,1.0000000000
121010094,12101000094,1.0000000000
121010095,12101000092,1.0000000000
121010096,12101000019,1.0000000000
121010097,12101000042,0.0330809901
121010097,12101000082,0.0168269289
121010097,12101000097,0.8855759520
121010097,12101000218,0.0483870968
121010097,12101101033,0.0161290323
121010098,12101102033,1.0000000000
121010099,12101000019,0.1126760563
121010099,12101000099,0.8873239437
121010100,12101000042,0.0666666667
121010100,12101000082,0.0379653506
121010100,12101000100,0.8953679827
121010101,12101000101,1.0000000000
121010102,12101000102,1.0000000000
121010103,12101000103,1.0000000000
121010104,12101000042,0.9771489632
121010104,12101000064,0.0114874004
121010104,12101000100,0.0113636364
121010105,12101000016,0.8000000000
121010105,12101000075,0.2000000000
121010106,12101000106,0.9722527136
121010106,12101000193,0.0277472864
121010107,12101000001,0.0129870130
121010107,12101000006,0.1660038382
121010107,12101000107,0.8210091488
121010108,12101000108,1.0000000000
121010109,12101000001,0.0023409459
121010109,12101000109,0.9976590541
121010110,12101000110,1.0000000000
121010111,12101000007,0.0214859279
121010111,12101000111,0.9785140721
121010112,12101000112,0.8949056706
121010112,12101000161,0.1050943294
121010113,12101000113,1.0000000000
121010114,12101000037,0.0000477020
121010114,12101000042,0.9269766520
121010114,12101000083,0.0000155065
121010114,12101000097,0.0269831280
121010114,12101000225,0.0459770115
121010115,12101000042,0.7956528288
121010115,12101000225,0.2043471712
121010116,12101000116,1.0000000000
121010117,12101000042,0.7500000000
121010117,12101000218,0.2500000000
121010118,12101000042,0.2500000000
121010118,12101000097,0.7500000000
121010119,12101000001,0.9333373918
121010119,12101000004,0.0197410267
121010119,12101000025,0.0001318332
121010119,12101101063,0.0048543689
121010119,12101102063,0.0031004280
121010119,12101103063,0.0388349515
121010120,12101103001,1.0000000000
121010121,12101000007,0.1196715520
121010121,12101000023,0.7677268344
121010121,12101102069,0.0987638872
121010121,12101103006,0.0028142589
121010121,12101104006,0.0017175332
121010121,12101111069,0.0046440583
121010121,12101113069,0.0046618760
121010122,12101000122,0.5232312918
121010122,12101101070,0.4767687082
121010123,12101000123,1.0000000000
121010124,12101000124,1.0000000000
121010125,12101000025,0.2384035877
121010125,12101000070,0.0285894188
121010125,12101000125,0.7330069935
121010126,12101000126,1.0000000000
121010127,12101000042,0.9242959691
121010127,12101000084,0.0357142857
121010127,12101000126,0.0042754595
121010127,12101000188,0.0357142857
121010128,12101000123,0.0357142857
121010128,12101000128,0.5833333333
121010128,12101000187,0.3809523810
121010129,12101000129,0.9736842105
121010129,12101000163,0.0263157895
121010130,12101000025,0.2058823529
121010130,12101000130,0.7941176471
121010131,12101000081,0.0100000000
121010131,12101000157,0.9900000000
121010132,12101000132,0.9893517187
121010132,12101000213,0.0105175167
121010132,12101000216,0.0001307646
121010133,12101000133,1.0000000000
121010134,12101000075,0.0001843315
121010134,12101000078,0.9998156685
121010135,12101000019,0.0429126519
121010135,12101000061,0.0154294949
121010135,12101000082,0.9416578533
121010136,12101000082,1.0000000000
121010137,12101000137,0.9807920140
121010137,12101000198,0.0192079860
121010138,12101000007,0.0510185717
121010138,12101000023,0.8665854822
121010138,12101103069,0.0023175837
121010138,12101104069,0.0099311317
121010138,12101107006,0.0028172314
121010138,12101107069,0.0440635190
121010138,12101108069,0.0128038443
121010138,12101109069,0.0064742566
121010138,12101110069,0.0039883793
121010139,12101000007,1.0000000000
121010140,12101000007,0.0261694333
121010140,12101000140,0.9251819180
121010140,12101101086,0.0486486486
121010141,12101000007,0.0868883577
121010141,12101000031,0.9131116423
121010142,12101000007,0.2222222222
121010142,12101000142,0.7777777778
121010143,12101000143,1.0000000000
121010144,12101000007,0.0522691305
121010144,12101000144,0.9477308695
121010145,12101000007,0.2051067755
121010145,12101101022,0.7948932245
121010146,12101000007,1.0000000000
121010147,12101000147,1.0000000000
121010148,12101000130,1.0000000000
121010149,12101000007,0.9791174460
121010149,12101000020,0.0055575930
121010149,12101000140,0.0153249609
121010150,12101000113,1.0000000000
121010151,12101000151,1.0000000000
121010152,12101000062,0.1746031746
121010152,12101000152,0.8253968254
121010153,12101000153,0.9534883721
121010153,12101000166,0.0465116279
121010154,12101000042,0.9811320755
121010154,12101000097,0.0188679245
121010155,12101000082,1.0000000000
121010156,12101000043,1.0000000000
121010157,12101000157,1.0000000000
121010158,12101000019,1.0000000000
121010159,12101000019,0.0016885799
121010159,12101000082,0.9982945607
121010159,12101000102,0.0000168594
121010160,12101000082,1.0000000000
121010161,12101000161,0.7187500000
121010161,12101000199,0.0625000000
121010161,12101100111,0.2187500000
121010162,12101000077,1.0000000000
121010163,12101000163,1.0000000000
121010164,12101000081,1.0000000000
121010165,12101000133,1.0000000000
121010166,12101000166,1.0000000000
121010167,12101000124,1.0000000000
121010168,12101000123,0.0400000000
121010168,12101000128,0.9200000000
121010168,12101000169,0.0400000000
121010169,12101000048,0.0106382979
121010169,12101000169,0.9893617021
121010170,12101000170,0.9655172414
121010170,12101000204,0.0344827586
121010171,12101000205,0.9821428571
121010171,12101101008,0.0178571429
121010172,12057000583,0.0256410256
121010172,12101000172,0.7692307692
121010172,12101000173,0.0256410256
121010172,12101101025,0.1794871795
121010173,12101000173,0.9966993987
121010173,12101000174,0.0033006013
121010174,12101000173,0.0454545455
121010174,12101000174,0.9544983314
121010174,12101000198,0.0000471231
121010175,12101000175,1.0000000000
121010176,12101000007,0.9094559050
121010176,12101000023,0.0070541357
121010176,12101000031,0.0523470277
121010176,12101000032,0.0000036284
121010176,12101000034,0.0182310281
121010176,12101102022,0.0000050492
121010176,12101102069,0.0064516129
121010176,12101105069,0.0064516129
121010177,12101000006,1.0000000000
121010178,12101000007,1.0000000000
121010179,12101000042,0.0196078431
121010179,12101000126,0.9803921569
121010180,12101000015,0.0212765957
121010180,12101000048,0.9787234043
121010181,12101000089,1.0000000000
121010182,12101000182,1.0000000000
121010183,12101000062,0.3720930233
121010183,12101000112,0.0475496075
121010183,12101000183,0.5803573693
121010184,12101000103,1.0000000000
121010185,12101000199,1.0000000000
121010186,12101000166,1.0000000000
121010187,12101000187,1.0000000000
121010188,12101000188,1.0000000000
121010189,12101000188,1.0000000000
121010190,12101000190,1.0000000000
121010191,12101000204,0.0000514270
121010191,12101000206,0.2631064677
121010191,12101001060,0.7368421053
121010192,12101000128,1.0000000000
121010193,12101000193,1.0000000000
121010194,12101000194,1.0000000000
121010195,12101000195,0.7402597403
121010195,12101000201,0.0129870130
121010195,12101100111,0.2467532468
121010196,12101000196,1.0000000000
121010197,12101000169,0.1153846154
121010197,12101000197,0.8846153846
121010198,12101000174,0.0000588844
121010198,12101000198,0.9999411156
121010199,12101000024,0.0277963278
121010199,12101000058,0.0188720141
121010199,12101000199,0.9533316581
121010200,12101000058,1.0000000000
121010201,12101000199,0.0769230769
121010201,12101000201,0.9230769231
121010202,12101000015,1.0000000000
121010203,12101000203,1.0000000000
121010204,12101000204,0.9761598901
121010204,12101000206,0.0238401099
121010205,12101000205,0.9062500000
121010205,12101101008,0.0937500000
121010206,12101000190,0.1071428571
121010206,12101000206,0.8928571429
121010207,12101000172,0.0250274466
121010207,12101000207,0.9749725534
121010208,12101000173,0.0233140260
121010208,12101000198,0.0705732330
121010208,12101000208,0.9061127410
121010209,12101000070,1.0000000000
121010210,12101000106,1.0000000000
121010211,12101000058,1.0000000000
121010212,12101000007,0.0119145575
121010212,12101000212,0.9849715966
121010212,12101101104,0.0031138459
121010213,12101000132,0.0025638054
121010213,12101000213,0.5065232414
121010213,12101100111,0.3648770748
121010213,12101101106,0.1260358784
121010214,12101000073,1.0000000000
121010215,12101000215,1.0000000000
121010216,12101000066,0.0608045991
121010216,12101000213,0.0004198907
121010216,12101000216,0.6020408163
121010216,12101101008,0.3367346939
121010217,12101000217,1.0000000000
121010218,12101000016,0.0108695652
121010218,12101000218,0.9891304348
121010219,12101000219,1.0000000000
121010222,12101000042,0.2500000000
121010222,12101000222,0.7500000000
121010223,12101000037,0.0557435442
121010223,12101000042,0.1442564558
121010223,12101000223,0.8000000000
121010224,12101101033,1.0000000000
121010225,12101000042,0.0370370370
121010225,12101000116,0.0027044226
121010225,12101000225,0.9602585404
121010226,12101000007,1.0000000000
121010227,12101000007,1.0000000000
121030001,12057000998,0.0113228294
121030001,12103000001,0.9886771706
121030002,12103000002,1.0000000000
121030003,12057000998,0.0117089021
121030003,12103000002,0.2027027027
121030003,12103000003,0.5963992060
121030003,12103000005,0.1891891892
121030004,12103000004,1.0000000000
121030005,12103000005,1.0000000000
121030006,12103000001,0.0232558140
121030006,12103000006,0.9767441860
121030007,12103000006,0.9642857143
121030007,12103000020,0.0357142857
121030008,12103000005,1.0000000000
121030009,12103000011,1.0000000000
121030010,12103000010,1.0000000000
121030011,12103000010,0.1093750000
121030011,12103000011,0.8750000000
121030011,12103000016,0.0156250000
121030012,12103000012,0.9687500000
121030012,12103000013,0.0156250000
121030012,12103000015,0.0156250000
121030013,12103000012,0.0188679245
121030013,12103000013,0.9622641509
121030013,12103000081,0.0188679245
121030014,12103000014,0.9750000000
121030014,12103000015,0.0250000000
121030015,12103000015,1.0000000000
121030016,12103000016,0.9803921569
121030016,12103000019,0.0196078431
121030017,12057000998,0.0115041275
121030017,12103000017,0.9884958725
121030018,12103000018,0.9913043478
121030018,12103000019,0.0086956522
121030019,12103000010,0.0208333333
121030019,12103000016,0.3229166667
121030019,12103000019,0.6562500000
121030020,12103000020,1.0000000000
121030021,12103000018,1.0000000000
121030022,12103000022,0.9736842105
121030022,12103000024,0.0263157895
121030023,12103000024,0.9888888889
121030023,12103000082,0.0111111111
121030024,12103000024,0.9988313510
121030024,12103000025,0.0011686490
121030025,12103000025,1.0000000000
121030026,12103000018,0.0178571429
121030026,12103000026,0.9821428571
121030027,12103000026,1.0000000000
121030028,12103000028,1.0000000000
121030029,12103000029,0.9824561404
121030029,12103000030,0.0175438596
121030030,12103000024,0.0235294118
121030030,12103000030,0.9764705882
121030031,12103000030,0.1089108911
121030031,12103000037,0.8613861386
121030031,12103000093,0.0297029703
121030032,12103000032,0.9060771979
121030032,12103000037,0.0939228021
121030033,12103000033,0.8000000000
121030033,12103000035,0.2000000000
121030034,12103000034,0.5849056604
121030034,12103000035,0.4150943396
121030035,12103000026,0.0086956522
121030035,12103000034,0.6434782609
121030035,12103000035,0.3478260870
121030036,12103000032,0.9807692308
121030036,12103000037,0.0192307692
121030037,12103000032,0.1315789474
121030037,12103000037,0.8684210526
121030038,12103000038,0.8030303030
121030038,12103000050,0.1969696970
121030039,12103000039,1.0000000000
121030040,12103000040,1.0000000000
121030041,12103000034,0.2134831461
121030041,12103000041,0.7865168539
121030042,12103000042,1.0000000000
121030043,12103000044,0.5172413793
121030043,12103000046,0.4827586207
121030044,12103000044,1.0000000000
121030045,12103000044,0.1320754717
121030045,12103000046,0.8679245283
121030046,12103000046,1.0000000000
121030047,12103000047,1.0000000000
121030048,12103000048,1.0000000000
121030049,12103000049,1.0000000000
121030050,12103000038,0.2873563218
121030050,12103000050,0.7126436782
121030051,12103000051,1.0000000000
121030052,12103000052,0.9500000000
121030052,12103000062,0.0500000000
121030053,12103000055,1.0000000000
121030054,12103000055,1.0000000000
121030055,12103000055,1.0000000000
121030056,12103000056,1.0000000000
121030057,12103000057,1.0000000000
121030058,12103000062,1.0000000000
121030059,12103000051,0.9117647059
121030059,12103000062,0.0882352941
121030060,12103000060,0.9534883721
121030060,12103000061,0.0465116279
121030061,12103000061,0.6750000000
121030061,12103000068,0.3250000000
121030062,12103000061,0.0407662298
121030062,12103000062,0.9395176630
121030062,12103000068,0.0192307692
121030062,12103000076,0.0004853380
121030063,12103000062,0.0181818182
121030063,12103000063,0.9636363636
121030063,12103000076,0.0181818182
121030064,12103000064,1.0000000000
121030065,12103000065,1.0000000000
121030066,12103000065,0.0294117647
121030066,12103000066,0.9705882353
121030067,12103000065,1.0000000000
121030068,12103000068,1.0000000000
121030069,12103000044,0.0004426045
121030069,12103000070,0.0097087379
121030069,12103000077,0.9898486577
121030070,12103000070,0.8655466913
121030070,12103000072,0.1198914231
121030070,12103000074,0.0020597964
121030070,12103000077,0.0125020892
121030071,12103000070,1.0000000000
121030072,12103000068,0.0230299330
121030072,12103000072,0.9769700670
121030073,12103000061,0.7826086957
121030073,12103000074,0.0144927536
121030073,12103000075,0.1739130435
121030073,12103000145,0.0289855072
121030074,12103000074,0.9857142857
121030074,12103000075,0.0047619048
121030074,12103000155,0.0095238095
121030075,12103000075,1.0000000000
121030076,12103000076,1.0000000000
121030077,12103000070,0.0303030303
121030077,12103000077,0.9595959596
121030077,12103000305,0.0101010101
121030078,12103000088,1.0000000000
121030079,12057000998,0.0111090724
121030079,12103000079,0.9888909276
121030080,12103000080,1.0000000000
121030081,12103000081,1.0000000000
121030082,12103000082,1.0000000000
121030083,12103000083,1.0000000000
121030084,12103000084,1.0000000000
121030085,12103000085,1.0000000000
121030086,12103000086,0.9130434783
121030086,12103000088,0.0869565217
121030087,12103000087,1.0000000000
121030088,12103000088,1.0000000000
121030089,12103000086,0.2563906732
121030089,12103000088,0.0000195833
121030089,12103000089,0.7435897436
121030090,12103000086,0.0370370370
121030090,12103000090,0.9629629630
121030091,12103000090,1.0000000000
121030092,12103000092,1.0000000000
121030093,12103000093,0.5138888889
121030093,12103000104,0.4861111111
121030094,12103000086,1.0000000000
121030095,12103000081,0.0009372801
121030095,12103000095,0.9990627199
121030096,12103000096,1.0000000000
121030097,12103000090,0.0243902439
121030097,12103000107,0.9756097561
121030098,12103000098,1.0000000000
121030099,12103000099,1.0000000000
121030100,12103000100,1.0000000000
121030101,12103000101,1.0000000000
121030102,12103000102,1.0000000000
121030103,12103000099,0.0442477876
121030103,12103000103,0.0796460177
121030103,12103000106,0.7079646018
121030103,12103000113,0.1681415929
121030104,12103000104,1.0000000000
121030105,12103000081,1.0000000000
121030106,12103000106,0.1125000000
121030106,12103000109,0.8875000000
121030107,12103000107,1.0000000000
121030108,12103000108,1.0000000000
121030109,12103000109,1.0000000000
121030110,12103000020,1.0000000000
121030111,12103000111,0.6049382716
121030111,12103000164,0.0123456790
121030111,12103000190,0.3827160494
121030112,12103000112,1.0000000000
121030113,12103000103,0.5903614458
121030113,12103000106,0.0361445783
121030113,12103000113,0.3614457831
121030113,12103000115,0.0120481928
121030114,12103000114,1.0000000000
121030115,12103000115,1.0000000000
121030116,12103000116,1.0000000000
121030117,12103000117,1.0000000000
121030118,12103000119,1.0000000000
121030119,12103000119,1.0000000000
121030120,12103000120,1.0000000000
121030121,12103000117,1.0000000000
121030122,12103000122,0.9418604651
121030122,12103000132,0.0581395349
121030123,12103000123,0.9577464789
121030123,12103000130,0.0422535211
121030124,12103000124,1.0000000000
121030125,12103000125,0.9069767442
121030125,12103000149,0.0465116279
121030125,12103000164,0.0465116279
121030126,12103000124,0.4074074074
121030126,12103000126,0.5185185185
121030126,12103000130,0.0740740741
121030127,12103000130,1.0000000000
121030128,12103000164,1.0000000000
121030129,12103000129,1.0000000000
121030130,12103000130,0.9107142857
121030130,12103000132,0.0892857143
121030131,12103000132,0.9896412081
121030131,12103000142,0.0103587919
121030132,12103000132,1.0000000000
121030133,12103000122,0.0003938239
121030133,12103000132,0.9996061761
121030134,12103000134,0.9999625656
121030134,12103000136,0.0000374344
121030135,12103000051,0.3800000000
121030135,12103000135,0.6200000000
121030136,12103000132,0.0425531915
121030136,12103000134,0.0005115039
121030136,12103000136,0.8935089566
121030136,12103000142,0.0634263480
121030137,12103000129,0.1382978723
121030137,12103000137,0.6276595745
121030137,12103000140,0.1382978723
121030137,12103000142,0.0957446809
121030138,12103000138,1.0000000000
121030139,12103000137,0.7727272727
121030139,12103000139,0.1515151515
121030139,12103000140,0.0757575758
121030140,12103000140,1.0000000000
121030141,12103000136,0.0870027782
121030141,12103000142,0.9129972218
121030142,12103000136,0.0227272727
121030142,12103000142,0.9772727273
121030143,12103000142,1.0000000000
121030144,12103000051,0.8688524590
121030144,12103000135,0.1311475410
121030145,12103000145,1.0000000000
121030146,12103000142,0.1489361702
121030146,12103000146,0.8510638298
121030147,12103000129,0.0143884892
121030147,12103000147,0.9300795326
121030147,12103000160,0.0555319782
121030148,12103000147,0.1052631579
121030148,12103000148,0.8947368421
121030149,12103000149,1.0000000000
121030150,12103000146,0.0574712644
121030150,12103000150,0.9425287356
121030151,12103000145,1.0000000000
121030152,12103000150,1.0000000000
121030153,12103000153,1.0000000000
121030154,12103000154,1.0000000000
121030155,12103000155,1.0000000000
121030156,12103000147,0.0194174757
121030156,12103000156,0.9805825243
121030157,12103000146,0.6627906977
121030157,12103000150,0.3372093023
121030158,12103000158,1.0000000000
121030159,12103000142,0.1648351648
121030159,12103000150,0.4065934066
121030159,12103000159,0.4285714286
121030160,12103000160,0.9970898617
121030160,12103000163,0.0029101383
121030161,12103000161,0.2330281501
121030161,12103000213,0.7669718499
121030162,12103000156,0.1086956522
121030162,12103000161,0.4782608696
121030162,12103000162,0.3913043478
121030162,12103000163,0.0217391304
121030163,12103000163,0.9285714286
121030163,12103000213,0.0714285714
121030164,12103000164,0.5786800501
121030164,12103000193,0.0657643943
121030164,12103000213,0.3555555556
121030165,12103000155,1.0000000000
121030166,12103000166,0.1250000000
121030166,12103000171,0.8750000000
121030167,12103000166,1.0000000000
121030168,12103000168,0.9822485207
121030168,12103000171,0.0177514793
121030169,12103000169,1.0000000000
121030170,12103000166,0.0377358491
121030170,12103000170,0.7358490566
121030170,12103000171,0.1886792453
121030170,12103000172,0.0377358491
121030171,12103000171,0.9887314967
121030171,12103000177,0.0112685033
121030172,12103000172,0.5156250000
121030172,12103000175,0.4843750000
121030173,12103000170,0.2857142857
121030173,12103000173,0.7142857143
121030174,12103000174,1.0000000000
121030175,12103000175,0.9545454545
121030175,12103000182,0.0454545455
121030176,12103000176,0.9869553840
121030176,12103000177,0.0130446160
121030177,12103000171,0.0126582278
121030177,12103000174,0.0136708455
121030177,12103000176,0.0048478319
121030177,12103000177,0.9688230947
121030178,12103000180,0.7222668327
121030178,12103000189,0.2777331673
121030179,12103000180,1.0000000000
121030180,12103000180,1.0000000000
121030181,12103000182,0.9500000000
121030181,12103000239,0.0500000000
121030182,12103000182,1.0000000000
121030183,12103000183,0.9743589744
121030183,12103000198,0.0256410256
121030184,12103000198,1.0000000000
121030185,12103000185,0.6923076923
121030185,12103000186,0.3076923077
121030186,12103000186,1.0000000000
121030187,12103000187,0.9729729730
121030187,12103000193,0.0270270270
121030188,12103000188,1.0000000000
121030189,12103000180,0.6737651976
121030189,12103000189,0.3262348024
121030190,12103000190,1.0000000000
121030191,12103000164,0.0500000000
121030191,12103000190,0.1493856586
121030191,12103000193,0.8006143414
121030192,12103000193,1.0000000000
121030193,12103000193,1.0000000000
121030194,12103000194,0.7692307692
121030194,12103000206,0.2307692308
121030195,12103000186,0.0909090909
121030195,12103000187,0.0909090909
121030195,12103000197,0.8181818182
121030196,12103000199,0.4615384615
121030196,12103000200,0.0268710980
121030196,12103000208,0.5115904405
121030197,12103000197,1.0000000000
121030198,12103000185,0.0294117647
121030198,12103000198,0.9705882353
121030199,12103000199,1.0000000000
121030200,12103000200,0.9508196721
121030200,12103000208,0.0491803279
121030201,12103000200,0.0136986301
121030201,12103000201,0.9589041096
121030201,12103000208,0.0273972603
121030202,12103000202,1.0000000000
121030203,12103000202,0.0121951220
121030203,12103000203,0.9878048780
121030204,12103000204,1.0000000000
121030205,12103000205,1.0000000000
121030206,12103000206,1.0000000000
121030207,12103000207,1.0000000000
121030208,12103000208,0.7774591886
121030208,12103000210,0.2225408114
121030209,12103000209,1.0000000000
121030210,12103000210,0.9565217391
121030210,12103000211,0.0434782609
121030211,12103000211,1.0000000000
121030212,12103000212,0.9064648824
121030212,12103000244,0.0935351176
121030213,12103000213,1.0000000000
121030214,12103000223,1.0000000000
121030215,12103000215,1.0000000000
121030216,12103000216,1.0000000000
121030217,12103000224,0.9705882353
121030217,12103000247,0.0294117647
121030218,12103000218,0.9868882364
121030218,12103000224,0.0131117636
121030219,12103000218,0.0294117647
121030219,12103000219,0.8529411765
121030219,12103000223,0.1176470588
121030220,12103000213,0.0754716981
121030220,12103000220,0.9245283019
121030221,12103000211,0.0002361506
121030221,12103000222,0.9997638494
121030222,12103000222,0.9400000000
121030222,12103000244,0.0600000000
121030223,12103000223,1.0000000000
121030224,12103000224,1.0000000000
121030225,12103000224,0.0014317832
121030225,12103000247,0.9985682168
121030226,12103000079,0.0000520044
121030226,12103000226,0.9944532746
121030226,12103000227,0.0054947210
121030227,12103000086,0.0138888889
121030227,12103000227,0.9861111111
121030228,12103000228,1.0000000000
121030229,12103000229,1.0000000000
121030230,12103000230,0.9756097561
121030230,12103000234,0.0243902439
121030231,12103000231,0.8214285714
121030231,12103000232,0.1785714286
121030232,12103000231,0.0400000000
121030232,12103000232,0.9600000000
121030233,12103000233,1.0000000000
121030234,12103000233,0.1333333333
121030234,12103000234,0.8666666667
121030235,12103000235,1.0000000000
121030236,12103000236,1.0000000000
121030237,12103000237,1.0000000000
121030238,12103000238,0.9997202712
121030238,12103000239,0.0002797288
121030239,12103000239,1.0000000000
121030240,12103000240,1.0000000000
121030241,12103000261,1.0000000000
121030242,12103000242,0.9761904762
121030242,12103000261,0.0238095238
121030243,12103000222,0.0555555556
121030243,12103000244,0.9444444444
121030244,12103000222,0.0277777778
121030244,12103000244,0.9722222222
121030245,12103000218,0.0635148736
121030245,12103000219,0.5936279836
121030245,12103000246,0.3428571429
121030246,12103000246,0.7121212121
121030246,12103000252,0.2878787879
121030247,12103000247,1.0000000000
121030248,12103000248,1.0000000000
121030249,12103000249,1.0000000000
121030250,12103000250,1.0000000000
121030251,12103000251,1.0000000000
121030252,12103000252,1.0000000000
121030253,12103000253,1.0000000000
121030254,12103000254,1.0000000000
121030255,12103000255,1.0000000000
121030256,12103000248,1.0000000000
121030257,12103000257,1.0000000000
121030258,12103000258,1.0000000000
121030259,12103000257,0.0724637681
121030259,12103000259,0.8115942029
121030259,12103000260,0.1159420290
121030260,12103000260,0.9210526316
121030260,12103000300,0.0789473684
121030261,12103000221,0.7647058824
121030261,12103000242,0.0588235294
121030261,12103000261,0.1764705882
121030262,12103000262,0.9998095435
121030262,12103000277,0.0001904565
121030263,12103000262,0.0277777778
121030263,12103000263,0.9650809858
121030263,12103000277,0.0071412365
121030264,12103000260,0.0454545455
121030264,12103000265,0.8978185919
121030264,12103000266,0.0567268627
121030265,12103000265,1.0000000000
121030266,12103000266,0.6179775281
121030266,12103000300,0.3820224719
121030267,12103000267,1.0000000000
121030268,12103000268,0.6504854369
121030268,12103000273,0.2430366909
121030268,12103000274,0.1064778723
121030269,12103000269,1.0000000000
121030270,12103000270,0.8625000000
121030270,12103000271,0.1250000000
121030270,12103000273,0.0125000000
121030271,12103000270,0.9580218981
121030271,12103000271,0.0419781019
121030272,12103000275,1.0000000000
121030273,12103000273,1.0000000000
121030274,12103000273,0.0178571429
121030274,12103000274,0.9821428571
121030275,12103000275,1.0000000000
121030276,12103000277,1.0000000000
121030277,12103000277,1.0000000000
121030278,12103000267,1.0000000000
121030279,12103000282,0.7096774194
121030279,12103000288,0.1612903226
121030279,12103000289,0.1290322581
121030280,12103000284,1.0000000000
121030281,12103000275,0.0200057690
121030281,12103000281,0.9799942310
121030282,12103000282,1.0000000000
121030283,12103000283,1.0000000000
121030284,12103000284,1.0000000000
121030285,12103000287,0.0641025641
121030285,12103000292,0.9180911681
121030285,12103000293,0.0178062678
121030286,12103000277,0.0714285714
121030286,12103000286,0.0357142857
121030286,12103000292,0.8928571429
121030287,12103000287,1.0000000000
121030288,12103000288,1.0000000000
121030289,12103000282,0.0117056712
121030289,12103000289,0.9247551793
121030289,12103000290,0.0635391495
121030290,12103000271,0.3921568627
121030290,12103000290,0.6078431373
121030291,12103000293,0.9767441860
121030291,12103000301,0.0232558140
121030292,12103000292,0.8478260870
121030292,12103000293,0.1521739130
121030293,12103000292,0.0095016625
121030293,12103000293,0.9904983375
121030294,12103000292,0.0254237288
121030294,12103000294,0.9152542373
121030294,12103000299,0.0593220339
121030295,12103000295,1.0000000000
121030296,12103000296,1.0000000000
121030297,12103000302,1.0000000000
121030298,12103000298,1.0000000000
121030299,12103000299,1.0000000000
121030300,12103000265,0.0194174757
121030300,12103000266,0.4563106796
121030300,12103000300,0.5242718447
121030301,12103000301,1.0000000000
121030302,12103000302,1.0000000000
121030303,12103000289,0.0285714286
121030303,12103000303,0.9714285714
121030304,12103000304,1.0000000000
121030305,12103000070,0.1083333333
121030305,12103000072,0.0833333333
121030305,12103000074,0.0083333333
121030305,12103000304,0.1250000000
121030305,12103000305,0.6464944549
121030305,12103000339,0.0285055451
121030306,12103000339,1.0000000000
121030307,12103000307,0.8895173454
121030307,12103000308,0.1104826546
121030308,12103000308,1.0000000000
121030309,12103000308,0.3896103896
121030309,12103000309,0.0705884738
121030309,12103000310,0.4822547599
121030309,12103000311,0.0575463766
121030310,12103000310,1.0000000000
121030311,12103000311,0.9929310401
121030311,12103000323,0.0070689599
121030312,12103000312,1.0000000000
121030313,12103000313,1.0000000000
121030314,12103000270,0.0149253731
121030314,12103000314,0.9850746269
121030315,12103000315,1.0000000000
121030316,12103000303,1.0000000000
121030317,12103000317,1.0000000000
121030318,12103000318,1.0000000000
121030319,12103000318,1.0000000000
121030320,12103000354,1.0000000000
121030321,12103000321,0.6453341532
121030321,12103000338,0.3546658468
121030322,12103000322,1.0000000000
121030323,12103000311,0.0023866213
121030323,12103000323,0.9976133787
121030324,12103000324,1.0000000000
121030325,12103000325,1.0000000000
121030326,12103000335,0.0357142857
121030326,12103000353,0.9642857143
121030327,12103000325,0.0300751880
121030327,12103000327,0.7291282022
121030327,12103000328,0.2406015038
121030327,12103000333,0.0001951061
121030328,12103000327,0.6093750000
121030328,12103000328,0.3906250000
121030329,12103000330,0.0006061293
121030329,12103000332,0.0429344613
121030329,12103000333,0.0384615385
121030329,12103000334,0.9179978709
121030330,12103000330,1.0000000000
121030331,12103000331,1.0000000000
121030332,12103000332,0.9902033888
121030332,12103000347,0.0097966112
121030333,12103000327,0.0088495575
121030333,12103000333,0.9911504425
121030334,12103000334,0.8611111111
121030334,12103000335,0.0277777778
121030334,12103000353,0.1111111111
121030335,12103000334,0.0180690299
121030335,12103000335,0.9819309701
121030336,12103000336,1.0000000000
121030337,12103000303,0.0333333333
121030337,12103000337,0.9666666667
121030338,12103000315,0.0034672185
121030338,12103000335,0.0020202020
121030338,12103000338,0.8611792462
121030338,12103000353,0.1333333333
121030339,12103000339,1.0000000000
121030340,12103000335,0.1136942675
121030340,12103000340,0.8863057325
121030341,12103000318,1.0000000000
121030342,12103000343,1.0000000000
121030343,12103000343,0.7407407407
121030343,12103000364,0.2592592593
121030344,12103000318,1.0000000000
121030345,12103000345,1.0000000000
121030346,12103000346,1.0000000000
121030347,12103000332,0.0000014239
121030347,12103000343,0.1481481481
121030347,12103000347,0.8518504280
121030348,12103000314,0.3200000000
121030348,12103000324,0.1200000000
121030348,12103000337,0.5600000000
121030349,12103000312,0.0253164557
121030349,12103000349,0.9746835443
121030350,12103000350,1.0000000000
121030351,12103000307,0.1250000000
121030351,12103000308,0.8750000000
121030352,12103000339,1.0000000000
121030353,12103000353,1.0000000000
121030354,12103000318,0.0487804878
121030354,12103000354,0.9512195122
121030355,12103000074,0.0122872604
121030355,12103000304,0.9877127396
121030356,12103000356,0.1632653061
121030356,12103000362,0.8367346939
121030357,12103000298,0.0750000000
121030357,12103000357,0.9000000000
121030357,12103000358,0.0250000000
121030358,12103000350,0.0154517699
121030358,12103000358,0.9845482301
121030359,12103000359,0.9956521739
121030359,12103000361,0.0043478261
121030360,12103000360,1.0000000000
121030361,12103000361,1.0000000000
121030362,12103000362,1.0000000000
121030363,12103000358,0.0270270270
121030363,12103000359,0.1891891892
121030363,12103000363,0.7837837838
121030364,12103000350,0.0363636364
121030364,12103000364,0.9636363636
121030365,12103000366,1.0000000000
121030366,12103000366,1.0000000000
121050001,12105000101,0.9830508475
121050001,12105000111,0.0169491525
121050002,12105000102,1.0000000000
121050003,12105000401,0.4696356275
121050003,12105000403,0.2105263158
121050003,12105000404,0.0040485830
121050003,12105000406,0.2186234818
121050003,12105000421,0.0971659919
121050004,12105000406,1.0000000000
121050005,12105000106,0.9245283019
121050005,12105000114,0.0754716981
121050006,12105000107,0.4948453608
121050006,12105000108,0.3431634794
121050006,12105000111,0.0034364261
121050006,12105000301,0.1585547337
121050007,12105000109,1.0000000000
121050008,12105000107,0.1142857143
121050008,12105000110,0.5428571429
121050008,12105000111,0.3428571429
121050009,12105000110,0.8104844889
121050009,12105000111,0.1895155111
121050010,12105000107,0.3043478261
121050010,12105000111,0.6956521739
121050011,12105000106,0.0357142857
121050011,12105000113,0.5000000000
121050011,12105000118,0.4642857143
121050012,12105000114,0.7931034483
121050012,12105000115,0.2068965517
121050013,12105000112,0.0625897005
121050013,12105000115,0.8281250000
121050013,12105000116,0.0156250000
121050013,12105000119,0.0936602995
121050014,12105000110,0.1418918919
121050014,12105000111,0.0539762566
121050014,12105000116,0.3306852672
121050014,12105000117,0.3379156353
121050014,12105000125,0.0405405405
121050014,12105000201,0.0949904085
121050015,12105000118,0.9814814815
121050015,12105000121,0.0185185185
121050016,12105000112,0.2000000000
121050016,12105000118,0.1913043478
121050016,12105000119,0.1043478261
121050016,12105000121,0.5043478261
121050017,12105000116,0.0251225405
121050017,12105000120,0.8230332839
121050017,12105000201,0.1518441756
121050018,12105000118,0.7343750000
121050018,12105000121,0.0312500000
121050018,12105000209,0.0625000000
121050018,12105000212,0.1718750000
121050019,12105000117,0.3688804387
121050019,12105000201,0.5600000000
121050019,12105000203,0.0266751169
121050019,12105000207,0.0444444444
121050020,12105000203,0.6071428571
121050020,12105000207,0.3928571429
121050021,12105000121,0.0238095238
121050021,12105000204,0.7238006741
121050021,12105000205,0.2523809524
121050021,12105000210,0.0000088498
121050022,12105000204,0.0761904762
121050022,12105000205,0.2571428571
121050022,12105000206,0.6095238095
121050022,12105000207,0.0571428571
121050023,12105000203,0.4647887324
121050023,12105000207,0.5350221901
121050023,12105000218,0.0001890775
121050024,12105000208,0.8009935828
121050024,12105000307,0.1990064172
121050025,12105000204,0.0842105263
121050025,12105000209,0.4807370199
121050025,12105000210,0.0526315789
121050025,12105000212,0.3718945591
121050025,12105000213,0.0035087719
121050025,12105000214,0.0070175439
121050026,12105000210,0.6702702703
121050026,12105000211,0.3297297297
121050027,12105000225,1.0000000000
121050028,12105000210,0.0027397260
121050028,12105000213,0.0301369863
121050028,12105000214,0.2849315068
121050028,12105000216,0.3178082192
121050028,12105000221,0.2273972603
121050028,12105000222,0.1369863014
121050029,12105000212,0.6222222222
121050029,12105000213,0.3611111111
121050029,12105000221,0.0166666667
121050030,12105000211,0.6630434783
121050030,12105000218,0.3152173913
121050030,12105000224,0.0217391304
121050031,12105000217,1.0000000000
121050032,12105000224,0.5166666667
121050032,12105000225,0.4833333333
121050033,12105000218,0.7058823529
121050033,12105000225,0.2941176471
121050034,12105000220,0.8857142857
121050034,12105000221,0.1142857143
121050035,12105000221,0.9000000000
121050035,12105000233,0.1000000000
121050036,12105000219,0.9571428571
121050036,12105000227,0.0428571429
121050037,12105000223,1.0000000000
121050038,12105000224,0.5000000000
121050038,12105000231,0.5000000000
121050039,12105000220,0.9531250000
121050039,12105000237,0.0468750000
121050040,12105000226,0.9827586207
121050040,12105000227,0.0172413793
121050041,12105000208,0.0645760870
121050041,12105000227,0.7311228377
121050041,12105000307,0.0537634409
121050041,12105000315,0.1290322581
121050041,12105000321,0.0215053763
121050042,12105000222,0.0461538462
121050042,12105000228,0.9538461538
121050043,12105000229,0.4621212121
121050043,12105000230,0.4924242424
121050043,12105000231,0.0075757576
121050043,12105000233,0.0378787879
121050044,12105000231,0.9622641509
121050044,12105000236,0.0377358491
121050045,12105000225,0.0169491525
121050045,12105000226,0.6440677966
121050045,12105000231,0.3220338983
121050045,12105000236,0.0169491525
121050046,12105000233,0.3925233645
121050046,12105000234,0.2429906542
121050046,12105000235,0.0093457944
121050046,12105000237,0.1775700935
121050046,12105000238,0.1775700935
121050047,12105000235,0.3649635036
121050047,12105000236,0.6131386861
121050047,12105000241,0.0218978102
121050048,12105000236,0.0714285714
121050048,12105000241,0.9285714286
121050049,12105000220,0.1292649865
121050049,12105000237,0.8707350135
121050050,12105000226,0.3176470588
121050050,12105000227,0.0470588235
121050050,12105000236,0.6352941176
121050051,12105000239,1.0000000000
121050052,12105000240,1.0000000000
121050053,12105000238,0.5769230769
121050053,12105000239,0.1538461538
121050053,12105000243,0.1923076923
121050053,12105000245,0.0192307692
121050053,12105000248,0.0576923077
121050054,12105000215,0.0576923077
121050054,12105000232,0.5128205128
121050054,12105000242,0.2692307692
121050054,12105000251,0.1602564103
121050055,12105000243,0.8431372549
121050055,12105000244,0.0196078431
121050055,12105000245,0.1372549020
121050056,12105000244,0.7361047780
121050056,12105000245,0.0888952220
121050056,12105000246,0.1750000000
121050057,12105000245,0.9484536082
121050057,12105000247,0.0515463918
121050058,12105000244,0.0171543975
121050058,12105000245,0.0095923261
121050058,12105000247,0.9564667056
121050058,12105000248,0.0143884892
121050058,12105000507,0.0023980815
121050059,12105000248,1.0000000000
121050060,12105000241,1.0000000000
121050061,12105000232,0.2660550459
121050061,12105000250,0.5871559633
121050061,12105000251,0.0917431193
121050061,12105000501,0.0275229358
121050061,12105000504,0.0275229358
121050062,12105000249,1.0000000000
121050063,12105000107,0.1756202020
121050063,12105000117,0.2437346367
121050063,12105000301,0.3333333333
121050063,12105000303,0.2258064516
121050063,12105000304,0.0215053763
121050064,12105000301,0.2061855670
121050064,12105000306,0.7938144330
121050065,12105000208,0.3475935829
121050065,12105000303,0.5882352941
121050065,12105000307,0.0641711230
121050066,12105000303,0.0522361234
121050066,12105000304,0.9477638766
121050067,12105000303,0.2545454545
121050067,12105000307,0.7454545455
121050068,12105000303,0.0460251046
121050068,12105000307,0.0627615063
121050068,12105000309,0.7782426778
121050068,12105000310,0.0041841004
121050068,12105000316,0.0543933054
121050068,12105000322,0.0543933054
121050069,12105000313,0.0031226029
121050069,12105000314,0.9968773971
121050070,12105000306,0.4643489501
121050070,12105000314,0.3375834170
121050070,12105000408,0.1980676329
121050071,12105000316,0.7567567568
121050071,12105000322,0.2432432432
121050072,12105000307,0.7659574468
121050072,12105000309,0.0106382979
121050072,12105000315,0.0638297872
121050072,12105000316,0.1595744681
121050073,12105000315,0.5135135135
121050073,12105000316,0.0270270270
121050073,12105000321,0.4594594595
121050074,12105000316,0.0192307692
121050074,12105000321,0.0096153846
121050074,12105000322,0.9711538462
121050075,12105000321,0.1794871795
121050075,12105000323,0.0085470085
121050075,12105000327,0.8099248183
121050075,12105000329,0.0020409936
121050076,12105000415,0.9871921746
121050076,12105000416,0.0128078254
121050077,12105000332,0.8861608963
121050077,12105000416,0.0000179655
121050077,12105000519,0.0000065062
121050077,12105000522,0.1138146320
121050078,12105000226,0.0106382979
121050078,12105000227,0.0106382979
121050078,12105000327,0.1595744681
121050078,12105000333,0.6489361702
121050078,12105000334,0.1702127660
121050079,12105000334,0.3471859862
121050079,12105000338,0.4860758366
121050079,12105000503,0.0173611111
121050079,12105000510,0.1459048439
121050079,12105000520,0.0034722222
121050080,12105000302,0.1584995540
121050080,12105000402,0.2799092334
121050080,12105000404,0.4292381816
121050080,12105000405,0.0124416796
121050080,12105000406,0.0015552100
121050080,12105000407,0.0015552100
121050080,12105000408,0.0653188180
121050080,12105000421,0.0514821134
121050081,12105000404,0.0280373832
121050081,12105000405,0.5045520775
121050081,12105000407,0.1589993243
121050081,12105000410,0.2897196262
121050081,12105000411,0.0186915888
121050082,12105000405,0.0048309179
121050082,12105000407,0.9710144928
121050082,12105000409,0.0241545894
121050083,12105000306,0.0264317181
121050083,12105000407,0.1629955947
121050083,12105000408,0.8105726872
121050084,12105000407,0.0047169811
121050084,12105000409,0.9775396232
121050084,12105000413,0.0177433957
121050085,12105000409,0.0869565217
121050085,12105000410,0.3999906468
121050085,12105000413,0.0695652174
121050085,12105000414,0.4347919619
121050085,12105000416,0.0086956522
121050086,12105000412,1.0000000000
121050087,12105000314,0.0090090090
121050087,12105000413,0.9279279279
121050087,12105000415,0.0090090090
121050087,12105000416,0.0540540541
121050088,12105000415,0.9304347826
121050088,12105000416,0.0695652174
121050089,12105000416,0.9055799630
121050089,12105000519,0.0042918455
121050089,12105000525,0.0901281915
121050090,12105000416,0.0068493151
121050090,12105000418,0.9931506849
121050091,12105000412,0.0501930502
121050091,12105000419,0.9498069498
121050092,12105000250,0.0233918129
121050092,12105000504,0.8420780986
121050092,12105000505,0.1345158135
121050092,12105000506,0.0000142750
121050093,12105000251,0.0515463918
121050093,12105000333,0.0824742268
121050093,12105000501,0.4153441346
121050093,12105000502,0.1030927835
121050093,12105000503,0.2989690722
121050093,12105000505,0.0176455561
121050093,12105000511,0.0309278351
121050094,12105000501,0.0606060606
121050094,12105000504,0.2196969697
121050094,12105000505,0.6349235202
121050094,12105000509,0.0847734495
121050095,12105000505,0.4970059880
121050095,12105000506,0.2814371257
121050095,12105000508,0.2215568862
121050096,12105000247,0.0085836910
121050096,12105000504,0.0128919200
121050096,12105000506,0.2875536481
121050096,12105000507,0.6909707410
121050097,12105000508,0.7941176471
121050097,12105000509,0.2058823529
121050098,12105000509,0.9625000000
121050098,12105000511,0.0375000000
121050099,12105000501,0.0001154566
121050099,12105000505,0.4320814812
121050099,12105000509,0.0271303258
121050099,12105000511,0.5406727364
121050100,12105000503,0.0082644628
121050100,12105000505,0.0082644628
121050100,12105000511,0.9669421488
121050100,12105000521,0.0165289256
121050101,12105000512,1.0000000000
121050102,12105000508,0.1470588235
121050102,12105000516,0.8529411765
121050103,12105000513,0.0157480315
121050103,12105000514,0.9370078740
121050103,12105000521,0.0393700787
121050103,12105000526,0.0078740157
121050104,12105000516,1.0000000000
121050105,12105000516,0.0109890110
121050105,12105000517,0.9890109890
121050106,12105000514,0.0038610039
121050106,12105000516,0.0810810811
121050106,12105000517,0.0391170996
121050106,12105000518,0.8604968000
121050106,12105000531,0.0077220077
121050106,12105000538,0.0077220077
121050107,12105000514,0.0330578512
121050107,12105000523,0.0000058177
121050107,12105000524,0.0000099807
121050107,12105000526,0.9503974247
121050107,12105000529,0.0165289256
121050108,12105000510,0.0227272727
121050108,12105000513,0.1816137177
121050108,12105000514,0.0227272727
121050108,12105000520,0.2613636364
121050108,12105000521,0.3524771914
121050108,12105000526,0.1250000000
121050108,12105000529,0.0340909091
121050109,12105000519,0.0322448399
121050109,12105000522,0.9677551601
121050110,12105000523,0.6764705882
121050110,12105000527,0.1960784314
121050110,12105000528,0.1274509804
121050111,12105000519,0.5915410399
121050111,12105000522,0.0167036055
121050111,12105000524,0.3000000000
121050111,12105000525,0.0917553546
121050112,12105000523,0.2035398230
121050112,12105000524,0.7876106195
121050112,12105000527,0.0088495575
121050113,12105000524,0.0000094999
121050113,12105000526,0.3785324373
121050113,12105000529,0.6214580628
121050114,12105000523,0.0156250000
121050114,12105000527,0.9609375000
121050114,12105000530,0.0234375000
121050115,12105000526,0.2918164698
121050115,12105000528,0.5833750131
121050115,12105000530,0.1248085172
121050116,12105000528,0.0748350488
121050116,12105000530,0.8663414218
121050116,12105000542,0.0588235294
121050118,12105000533,0.7765883519
121050118,12105000534,0.0000013583
121050118,12105000536,0.1382978723
121050118,12105000542,0.0851124175
121050119,12105000534,0.9729729730
121050119,12105000540,0.0090090090
121050119,12105000542,0.0180180180
121050120,12105000514,0.0163934426
121050120,12105000530,0.1147540984
121050120,12105000531,0.4514672257
121050120,12105000532,0.4173852333
121050121,12105000531,0.0467836257
121050121,12105000537,0.0993259864
121050121,12105000538,0.3275798621
121050121,12105000539,0.4853748533
121050121,12105000541,0.0409356725
121050122,12105000533,0.0018939394
121050122,12105000535,0.0000000567
121050122,12105000536,0.0965909091
121050122,12105000537,0.8371211554
121050122,12105000538,0.0037878788
121050122,12105000539,0.0568181818
121050122,12105000540,0.0037878788
121050123,12105000534,0.0000003059
121050123,12105000540,0.9999996941
121050124,12105000523,0.0347222222
121050124,12105000533,0.0069444444
121050124,12105000542,0.9583333333
121050125,12105000523,0.2941176471
121050125,12105000524,0.5000000000
121050125,12105000542,0.2058823529
121050126,12105000329,0.3472668810
121050126,12105000336,0.2057877814
121050126,12105000338,0.0032154341
121050126,12105000339,0.4437299035
121050127,12105000331,0.2256654647
121050127,12105000336,0.2852868300
121050127,12105000337,0.4574021356
121050127,12105000339,0.0316455696
121050128,12105000313,0.0257936508
121050128,12105000319,0.0734126984
121050128,12105000323,0.1666666667
121050128,12105000324,0.2400793651
121050128,12105000325,0.2083333333
121050128,12105000326,0.2559523810
121050128,12105000330,0.0158730159
121050128,12105000331,0.0138886862
121050128,12105000415,0.0000002027
121050129,12105000323,0.1232876712
121050129,12105000326,0.0814734601
121050129,12105000327,0.0034246575
121050129,12105000329,0.3493150685
121050129,12105000330,0.3367938368
121050129,12105000331,0.0029655798
121050129,12105000336,0.1027397260
121050130,12105000306,0.0005671060
121050130,12105000310,0.1233877557
121050130,12105000312,0.7747105668
121050130,12105000340,0.1013345715
121050131,12105000312,0.1151515152
121050131,12105000313,0.6424606765
121050131,12105000319,0.1697314809
121050131,12105000326,0.0726563274
121050132,12105000319,0.8284313725
121050132,12105000340,0.1715686275
121050133,12105000244,0.7979425987
121050133,12105000247,0.2020574013
121050134,12105000530,0.6923076923
121050134,12105000531,0.0002094657
121050134,12105000532,0.3074828420
121050135,12105000248,1.0000000000
121050136,12105000411,0.9024390244
121050136,12105000420,0.0975609756
121050137,12105000531,0.0001791030
121050137,12105000537,0.9998208970
121050138,12105000532,0.0594059406
121050138,12105000536,0.9405940594
121050139,12105000112,0.9960463727
121050139,12105000116,0.0039194354
121050139,12105000120,0.0000341920
121050140,12105000542,1.0000000000
121050141,12105000532,1.0000000000
121050142,12105000109,1.0000000000
121050143,12105000103,0.2016374987
121050143,12105000104,0.2606575832
121050143,12105000105,0.1541381242
121050143,12105000123,0.1327877977
121050143,12105000124,0.2507789961
121050144,12105000531,0.6080125535
121050144,12105000535,0.3354259286
121050144,12105000536,0.0538461538
121050144,12105000537,0.0027153640
121050145,12105000314,1.0000000000
121050146,12105000222,1.0000000000
121070001,12107000001,0.9852941176
121070001,12107000002,0.0147058824
121070002,12107000001,0.0099567980
121070002,12107000002,0.9886161470
121070002,12107000007,0.0014270550
121070003,12107000003,1.0000000000
121070004,12107000003,0.9944917077
121070004,12107000005,0.0055082923
121070005,12107000006,0.0001595821
121070005,12107000007,0.9998404179
121070006,12107000006,0.9793109412
121070006,12107000007,0.0206890588
121070007,12107000006,0.0725352781
121070007,12107000007,0.9274647219
121070008,12107000004,0.9651634719
121070008,12107000005,0.0348365281
121070009,12107000004,0.8439869416
121070009,12107000005,0.1560130584
121070010,12107000004,0.5000000000
121070010,12107000005,0.5000000000
121070011,12107000004,0.6666660477
121070011,12107000005,0.3333339523
121070012,12107000004,1.0000000000
121070013,12107000005,1.0000000000
121070014,12107000004,1.0000000000
121070015,12107000003,0.0193905887
121070015,12107000004,0.0596242037
121070015,12107000005,0.9096215712
121070015,12107000026,0.0113636364
121070016,12107000008,1.0000000000
121070017,12107000006,0.0023312021
121070017,12107000007,0.9592072594
121070017,12107000010,0.0384615385
121070018,12107000009,1.0000000000
121070019,12107000008,0.0102040816
121070019,12107000010,0.9897959184
121070020,12107000010,1.0000000000
121070021,12107000011,1.0000000000
121070022,12107000011,1.0000000000
121070023,12107000011,0.0178571429
121070023,12107000030,0.0178571429
121070023,12107000038,0.9642857143
121070024,12107000038,1.0000000000
121070025,12107000028,0.0294712039
121070025,12107000036,0.0147058824
121070025,12107000037,0.9558229137
121070026,12107000028,0.1764705882
121070026,12107000036,0.8235294118
121070027,12107000035,1.0000000000
121070028,12107000033,0.6666666667
121070028,12107000035,0.3333333333
121070029,12107000027,0.1428571429
121070029,12107000035,0.8571428571
121070030,12107000036,1.0000000000
121070031,12107000036,1.0000000000
121070033,12107000035,1.0000000000
121070034,12107000011,0.0307692308
121070034,12107000032,0.0157774534
121070034,12107000038,0.0153846154
121070034,12107000039,0.9380687005
121070035,12107000032,0.0258388707
121070035,12107000039,0.9741611293
121070036,12107000039,1.0000000000
121070037,12107000032,0.2871236151
121070037,12107000039,0.7128763849
121070038,12107000032,0.3333333333
121070038,12107000039,0.6666666667
121070039,12107000039,1.0000000000
121070040,12107000032,0.5000000000
121070040,12107000039,0.5000000000
121070041,12107000039,1.0000000000
121070042,12107000039,1.0000000000
121070043,12107000032,0.4901807519
121070043,12107000039,0.5098192481
121070044,12107000032,0.5000000000
121070044,12107000039,0.5000000000
121070045,12107000039,1.0000000000
121070046,12107000011,0.0277706131
121070046,12107000030,0.7911071175
121070046,12107000037,0.1811222694
121070047,12107000028,0.9755861467
121070047,12107000037,0.0244138533
121070048,12107000028,0.6953341143
121070048,12107000037,0.3046658857
121070049,12107000028,1.0000000000
121070050,12107000028,1.0000000000
121070051,12107000028,0.0037527038
121070051,12107000030,0.0170919982
121070051,12107000037,0.9791552980
121070052,12107000033,0.0547610559
121070052,12107000036,0.9452389441
121070053,12107000033,0.5000000000
121070053,12107000036,0.5000000000
121070054,12107000033,0.5662076833
121070054,12107000036,0.4337923167
121070055,12107000032,0.0033763810
121070055,12107000033,0.1573974817
121070055,12107000036,0.8195336086
121070055,12107000039,0.0196925287
121070056,12107000033,0.5000000000
121070056,12107000036,0.5000000000
121070057,12107000012,0.0009107958
121070057,12107000032,0.9665171386
121070057,12107000039,0.0325720655
121070058,12107000033,0.7966161463
121070058,12107000036,0.2033838537
121070059,12107000033,0.8689979862
121070059,12107000036,0.1310020138
121070060,12107000033,0.8641475827
121070060,12107000036,0.1358524173
121070061,12107000033,0.6885127170
121070061,12107000036,0.3114872830
121070062,12107000033,0.8736071846
121070062,12107000036,0.1263928154
121070063,12107000033,1.0000000000
121070064,12107000039,1.0000000000
121070065,12107000036,1.0000000000
121070067,12107000036,1.0000000000
121070068,12107000027,0.9285714286
121070068,12107000028,0.0238095238
121070068,12107000035,0.0238095238
121070068,12107000036,0.0238095238
121070069,12107000028,0.7425977569
121070069,12107000036,0.2574022431
121070070,12107000033,0.7368459825
121070070,12107000035,0.2631540175
121070071,12107000035,1.0000000000
121070072,12107000027,0.2133400767
121070072,12107000033,0.7513318070
121070072,12107000035,0.0353281162
121070073,12107000033,1.0000000000
121070074,12107000033,1.0000000000
121070075,12107000033,1.0000000000
121070076,12107000033,1.0000000000
121070077,12107000033,1.0000000000
121070078,12107000033,1.0000000000
121070079,12107000014,0.9729729730
121070079,12107000033,0.0135135135
121070079,12107000034,0.0135135135
121070080,12107000012,0.9977039626
121070080,12107000014,0.0022960374
121070081,12107000012,0.9996192600
121070081,12107000032,0.0003807400
121070082,12107000015,1.0000000000
121070083,12107000023,0.6086956522
121070083,12107000025,0.3913043478
121070084,12107000016,1.0000000000
121070085,12107000016,1.0000000000
121070086,12107000024,1.0000000000
121070087,12107000024,1.0000000000
121070088,12107000021,0.0000011115
121070088,12107000023,0.9999988419
121070088,12107000024,0.0000000466
121070089,12107000016,1.0000000000
121070090,12107000018,1.0000000000
121070091,12107000019,1.0000000000
121070092,12107000019,0.0061728395
121070092,12107000020,0.9938271605
121070093,12107000021,0.9958040175
121070093,12107000022,0.0041959825
121070094,12107000021,0.0174335638
121070094,12107000022,0.9825664362
121070095,12107000021,0.0260368338
121070095,12107000022,0.9681880758
121070095,12107000023,0.0057750904
121070096,12107000025,1.0000000000
121070097,12107000026,1.0000000000
121070098,12107000026,0.1176470588
121070098,12107000033,0.1176470588
121070098,12107000034,0.7058823529
121070098,12107000035,0.0588235294
121070099,12107000027,1.0000000000
121070100,12107000026,0.9166666667
121070100,12107000027,0.0166666667
121070100,12107000033,0.0150858806
121070100,12107000034,0.0083333333
121070100,12107000035,0.0432474527
121070101,12107000026,1.0000000000
121070102,12107000033,0.1036611714
121070102,12107000035,0.8657265837
121070102,12107000036,0.0306122449
121070103,12107000033,1.0000000000
121070104,12107000033,0.0285903243
121070104,12107000035,0.9714096757
121070105,12107000035,1.0000000000
121070106,12107000039,1.0000000000
121070107,12107000032,1.0000000000
121070108,12107000035,1.0000000000
121090001,12109000001,0.2259772096
121090001,12109000003,0.0312500000
121090001,12109000090,0.7427727904
121090002,12109000090,1.0000000000
121090003,12109000003,0.9998803071
121090003,12109000007,0.0001196929
121090004,12109000001,0.0683830590
121090004,12109000003,0.0277419382
121090004,12109000090,0.9038750027
121090005,12109000090,1.0000000000
121090006,12109000006,0.6505311804
121090006,12109000011,0.0634920635
121090006,12109000053,0.1649299865
121090006,12109000057,0.0000249659
121090006,12109000068,0.0097462972
121090006,12109000071,0.0607586340
121090006,12109000078,0.0037227554
121090006,12109000079,0.0158730159
121090006,12109000087,0.0309211013
121090007,12109000007,0.9493303171
121090007,12109000089,0.0302615196
121090007,12109000090,0.0204081633
121090008,12109000008,0.5451054042
121090008,12109000009,0.0169491525
121090008,12109000050,0.2970213313
121090008,12109000057,0.1408899462
121090008,12109000090,0.0000341657
121090009,12109000006,0.0004480648
121090009,12109000009,0.7777599638
121090009,12109000050,0.0782281488
121090009,12109000057,0.0297337256
121090009,12109000067,0.0924297446
121090009,12109000078,0.0214003524
121090010,12109000010,1.0000000000
121090011,12109000011,0.8097057514
121090011,12109000016,0.0144927536
121090011,12109000049,0.0232442130
121090011,12109000052,0.0144927536
121090011,12109000054,0.0103372534
121090011,12109000058,0.0280992220
121090011,12109000068,0.0806311191
121090011,12109000076,0.0096565103
121090011,12109000081,0.0093404235
121090012,12109000012,0.8799096626
121090012,12109000035,0.0238095238
121090012,12109000037,0.0238095238
121090012,12109000073,0.0724712897
121090013,12109000013,0.3072697426
121090013,12109000065,0.2412607927
121090013,12109000072,0.0177792613
121090013,12109000073,0.2869795404
121090013,12109000085,0.1467106630
121090014,12109000013,0.0099009901
121090014,12109000014,0.8970020488
121090014,12109000041,0.0076777893
121090014,12109000042,0.0000268160
121090014,12109000088,0.0853923558
121090015,12109000015,0.6953033176
121090015,12109000059,0.3045404273
121090015,12109000084,0.0001562551
121090016,12109000016,0.6951167633
121090016,12109000077,0.2637911588
121090016,12109000080,0.0410920780
121090017,12109000017,0.9200282873
121090017,12109000020,0.0180351125
121090017,12109000060,0.0608198860
121090017,12109000080,0.0011167142
121090018,12109000018,1.0000000000
121090019,12109000019,0.8786321754
121090019,12109000075,0.1054948934
121090019,12109000084,0.0158729313
121090020,12109000017,0.0011599312
121090020,12109000020,0.9844331952
121090020,12109000021,0.0002044414
121090020,12109000022,0.0069469018
121090020,12109000023,0.0072555305
121090021,12109000020,0.0013669615
121090021,12109000021,0.9986330385
121090022,12109000020,0.0020875505
121090022,12109000022,0.9979124495
121090023,12109000020,0.0625000000
121090023,12109000023,0.9375000000
121090024,12109000022,0.0107526882
121090024,12109000024,0.9677419355
121090024,12109000025,0.0107526882
121090024,12109000027,0.0107526882
121090025,12109000025,1.0000000000
121090026,12109000026,1.0000000000
121090027,12109000027,1.0000000000
121090028,12109000028,0.9915295392
121090028,12109000083,0.0084704608
121090029,12109000029,0.9920000000
121090029,12109000031,0.0080000000
121090030,12109000029,0.0178571429
121090030,12109000030,0.9821428571
121090031,12109000031,1.0000000000
121090032,12109000031,0.0054644809
121090032,12109000032,0.9945355191
121090033,12109000033,1.0000000000
121090034,12109000028,0.1304347826
121090034,12109000034,0.8695652174
121090035,12109000035,1.0000000000
121090036,12109000036,0.9579280229
121090036,12109000038,0.0420719771
121090037,12109000037,1.0000000000
121090038,12109000038,1.0000000000
121090039,12109000039,1.0000000000
121090040,12109000038,0.0161290323
121090040,12109000040,0.9824355046
121090040,12109000085,0.0014354632
121090041,12109000014,0.0019234592
121090041,12109000041,0.9973645816
121090041,12109000042,0.0000994036
121090041,12109000088,0.0006125556
121090042,12109000041,0.0222913255
121090042,12109000042,0.9688059359
121090042,12109000043,0.0002899067
121090042,12109000088,0.0086128319
121090043,12109000043,1.0000000000
121090044,12109000044,1.0000000000
121090045,12109000045,0.9549260641
121090045,12109000046,0.0162182371
121090045,12109000086,0.0288556988
121090046,12109000045,0.0012984367
121090046,12109000046,0.9913894480
121090046,12109000047,0.0073121153
121090047,12109000046,0.0000242865
121090047,12109000047,0.9999757135
121090048,12109000048,1.0000000000
121110001,12111000001,1.0000000000
121110002,12111000006,0.8984920020
121110002,12111000024,0.0261350761
121110002,12111000052,0.0000429344
121110002,1211100006A,0.0181568615
121110002,1211100006B,0.0414663197
121110002,12111000092,0.0157068063
121110003,12111000007,0.4067796610
121110003,12111000019,0.5932203390
121110004,12111000008,0.9838331134
121110004,12111000082,0.0161668866
121110005,12111000009,0.9889350700
121110005,12111000016,0.0079365079
121110005,12111000998,0.0031284221
121110006,12111000010,1.0000000000
121110007,12111000011,0.9987301306
121110007,12111000038,0.0012698694
121110008,12111000012,1.0000000000
121110009,12111000013,0.9990021021
121110009,12111000040,0.0009978979
121110010,12111000014,1.0000000000
121110011,12111000015,1.0000000000
121110012,12111000016,0.9902912621
121110012,12111000998,0.0097087379
121110013,12111000014,0.0063694268
121110013,12111000017,0.9936305732
121110014,12111000014,0.0171428571
121110014,12111000018,0.9828571429
121110015,12111000019,1.0000000000
121110016,12111000020,0.9532816415
121110016,12111000021,0.0192307692
121110016,12111000041,0.0270759660
121110016,1211100021A,0.0004116233
121110017,12111000021,0.9704378352
121110017,12111000074,0.0091461806
121110017,1211100021A,0.0204159842
121110018,12111000022,0.9936638322
121110018,12111000042,0.0063361678
121110019,12111000023,0.9589400595
121110019,12111000056,0.0410599405
121110020,12111000014,0.6338461538
121110020,12111000024,0.3630769231
121110020,12111000063,0.0030769231
121110021,12111000025,1.0000000000
121110022,12111000026,1.0000000000
121110023,12111000025,0.9999874497
121110023,12111000040,0.0000125503
121110024,12111000006,0.2786714109
121110024,12111000013,0.0027138705
121110024,12111000028,0.5887445887
121110024,12111000092,0.1298701299
121110025,12111000029,0.9867236844
121110025,12111000094,0.0132763156
121110026,12111000001,0.1968851487
121110026,12111000031,0.3070866142
121110026,12111000052,0.0039370079
121110026,12111000094,0.4667695656
121110026,1211100094A,0.0253216636
121110027,12111000013,0.3296089385
121110027,12111000028,0.6155404408
121110027,1211100028A,0.0436774363
121110027,12111000998,0.0111731844
121110028,12111000001,0.4615384615
121110028,12111000033,0.4102564103
121110028,12111000093,0.0769230769
121110028,12111000094,0.0256410256
121110028,12111000998,0.0256410256
121110029,12111000035,0.9764088531
121110029,12111000056,0.0016131249
121110029,12111000067,0.0219780220
121110030,12111000036,0.6352721378
121110030,12111000073,0.3647278622
121110031,12111000037,0.9947089947
121110031,12111000084,0.0052910053
121110032,12111000011,0.0127358565
121110032,12111000038,0.9767955539
121110032,12111000073,0.0103714747
121110032,12111000074,0.0000971149
121110033,12111000039,0.6981132075
121110033,1211100039A,0.3018867925
121110034,12111000013,0.0063086478
121110034,12111000025,0.0198851041
121110034,12111000040,0.9738062481
121110035,12111000020,0.0013430921
121110035,12111000041,0.9986569079
121110036,12111000042,1.0000000000
121110037,12111000043,0.0006152147
121110037,1211100043A,0.9835982979
121110037,1211100043B,0.0157864874
121110038,12111000012,0.9999041409
121110038,12111000040,0.0000958591
121110039,12111000045,1.0000000000
121110040,12111000026,0.0598802395
121110040,12111000046,0.9063371918
121110040,12111000051,0.0059880240
121110040,12111000067,0.0059880240
121110040,12111000075,0.0218065208
121110041,12111000047,0.9752066116
121110041,12111000051,0.0247933884
121110042,12111000011,0.9938294411
121110042,12111000038,0.0061705589
121110043,12111000049,0.9756097561
121110043,12111000051,0.0060975610
121110043,12111000071,0.0182926829
121110044,12111000050,1.0000000000
121110045,12111000046,0.0404040404
121110045,12111000051,0.9595959596
121110046,12111000024,0.0465116279
121110046,12111000052,0.9534883721
121110047,12111000011,0.0122430714
121110047,12111000042,0.0172413793
121110047,12111000053,0.9618948596
121110047,12111000073,0.0086206897
121110048,12111000015,1.0000000000
121110049,12111000013,0.1556886228
121110049,12111000028,0.5477270774
121110049,12111000085,0.0419161677
121110049,12111000091,0.1656960599
121110049,1211100043A,0.0179640719
121110049,1211100091A,0.0710080004
121110050,12111000023,0.0092452219
121110050,12111000056,0.9907547781
121110051,12111000035,0.0019826035
121110051,12111000041,0.0003904723
121110051,12111000056,0.9976269242
121110052,12111000025,0.0010458564
121110052,12111000040,0.9989541436
121110053,12111000060,0.7647058824
121110053,12111000063,0.2352941176
121110054,12111000024,0.0056497175
121110054,12111000052,0.5310734463
121110054,12111000060,0.2146892655
121110054,12111000063,0.2485875706
121110055,12111000001,0.9745384769
121110055,1211100001A,0.0254615231
121110056,12111000065,0.8108108108
121110056,12111000066,0.1891891892
121110057,12111000022,0.0286775373
121110057,12111000065,0.0796009012
121110057,12111000066,0.4306844475
121110057,1211100022A,0.4610371140
121110058,12111000067,1.0000000000
121110059,12111000068,0.9541984733
121110059,1211100082A,0.0458015267
121110060,12111000035,0.0144927536
121110060,12111000041,0.9855072464
121110061,12111000071,1.0000000000
121110062,12085000025,0.0974270495
121110062,12111000042,0.8953523243
121110062,12111000998,0.0072206262
121110063,12111000042,0.0588414948
121110063,12111000073,0.9411585052
121110064,12111000021,0.0002913052
121110064,12111000038,0.0003320365
121110064,12111000074,0.9993766582
121110065,12111000067,0.0588235294
121110065,12111000075,0.9411764706
121110066,12111000036,0.0909090909
121110066,12111000045,0.0090909091
121110066,12111000073,0.9000000000
121110067,12111000026,1.0000000000
121110068,12111000007,1.0000000000
121110069,12111000008,0.8596491228
121110069,12111000040,0.0175438596
121110069,12111000082,0.0877192982
121110069,12111000085,0.0350877193
121110070,12111000008,1.0000000000
121110071,12111000013,1.0000000000
121110072,12111000008,0.0122130945
121110072,12111000056,0.0009663673
121110072,12111000082,0.8330208058
121110072,1211100082A,0.1537997323
121110073,12111000049,0.0049019608
121110073,12111000083,0.9322925957
121110073,1211100083A,0.0628054435
121110074,12111000084,1.0000000000
121110075,12111000043,0.0000850122
121110075,1211100043A,0.0101713980
121110075,1211100085A,0.9897435897
121110076,12111000043,0.0110462741
121110076,12111000071,0.0010356405
121110076,12111000086,0.9847230639
121110076,1211100043A,0.0031950215
121110077,12111000043,0.1180204149
121110077,12111000085,0.8641975309
121110077,1211100043A,0.0177820542
121110078,12111000006,1.0000000000
121110079,12111000028,0.0099840214
121110079,12111000043,0.0236230225
121110079,12111000050,0.0069444444
121110079,12111000083,0.0034722222
121110079,12111000089,0.0565011778
121110079,1211100043A,0.0000006104
121110079,1211100043B,0.0261463398
121110079,1211100089A,0.0142919910
121110079,1211100089B,0.0004326453
121110079,1211100089C,0.1102667940
121110079,1211100089H,0.0048834804
121110079,1211100089J,0.1682646736
121110079,1211100089K,0.0690814181
121110079,1211100089L,0.0330597450
121110079,1211100089M,0.3291081885
121110079,1211100089N,0.0335593308
121110079,1211100089O,0.0820025639
121110079,1211100089P,0.0156789156
121110079,1211100089Q,0.0041368777
121110079,1211100089R,0.0050603581
121110079,1211100089S,0.0025727358
121110079,1211100089T,0.0009284437
121110080,12111000009,0.3333333333
121110080,12111000998,0.6666666667
121130001,12113000001,0.9691358025
121130001,12113000016,0.0061728395
121130001,12113000018,0.0061728395
121130001,12113000024,0.0185185185
121130002,12113000002,1.0000000000
121130003,12113000003,1.0000000000
121130004,12113000004,1.0000000000
121130005,12113000005,1.0000000000
121130006,12113000006,1.0000000000
121130007,12113000007,1.0000000000
121130008,12113000008,0.9935064935
121130008,12113000011,0.0064935065
121130009,12113000001,0.0105263158
121130009,12113000009,0.9894736842
121130010,12113000010,1.0000000000
121130011,12113000011,0.9778761062
121130011,12113000033,0.0221238938
121130012,12113000011,0.0325203252
121130012,12113000012,0.9674796748
121130013,12113000011,0.0084033613
121130013,12113000013,0.9915966387
121130014,12113000014,1.0000000000
121130015,12113000015,0.9999946320
121130015,12113000030,0.0000053680
121130016,12113000001,0.0462427746
121130016,12113000016,0.9364161850
121130016,12113000021,0.0173410405
121130017,12113000017,1.0000000000
121130018,12113000018,1.0000000000
121130019,12113000019,1.0000000000
121130020,12113000020,1.0000000000
121130021,12113000016,0.0090909091
121130021,12113000021,0.9863636364
121130021,12113000031,0.0045454545
121130022,12113000022,1.0000000000
121130023,12113000023,1.0000000000
121130024,12113000021,0.0053475936
121130024,12113000024,0.9946524064
121130025,12113000025,1.0000000000
121130026,12113000010,0.0317460317
121130026,12113000026,0.9682539683
121130027,12113000027,1.0000000000
121130028,12113000028,1.0000000000
121130029,12113000029,1.0000000000
121130030,12113000015,0.0001128249
121130030,12113000030,0.9998871751
121130031,12113000021,0.0128205128
121130031,12113000031,0.9871794872
121130032,12113000032,1.0000000000
121130033,12113000033,1.0000000000
121130034,12113000034,1.0000000000
121130035,12113000010,0.0281690141
121130035,12113000035,0.9718309859
121130036,12113000036,1.0000000000
121130037,12113000037,1.0000000000
121130038,12113000038,1.0000000000
121130039,12113000039,1.0000000000
121130040,12113000040,1.0000000000
121130041,12113000041,1.0000000000
121130042,12113000042,1.0000000000
121150001,12115000001,0.9167234442
121150001,12115000008,0.0716486488
121150001,12115000031,0.0116279070
121150002,12115000002,1.0000000000
121150003,12115000003,1.0000000000
121150004,12115000004,0.9104477612
121150004,12115000100,0.0895522388
121150005,12115000005,1.0000000000
121150006,12115000006,1.0000000000
121150007,12115000007,0.9922480620
121150007,12115000008,0.0077519380
121150008,12115000007,0.0132512169
121150008,12115000008,0.9867487831
121150009,12115000009,1.0000000000
121150010,12081000131,0.0000238201
121150010,12115000010,0.9999761799
121150011,12115000011,1.0000000000
121150012,12115000012,1.0000000000
121150013,12115000013,1.0000000000
121150014,12115000014,1.0000000000
121150015,12115000015,1.0000000000
121150016,12115000016,1.0000000000
121150017,12115000017,1.0000000000
121150018,12115000018,1.0000000000
121150019,12115000019,0.9996098527
121150019,12115000039,0.0003901473
121150020,12115000020,1.0000000000
121150021,12115000021,1.0000000000
121150022,12115000022,0.9196428571
121150022,12115000059,0.0357142857
121150022,12115000100,0.0446428571
121150023,12115000023,0.9855072464
121150023,12115000029,0.0144927536
121150024,12115000024,1.0000000000
121150025,12115000025,0.9956140351
121150025,12115000045,0.0043859649
121150026,12115000026,1.0000000000
121150027,12115000027,1.0000000000
121150028,12115000028,0.9805964982
121150028,12115000078,0.0193419375
121150028,12115000096,0.0000615643
121150029,12115000029,1.0000000000
121150030,12115000030,1.0000000000
121150031,12115000031,1.0000000000
121150032,12115000032,0.9843750000
121150032,12115000081,0.0156250000
121150033,12115000028,0.0076335878
121150033,12115000033,0.9923337796
121150033,12115000041,0.0000326326
121150034,12115000033,0.0384615385
121150034,12115000034,0.9134615385
121150034,12115000097,0.0480769231
121150035,12115000035,1.0000000000
121150036,12115000036,1.0000000000
121150037,12115000037,0.9957805907
121150037,12115000038,0.0022855134
121150037,12115000096,0.0019338959
121150038,12115000038,1.0000000000
121150039,12115000010,0.0181818182
121150039,12115000019,0.0147014543
121150039,12115000039,0.9671167275
121150040,12115000040,1.0000000000
121150041,12115000033,0.0089978800
121150041,12115000041,0.9731449772
121150041,12115000080,0.0178571429
121150042,12115000042,1.0000000000
121150043,12115000043,1.0000000000
121150044,12115000044,1.0000000000
121150045,12115000045,1.0000000000
121150046,12115000046,1.0000000000
121150047,12115000047,1.0000000000
121150048,12115000048,0.9961389961
121150048,12115000101,0.0038610039
121150049,12115000049,1.0000000000
121150050,12115000027,0.0117647059
121150050,12115000050,0.9882352941
121150051,12115000051,1.0000000000
121150052,12115000052,1.0000000000
121150053,12115000053,1.0000000000
121150054,12115000054,1.0000000000
121150055,12115000055,1.0000000000
121150056,12115000056,1.0000000000
121150057,12115000057,1.0000000000
121150058,12115000058,1.0000000000
121150059,12115000059,0.9989930955
121150059,12115000100,0.0010069045
121150060,12115000060,1.0000000000
121150061,12115000061,1.0000000000
121150062,12115000049,0.0023246651
121150062,12115000062,0.9976577934
121150062,12115000075,0.0000175415
121150063,12115000063,1.0000000000
121150064,12115000064,1.0000000000
121150065,12115000065,1.0000000000
121150066,12115000066,1.0000000000
121150067,12115000067,1.0000000000
121150068,12115000068,1.0000000000
121150069,12115000069,0.9759036145
121150069,12115000081,0.0240963855
121150070,12081000219,0.0001609620
121150070,12115000070,0.9998390380
121150071,12115000071,1.0000000000
121150072,12115000071,1.0000000000
121150073,12115000027,0.1122448980
121150073,12115000062,0.0023241171
121150073,12115000073,0.8854309849
121150074,12115000074,1.0000000000
121150075,12115000049,0.0636817741
121150075,12115000062,0.0042372881
121150075,12115000075,0.9320809378
121150076,12115000076,1.0000000000
121150077,12115000077,1.0000000000
121150078,12115000064,0.0015157085
121150078,12115000078,0.9913243870
121150078,12115000079,0.0071599045
121150079,12115000079,0.9998376576
121150079,12115000106,0.0001623424
121150080,12115000054,0.0100000000
121150080,12115000080,0.9900000000
121150081,12115000032,0.1315789474
121150081,12115000081,0.8684210526
121150082,12115000082,1.0000000000
121150083,12115000083,1.0000000000
121150084,12115000084,1.0000000000
121150085,12115000046,0.0909090909
121150085,12115000085,0.9090263622
121150085,12115000109,0.0000645469
121150086,12115000045,0.0175438596
121150086,12115000086,0.9824561404
121150087,12115000087,1.0000000000
121150088,12115000088,1.0000000000
121150089,12115000033,0.0842885409
121150089,12115000041,0.0087717610
121150089,12115000089,0.9069396981
121150090,12115000090,1.0000000000
121150091,12115000091,1.0000000000
121150092,12115000092,1.0000000000
121150093,12115000093,1.0000000000
121150094,12115000071,0.0341880342
121150094,12115000094,0.9658119658
121150095,12115000037,0.0036496350
121150095,12115000095,0.9963503650
121150096,12115000096,1.0000000000
121150097,12115000097,1.0000000000
121150098,12115000098,1.0000000000
121150099,12115000099,1.0000000000
121150100,12115000100,1.0000000000
121150101,12115000027,0.0110497238
121150101,12115000101,0.9889502762
121150102,12115000033,0.0714285714
121150102,12115000102,0.9285714286
121150103,12115000103,1.0000000000
121150104,12115000104,1.0000000000
121150105,12115000105,1.0000000000
121150106,12115000106,1.0000000000
121150107,12115000107,1.0000000000
121150108,12115000108,1.0000000000
121150109,12115000048,0.0500000000
121150109,12115000109,0.9500000000
121150110,12115000110,1.0000000000
121170001,12117000007,1.0000000000
121170002,12117000007,1.0000000000
121170003,12117000007,1.0000000000
121170004,12117000007,1.0000000000
121170005,12117000002,1.0000000000
121170006,12117000002,1.0000000000
121170007,12117000052,1.0000000000
121170008,12117000052,1.0000000000
121170009,12117000055,1.0000000000
121170010,12117000039,1.0000000000
121170011,12117000024,1.0000000000
121170012,12117000069,1.0000000000
121170013,12117000069,1.0000000000
121170014,12117000069,1.0000000000
121170015,12117000069,1.0000000000
121170016,12117000069,1.0000000000
121170017,12117000069,0.8750000000
121170017,12117000071,0.1250000000
121170018,12117000069,0.0303030303
121170018,12117000071,0.9696969697
121170019,12117000071,1.0000000000
121170020,12117000071,1.0000000000
121170022,12117000070,1.0000000000
121170023,12117000070,1.0000000000
121170024,12117000070,1.0000000000
121170025,12117000073,1.0000000000
121170026,12117000072,0.0909090909
121170026,12117000073,0.9090909091
121170027,12117000073,1.0000000000
121170028,12117000073,1.0000000000
121170029,12117000073,1.0000000000
121170030,12117000073,1.0000000000
121170031,12117000045,1.0000000000
121170032,12117000045,1.0000000000
121170033,12117000045,1.0000000000
121170034,12117000045,1.0000000000
121170035,12117000045,1.0000000000
121170036,12117000045,1.0000000000
121170037,12117000045,1.0000000000
121170038,12117000045,1.0000000000
121170039,12117000045,1.0000000000
121170040,12117000018,1.0000000000
121170041,12117000009,1.0000000000
121170042,12117000009,1.0000000000
121170043,12117000009,1.0000000000
121170044,12117000009,1.0000000000
121170045,12117000009,1.0000000000
121170046,12117000009,1.0000000000
121170047,12117000009,1.0000000000
121170048,12117000009,1.0000000000
121170049,12117000009,1.0000000000
121170050,12095000513,0.0191618120
121170050,12117000038,0.9808381880
121170051,12117000038,1.0000000000
121170052,12117000038,1.0000000000
121170053,12117000038,1.0000000000
121170054,12117000038,1.0000000000
121170055,12117000038,1.0000000000
121170056,12117000037,1.0000000000
121170057,12117000032,1.0000000000
121170058,12117000032,1.0000000000
121170059,12117000032,1.0000000000
121170060,12117000032,1.0000000000
121170061,12117000032,1.0000000000
121170062,12117000032,1.0000000000
121170063,12117000056,1.0000000000
121170064,12117000056,1.0000000000
121170065,12117000056,1.0000000000
121170066,12117000056,1.0000000000
121170067,12117000056,1.0000000000
121170068,12117000056,1.0000000000
121170069,12117000056,1.0000000000
121170070,12117000056,0.8000000000
121170070,12117000057,0.2000000000
121170071,12117000020,1.0000000000
121170072,12117000020,1.0000000000
121170073,12117000013,1.0000000000
121170074,12117000013,1.0000000000
121170075,12117000013,1.0000000000
121170076,12117000013,1.0000000000
121170077,12117000013,1.0000000000
121170078,12117000031,1.0000000000
121170079,12117000031,1.0000000000
121170080,12117000040,1.0000000000
121170081,12117000054,0.9856722171
121170081,12117000056,0.0143277829
121170082,12117000054,1.0000000000
121170083,12117000054,1.0000000000
121170084,12117000054,1.0000000000
121170085,12117000054,1.0000000000
121170086,12117000054,1.0000000000
121170087,12117000053,1.0000000000
121170088,12117000054,1.0000000000
121170089,12117000011,1.0000000000
121170090,12117000011,1.0000000000
121170091,12117000011,1.0000000000
121170092,12117000011,1.0000000000
121170093,12117000011,1.0000000000
121170094,12117000006,1.0000000000
121170095,12117000049,1.0000000000
121170096,12117000006,1.0000000000
121170097,12117000006,0.0116279070
121170097,12117000051,0.9883720930
121170098,12117000051,1.0000000000
121170099,12117000015,1.0000000000
121170100,12117000015,1.0000000000
121170101,12117000014,1.0000000000
121170102,12117000058,1.0000000000
121170103,12117000058,1.0000000000
121170104,12117000058,1.0000000000
121170105,12117000058,1.0000000000
121170106,12117000058,1.0000000000
121170107,12117000058,1.0000000000
121170108,12117000039,1.0000000000
121170109,12117000038,0.0196078431
121170109,12117000039,0.9803921569
121170110,12117000016,1.0000000000
121170111,12117000016,1.0000000000
121170112,12117000017,1.0000000000
121170113,12117000017,1.0000000000
121170114,12117000017,1.0000000000
121170115,12117000020,1.0000000000
121170116,12117000019,1.0000000000
121170117,12117000013,1.0000000000
121170118,12117000014,1.0000000000
121170119,12117000006,1.0000000000
121170120,12117000006,1.0000000000
121170121,12117000006,1.0000000000
121170122,12117000004,0.9678494434
121170122,12117000005,0.0321505566
121170123,12117000001,0.0588235294
121170123,12117000004,0.9411764706
121170124,12117000004,1.0000000000
121170125,12117000004,0.9230907554
121170125,12117000005,0.0769092446
121170126,12117000006,1.0000000000
121170127,12117000004,0.0062988383
121170127,12117000005,0.9937011617
121170128,12117000004,1.0000000000
121170129,12117000040,0.0350010613
121170129,12117000041,0.9649989387
121170130,12117000041,1.0000000000
121170131,12117000041,1.0000000000
121170132,12117000010,0.9800000000
121170132,12117000016,0.0200000000
121170133,12117000010,1.0000000000
121170134,12117000010,1.0000000000
121170135,12117000019,1.0000000000
121170136,12117000019,1.0000000000
121170137,12117000024,1.0000000000
121170138,12117000030,0.0119047619
121170138,12117000036,0.9761904762
121170138,12117000037,0.0119047619
121170139,12117000029,0.9896991773
121170139,12117000035,0.0103008227
121170140,12117000033,1.0000000000
121170141,12117000033,1.0000000000
121170142,12117000033,1.0000000000
121170143,12117000053,1.0000000000
121170144,12117000053,1.0000000000
121170145,12117000054,1.0000000000
121170146,12117000053,0.9230769231
121170146,12117000056,0.0769230769
121170147,12117000065,1.0000000000
121170148,12117000065,1.0000000000
121170149,12117000065,1.0000000000
121170150,12117000041,1.0000000000
121170151,12117000039,1.0000000000
121170152,12117000046,1.0000000000
121170153,12117000046,1.0000000000
121170154,12117000003,1.0000000000
121170155,12117000003,1.0000000000
121170156,12117000001,0.2857142857
121170156,12117000003,0.7142857143
121170157,12117000003,1.0000000000
121170158,12117000055,1.0000000000
121170159,12117000055,1.0000000000
121170160,12117000055,1.0000000000
121170161,12117000055,1.0000000000
121170162,12117000044,1.0000000000
121170163,12117000044,1.0000000000
121170164,12117000044,1.0000000000
121170165,12117000043,0.0555555556
121170165,12117000044,0.9444444444
121170166,12117000065,1.0000000000
121170167,12117000063,1.0000000000
121170168,12117000067,1.0000000000
121170169,12117000066,1.0000000000
121170170,12117000065,1.0000000000
121170171,12117000065,0.9498586516
121170171,12117000066,0.0501413484
121170172,12117000042,0.9987042697
121170172,12117000043,0.0012957303
121170173,12117000042,1.0000000000
121170174,12117000042,1.0000000000
121170175,12117000042,0.0055748943
121170175,12117000043,0.9944251057
121170176,12117000024,1.0000000000
121170177,12117000024,0.5000000000
121170177,12117000036,0.5000000000
121170178,12117000024,1.0000000000
121170179,12117000019,1.0000000000
121170180,12117000019,1.0000000000
121170181,12117000024,1.0000000000
121170182,12117000024,1.0000000000
121170183,12117000020,0.0555555556
121170183,12117000040,0.9444444444
121170184,12117000020,1.0000000000
121170185,12117000043,1.0000000000
121170186,12117000061,1.0000000000
121170187,12117000061,1.0000000000
121170188,12117000029,0.9801315265
121170188,12117000035,0.0198684735
121170189,12117000029,1.0000000000
121170190,12117000026,1.0000000000
121170191,12117000062,1.0000000000
121170192,12117000062,1.0000000000
121170193,12117000062,1.0000000000
121170194,12117000058,1.0000000000
121170195,12117000024,1.0000000000
121170196,12117000024,1.0000000000
121170197,12117000018,1.0000000000
121170198,12117000018,1.0000000000
121170199,12117000022,1.0000000000
121170200,12117000071,0.9444444444
121170200,12117000074,0.0555555556
121170201,12117000071,1.0000000000
121170202,12117000074,1.0000000000
121170203,12117000067,1.0000000000
121170204,12117000067,1.0000000000
121170205,12117000067,1.0000000000
121170206,12117000067,1.0000000000
121170207,12117000067,1.0000000000
121170208,12117000042,0.9795918367
121170208,12117000065,0.0204081633
121170209,12117000042,1.0000000000
121170210,12117000019,1.0000000000
121170211,12117000019,1.0000000000
121170212,12117000019,1.0000000000
121170213,12117000037,1.0000000000
121170214,12117000037,1.0000000000
121170215,12117000022,1.0000000000
121170216,12117000022,1.0000000000
121170217,12117000022,1.0000000000
121170218,12117000022,1.0000000000
121170219,12117000055,1.0000000000
121170220,12117000055,1.0000000000
121170221,12117000055,1.0000000000
121170222,12117000055,1.0000000000
121170223,12117000050,1.0000000000
121170224,12117000049,1.0000000000
121170225,12117000049,1.0000000000
121170226,12117000052,1.0000000000
121170227,12117000052,1.0000000000
121170228,12117000004,0.0370370370
121170228,12117000005,0.9629629630
121170229,12117000005,1.0000000000
121170230,12117000004,1.0000000000
121170231,12117000036,1.0000000000
121170232,12117000036,1.0000000000
121170233,12117000028,1.0000000000
121170234,12117000028,1.0000000000
121170235,12117000028,1.0000000000
121170236,12117000028,1.0000000000
121170237,12117000027,0.9967438605
121170237,12117000031,0.0032561395
121170238,12117000027,0.9747352424
121170238,12117000031,0.0252647576
121170239,12117000027,1.0000000000
121170240,12117000027,1.0000000000
121170241,12117000027,1.0000000000
121170242,12117000027,1.0000000000
121170243,12117000027,1.0000000000
121170244,12117000020,0.1388888889
121170244,12117000058,0.8611111111
121170245,12117000058,1.0000000000
121170246,12117000046,1.0000000000
121170247,12117000034,1.0000000000
121170248,12117000034,1.0000000000
121170249,12117000034,1.0000000000
121170250,12117000035,1.0000000000
121170251,12117000035,1.0000000000
121170252,12117000035,1.0000000000
121170253,12117000035,1.0000000000
121170254,12117000035,1.0000000000
121170255,12117000021,1.0000000000
121170256,12117000021,1.0000000000
121170257,12117000021,1.0000000000
121170258,12117000021,1.0000000000
121170259,12117000020,0.9508196721
121170259,12117000056,0.0491803279
121170260,12117000078,1.0000000000
121170261,12117000043,0.0270270270
121170261,12117000044,0.9729729730
121170262,12117000044,1.0000000000
121170263,12117000044,1.0000000000
121170264,12117000064,1.0000000000
121170265,12117000064,1.0000000000
121170266,12117000064,1.0000000000
121170267,12117000059,0.9230769231
121170267,12117000063,0.0769230769
121170268,12117000059,0.7600000000
121170268,12117000060,0.2400000000
121170269,12117000020,0.9990269285
121170269,12117000058,0.0009730715
121170270,12117000020,1.0000000000
121170271,12117000056,1.0000000000
121170272,12117000056,1.0000000000
121170273,12117000056,1.0000000000
121170274,12117000056,1.0000000000
121170275,12117000056,1.0000000000
121170276,12117000066,1.0000000000
121170277,12117000066,1.0000000000
121170278,12117000062,1.0000000000
121170279,12117000031,1.0000000000
121170280,12117000031,1.0000000000
121170281,12117000025,1.0000000000
121170282,12117000025,1.0000000000
121170283,12117000021,1.0000000000
121170284,12117000030,1.0000000000
121170285,12117000035,1.0000000000
121170286,12117000013,1.0000000000
121170287,12117000014,1.0000000000
121170288,12117000014,1.0000000000
121170289,12117000013,1.0000000000
121170290,12117000013,1.0000000000
121170291,12117000074,1.0000000000
121170292,12117000007,1.0000000000
121170293,12117000007,1.0000000000
121170294,12117000037,1.0000000000
121170295,12117000047,1.0000000000
121170296,12117000047,1.0000000000
121170297,12117000048,1.0000000000
121170298,12117000068,1.0000000000
121170299,12117000043,1.0000000000
121170300,12117000043,1.0000000000
121170301,12117000043,1.0000000000
121170302,12117000043,1.0000000000
121170303,12117000029,0.0005671990
121170303,12117000033,0.0138888889
121170303,12117000034,0.9849770187
121170303,12117000035,0.0005668934
121170304,12117000034,1.0000000000
121170305,12117000034,1.0000000000
121170306,12117000022,1.0000000000
121170307,12117000023,0.9444444444
121170307,12117000024,0.0555555556
121170308,12117000023,1.0000000000
121170309,12117000061,1.0000000000
121170310,12117000060,1.0000000000
121170311,12117000060,1.0000000000
121170312,12117000069,1.0000000000
121170313,12117000061,1.0000000000
121170314,12117000060,1.0000000000
121170315,12117000057,0.0454545455
121170315,12117000060,0.9545454545
121170316,12117000057,1.0000000000
121170317,12117000060,1.0000000000
121170318,12117000048,1.0000000000
121170319,12117000047,1.0000000000
121170320,12117000047,1.0000000000
121170321,12117000078,1.0000000000
121170322,12117000071,0.9756097561
121170322,12117000078,0.0243902439
121170323,12117000079,1.0000000000
121170324,12117000080,1.0000000000
121170325,12117000075,1.0000000000
121170326,12117000075,1.0000000000
121170327,12117000080,1.0000000000
121170328,12117000070,0.9991825781
121170328,12117000071,0.0008174219
121170329,12117000070,1.0000000000
121170330,12117000070,1.0000000000
121170331,12117000069,1.0000000000
121170332,12117000068,1.0000000000
121170333,12117000057,1.0000000000
121170334,12117000059,1.0000000000
121170335,12117000016,1.0000000000
121170336,12117000006,1.0000000000
121170337,12117000004,1.0000000000
121170338,12117000012,1.0000000000
121170339,12117000004,1.0000000000
121170340,12117000070,1.0000000000
121170341,12117000070,1.0000000000
121170342,12117000072,0.0172413793
121170342,12117000076,0.9137931034
121170342,12117000080,0.0689655172
121170343,12117000072,1.0000000000
121170344,12117000076,1.0000000000
121170345,12117000070,0.0714285714
121170345,12117000072,0.9285714286
121170346,12117000010,1.0000000000
121170347,12117000010,1.0000000000
121170348,12117000007,0.0285714286
121170348,12117000008,0.9571428571
121170348,12117000009,0.0142857143
121170349,12117000009,1.0000000000
121170350,12117000068,1.0000000000
121170351,12117000068,1.0000000000
121170352,12117000068,1.0000000000
121170353,12117000071,1.0000000000
121170354,12117000074,1.0000000000
121170355,12117000026,1.0000000000
121170356,12117000022,1.0000000000
121170357,12117000077,1.0000000000
121170358,12117000077,1.0000000000
121170359,12117000059,0.0312500000
121170359,12117000063,0.9687500000
121170360,12117000010,1.0000000000
121170361,12117000011,0.0388277860
121170361,12117000016,0.9611722140
121170362,12117000011,1.0000000000
121170363,12117000010,1.0000000000
121170364,12117000011,1.0000000000
121170365,12117000010,0.9995524401
121170365,12117000016,0.0004475599
121170366,12117000014,1.0000000000
121170367,12117000079,1.0000000000
121170368,12117000071,1.0000000000
121170369,12117000080,1.0000000000
121170370,12117000075,0.9979738077
121170370,12117000080,0.0020261923
121170371,12117000080,1.0000000000
121170372,12117000080,1.0000000000
121170373,12117000012,1.0000000000
121170374,12117000007,0.2500000000
121170374,12117000008,0.1666666667
121170374,12117000012,0.5833333333
121170375,12117000050,1.0000000000
121170376,12117000049,1.0000000000
121170377,12117000050,1.0000000000
121170378,12117000050,1.0000000000
121170379,12117000050,1.0000000000
121170380,12117000001,1.0000000000
121170381,12117000001,1.0000000000
121170382,12117000001,1.0000000000
121170383,12117000049,1.0000000000
121170384,12117000001,1.0000000000
121170385,12117000001,1.0000000000
121170386,12117000001,1.0000000000
121190001,12119000101,0.9500000000
121190001,12119000102,0.0250000000
121190001,12119000125,0.0250000000
121190002,12119000102,0.2500000000
121190002,12119000105,0.7500000000
121190003,12119000128,1.0000000000
121190004,12119000110,1.0000000000
121190005,12119000113,0.2931034483
121190005,12119000114,0.7068965517
121190006,12119000112,0.0975609756
121190006,12119000113,0.8536585366
121190006,12119000115,0.0487804878
121190007,12119000114,0.9936204032
121190007,12119000117,0.0063795968
121190008,12119000115,0.4773158670
121190008,12119000117,0.5226841330
121190009,12119000113,0.0031250000
121190009,12119000115,0.9576923370
121190009,12119000117,0.0031682529
121190009,12119000129,0.0360144101
121190010,12119000114,0.8220103488
121190010,12119000117,0.0444444444
121190010,12119000118,0.1335452067
121190011,12119000103,0.0540746135
121190011,12119000104,0.0008719768
121190011,12119000110,0.0359712230
121190011,12119000112,0.8695138413
121190011,12119000113,0.0071942446
121190011,12119000115,0.0323741007
121190012,12119000102,1.0000000000
121190013,12119000118,0.8666666667
121190013,12119000121,0.1333333333
121190014,12119000121,1.0000000000
121190015,12119000120,0.2222222222
121190015,12119000121,0.7777777778
121190016,12119000117,0.0289855072
121190016,12119000118,0.9710144928
121190017,12119000118,0.2018348624
121190017,12119000120,0.7981651376
121190018,12119000118,0.0000236716
121190018,12119000120,0.9080223054
121190018,12119000123,0.0919540230
121190019,12119000120,1.0000000000
121190020,12119000123,1.0000000000
121190021,12119000117,0.0428571429
121190021,12119000129,0.8095238095
121190021,12119000130,0.1476190476
121190022,12119000129,1.0000000000
121190023,12119000117,1.0000000000
121190024,12119000117,0.4125000000
121190024,12119000118,0.5750000000
121190024,12119000119,0.0125000000
121190025,12119000117,0.3396226415
121190025,12119000119,0.6603773585
121190026,12119000118,0.9987557161
121190026,12119000120,0.0012442839
121190027,12119000119,0.2068965517
121190027,12119000123,0.7931034483
121190028,12119000123,1.0000000000
121190029,12119000119,1.0000000000
121190030,12119000101,0.0075187970
121190030,12119000102,0.9924693427
121190030,12119000125,0.0000118603
121190031,12119000111,0.1930849799
121190031,12119000129,0.7436497149
121190031,12119000130,0.0632653053
121190032,12119000101,0.4580645161
121190032,12119000102,0.0193548387
121190032,12119000125,0.5225806452
121190033,12119000103,1.0000000000
121190034,12119000104,0.4404741736
121190034,12119000107,0.5535714286
121190034,12119000112,0.0059543978
121190035,12119000108,1.0000000000
121190036,12119000105,0.4605263158
121190036,12119000106,0.5131578947
121190036,12119000108,0.0175438596
121190036,12119000110,0.0087719298
121190037,12119000104,0.9259259259
121190037,12119000107,0.0740740741
121190038,12119000104,1.0000000000
121190039,12119000105,0.0000076397
121190039,12119000106,0.0081300813
121190039,12119000108,0.0162601626
121190039,12119000109,0.4471544715
121190039,12119000127,0.5284476449
121190040,12119000106,0.0116556855
121190040,12119000110,0.8764705534
121190040,12119000128,0.1118737611
121190041,12119000111,0.1636941751
121190041,12119000130,0.8363058249
121190042,12119000106,1.0000000000
121190043,12119000117,1.0000000000
121190044,12119000123,1.0000000000
121210001,12121000001,0.9969418960
121210001,12121000005,0.0030581040
121210002,12121000002,1.0000000000
121210003,12121000003,0.9930555556
121210003,12121000004,0.0069444444
121210004,12121000004,1.0000000000
121210005,12121000001,0.0212765957
121210005,12121000005,0.9787234043
121210006,12121000006,0.9979276358
121210006,12121000011,0.0020723642
121210007,12079000003,0.0031783634
121210007,12121000007,0.9968216366
121210008,12121000008,1.0000000000
121210009,12121000009,1.0000000000
121210010,12121000010,1.0000000000
121210011,12121000006,0.0058139535
121210011,12121000011,0.9941860465
121210012,12121000012,1.0000000000
121210013,12121000011,0.0031746032
121210013,12121000013,0.9968253968
121210014,12121000014,1.0000000000
121210015,12121000015,1.0000000000
121210016,12121000016,1.0000000000
121230001,12123000001,0.9789424229
121230001,12123000007,0.0210575771
121230002,12123000002,0.9999708493
121230002,12123000008,0.0000291507
121230003,12123000003,1.0000000000
121230004,12123000004,1.0000000000
121230005,12123000005,1.0000000000
121230006,12123000006,1.0000000000
121230007,12123000001,0.0053475936
121230007,12123000007,0.9919786096
121230007,12123000014,0.0026737968
121230008,12123000008,1.0000000000
121230009,12123000009,0.9848018994
121230009,12123000012,0.0002710045
121230009,12123000013,0.0149270961
121230010,12123000010,1.0000000000
121230011,12123000011,1.0000000000
121230012,12123000012,0.9948979592
121230012,12123000014,0.0051020408
121230013,12123000009,0.0000001384
121230013,12123000013,0.9999998616
121230014,12123000012,0.0000091903
121230014,12123000014,0.9999908097
121250001,12125000001,1.0000000000
121250002,12125000002,1.0000000000
121250003,12125000001,0.0082644628
121250003,12125000003,0.9917355372
121250004,12125000004,0.9855072464
121250004,12125000005,0.0144927536
121250005,12125000004,0.0161290323
121250005,12125000005,0.9838709677
121250006,12125000006,1.0000000000
121250007,12125000007,1.0000000000
121250008,12125000008,1.0000000000
121250009,12125000009,1.0000000000
121250010,12125000010,1.0000000000
121270001,12127000001,0.9575989658
121270001,12127000002,0.0424010342
121270002,12127000001,0.0145985401
121270002,12127000002,0.9634671013
121270002,12127000005,0.0145987368
121270002,12127000006,0.0073356217
121270003,12127000003,0.5000000000
121270003,12127000006,0.5000000000
121270004,12127000004,1.0000000000
121270005,12127000002,0.0304878049
121270005,12127000005,0.9695121951
121270006,12127000003,0.1356129679
121270006,12127000006,0.8643870321
121270007,12127000007,1.0000000000
121270008,12127000008,0.9871794872
121270008,12127000009,0.0128205128
121270009,12127000009,1.0000000000
121270010,12127000010,1.0000000000
121270011,12127000011,1.0000000000
121270012,12127000012,0.9999978743
121270012,12127000013,0.0000021257
121270013,12127000012,0.0101042903
121270013,12127000013,0.9218725572
121270013,12127000017,0.0235128310
121270013,12127000018,0.0190859339
121270013,12127000023,0.0203184529
121270013,12127000024,0.0051059347
121270014,12127000012,0.2500000000
121270014,12127000014,0.3664249480
121270014,12127000023,0.3835750520
121270015,12127000018,1.0000000000
121270017,12127000011,0.0000329040
121270017,12127000013,0.0008219155
121270017,12127000017,0.9990685070
121270017,12127000032,0.0000766734
121270018,12127000013,0.0825908805
121270018,12127000018,0.9174091195
121270019,12127000019,1.0000000000
121270020,12127000020,1.0000000000
121270021,12127000021,1.0000000000
121270022,12127000022,1.0000000000
121270023,12127000013,0.0035282373
121270023,12127000014,0.0106635739
121270023,12127000023,0.9821208940
121270023,12127000026,0.0036872947
121270024,12127000013,0.0083565404
121270024,12127000024,0.9916434596
121270025,12127000025,1.0000000000
121270026,12127000023,0.0001926909
121270026,12127000026,0.9518289071
121270026,12127000039,0.0141471135
121270026,12127000046,0.0000228240
121270026,12127000049,0.0062893082
121270026,12127000052,0.0275191563
121270027,12127000027,1.0000000000
121270028,12127000028,0.9411443737
121270028,12127000037,0.0075112264
121270028,12127000039,0.0014575521
121270028,12127000040,0.0000573650
121270028,12127000049,0.0490967832
121270028,12127000051,0.0007326995
121270029,12127000029,1.0000000000
121270030,12127000030,0.8622407256
121270030,12127000037,0.1377592744
121270031,12127000031,1.0000000000
121270032,12127000017,0.0000272484
121270032,12127000032,0.9883871341
121270032,12127000037,0.0115856174
121270033,12127000033,1.0000000000
121270034,12127000034,0.9815694949
121270034,12127000037,0.0184305051
121270035,12127000035,1.0000000000
121270036,12127000036,1.0000000000
121270037,12127000032,0.0046785316
121270037,12127000037,0.9953214684
121270038,12127000038,1.0000000000
121270039,12127000026,0.0152962980
121270039,12127000028,0.0233024258
121270039,12127000039,0.9614012762
121270040,12127000028,0.3281574217
121270040,12127000040,0.6718425783
121270041,12127000041,1.0000000000
121270042,12127000026,0.5000000000
121270042,12127000042,0.5000000000
121270043,12127000043,0.9923544816
121270043,12127000046,0.0076455184
121270044,12127000044,1.0000000000
121270045,12127000045,1.0000000000
121270046,12127000043,0.0022274758
121270046,12127000044,0.0000651603
121270046,12127000046,0.9599382396
121270046,12127000086,0.0094339623
121270046,12127000098,0.0283351621
121270047,12127000047,1.0000000000
121270048,12127000048,1.0000000000
121270049,12127000026,0.0016033019
121270049,12127000028,0.0148539763
121270049,12127000049,0.9835427218
121270050,12127000028,0.2500000000
121270050,12127000050,0.7500000000
121270051,12127000028,0.0385157849
121270051,12127000051,0.9614842151
121270052,12127000026,0.0600000000
121270052,12127000052,0.9000000000
121270052,12127000070,0.0400000000
121270053,12127000053,0.9411764706
121270053,12127000070,0.0588235294
121270054,12127000054,1.0000000000
121270055,12127000055,1.0000000000
121270056,12127000056,0.9485436548
121270056,12127000074,0.0306122449
121270056,12127000075,0.0106400186
121270056,12127000076,0.0102040816
121270057,12127000057,1.0000000000
121270058,12127000058,0.9387448813
121270058,12127000075,0.0612551187
121270059,12127000059,0.9482810849
121270059,12127000075,0.0517189151
121270060,12127000060,1.0000000000
121270061,12127000061,1.0000000000
121270062,12127000062,1.0000000000
121270063,12127000063,1.0000000000
121270064,12127000064,0.6666666667
121270064,12127000075,0.3333333333
121270065,12127000065,1.0000000000
121270066,12127000066,0.6666666667
121270066,12127000075,0.3333333333
121270067,12127000071,1.0000000000
121270069,12127000069,1.0000000000
121270070,12127000052,0.0089770228
121270070,12127000070,0.9768385800
121270070,12127000075,0.0141843972
121270071,12127000060,0.0001623285
121270071,12127000071,0.9988973899
121270071,12127000075,0.0009402817
121270072,12127000072,1.0000000000
121270073,12127000073,1.0000000000
121270074,12127000074,0.9998618382
121270074,12127000075,0.0001277010
121270074,12127000076,0.0000104607
121270075,12127000056,0.0045045045
121270075,12127000057,0.0003593053
121270075,12127000058,0.0278235045
121270075,12127000059,0.0356050663
121270075,12127000060,0.0000106003
121270075,12127000064,0.0002945145
121270075,12127000074,0.0046028521
121270075,12127000075,0.9222951479
121270075,12127000076,0.0045045045
121270076,12127000056,0.0204081633
121270076,12127000076,0.9795918367
121270077,12127000075,0.0000571161
121270077,12127000077,0.9814523080
121270077,12127000083,0.0184905759
121270078,12127000078,1.0000000000
121270079,12127000046,0.0229885057
121270079,12127000079,0.9770114943
121270080,12127000080,0.9958581256
121270080,12127000086,0.0041365105
121270080,12127000091,0.0000053638
121270081,12127000046,0.0099136959
121270081,12127000081,0.9900863041
121270082,12127000082,1.0000000000
121270083,12127000083,1.0000000000
121270084,12127000084,1.0000000000
121270085,12127000085,1.0000000000
121270086,12127000086,1.0000000000
121270087,12127000087,1.0000000000
121270088,12127000088,1.0000000000
121270089,12127000089,1.0000000000
121270090,12127000090,0.9589942917
121270090,12127000093,0.0410057083
121270091,12127000080,0.0141778860
121270091,12127000091,0.9719111444
121270091,12127000093,0.0139109696
121270092,12127000092,1.0000000000
121270093,12127000073,0.0000000384
121270093,12127000090,0.0274388674
121270093,12127000091,0.0090090090
121270093,12127000093,0.9543103023
121270093,12127000095,0.0092348997
121270093,12127000100,0.0000068832
121270094,12127000094,0.9662921348
121270094,12127000098,0.0337078652
121270095,12127000093,0.0150594983
121270095,12127000095,0.9849405017
121270096,12127000096,1.0000000000
121270097,12127000097,1.0000000000
121270098,12127000046,0.0000088673
121270098,12127000098,0.9999911327
121270099,12127000099,1.0000000000
121270100,12127000100,1.0000000000
121270101,12127000101,0.9988561132
121270101,12127000107,0.0011438868
121270102,12127000102,1.0000000000
121270103,12127000103,1.0000000000
121270104,12127000104,1.0000000000
121270105,12127000105,0.9999950568
121270105,12127000123,0.0000049432
121270106,12127000104,0.0008278509
121270106,12127000105,0.0001972757
121270106,12127000106,0.9989748734
121270107,12127000102,0.0000295713
121270107,12127000106,0.0000378483
121270107,12127000107,0.9774606703
121270107,12127000109,0.0112359551
121270107,12127000110,0.0112359551
121270108,12127000108,0.9582459971
121270108,12127000120,0.0000848640
121270108,12127000128,0.0416666667
121270108,12127000148,0.0000024722
121270109,12127000109,1.0000000000
121270110,12127000107,0.0714285714
121270110,12127000110,0.9285714286
121270111,12127000111,1.0000000000
121270112,12127000112,0.8750000000
121270112,12127000120,0.1250000000
121270113,12127000113,1.0000000000
121270114,12127000114,0.6666666667
121270114,12127000118,0.3333333333
121270115,12127000115,1.0000000000
121270116,12127000116,1.0000000000
121270118,12127000113,0.0000907087
121270118,12127000118,0.9999092913
121270119,12127000119,0.9586126335
121270119,12127000148,0.0413873665
121270120,12127000108,0.0002282995
121270120,12127000120,0.9997717005
121270121,12127000121,0.9912002032
121270121,12127000134,0.0014211625
121270121,12127000137,0.0073786343
121270122,12127000122,1.0000000000
121270123,12127000123,1.0000000000
121270124,12127000124,0.9998426673
121270124,12127000150,0.0001573327
121270125,12127000125,1.0000000000
121270126,12127000126,1.0000000000
121270127,12127000127,1.0000000000
121270128,12127000128,1.0000000000
121270129,12127000129,1.0000000000
121270130,12127000130,1.0000000000
121270131,12127000121,0.2307692308
121270131,12127000131,0.7692307692
121270132,12127000132,0.8745292585
121270132,12127000137,0.1254707415
121270133,12127000133,1.0000000000
121270134,12127000121,0.1995303005
121270134,12127000134,0.6314642694
121270134,12127000137,0.1690054300
121270135,12127000135,1.0000000000
121270136,12127000136,0.6000000000
121270136,12127000137,0.4000000000
121270137,12127000130,0.0045371992
121270137,12127000137,0.9769151511
121270137,12127000139,0.0151515152
121270137,12127000150,0.0033961345
121270138,12127000138,1.0000000000
121270139,12127000139,0.9973822181
121270139,12127000150,0.0026177819
121270140,12127000140,0.9998917228
121270140,12127000151,0.0001082772
121270141,12127000141,0.8000000000
121270141,12127000146,0.2000000000
121270142,12127000142,0.9975402862
121270142,12127000150,0.0019385291
121270142,12127000154,0.0005211847
121270143,12127000139,0.0322580645
121270143,12127000140,0.0018031093
121270143,12127000143,0.9647122601
121270143,12127000149,0.0012265661
121270144,12127000144,1.0000000000
121270145,12127000141,0.1250000000
121270145,12127000145,0.8628125277
121270145,12127000151,0.0121874723
121270146,12127000146,1.0000000000
121270147,12127000106,0.0001828203
121270147,12127000147,0.9998171797
121270148,12127000108,0.0234425485
121270148,12127000117,0.0074074074
121270148,12127000118,0.0074074074
121270148,12127000119,0.0148148148
121270148,12127000126,0.0007356900
121270148,12127000130,0.0074074074
121270148,12127000148,0.9233095099
121270148,12127000182,0.0154752146
121270149,12127000149,1.0000000000
121270150,12127000124,0.0000193332
121270150,12127000150,0.9999806668
121270151,12127000144,0.0140845070
121270151,12127000151,0.9859154930
121270152,12127000152,0.9999834433
121270152,12127000182,0.0000165567
121270153,12127000153,1.0000000000
121270154,12127000154,0.9999160825
121270154,12127000156,0.0000839175
121270155,12127000155,1.0000000000
121270156,12127000156,1.0000000000
121270157,12127000157,1.0000000000
121270158,12127000158,1.0000000000
121270159,12127000159,0.9895812576
121270159,12127000173,0.0007659049
121270159,12127000176,0.0096528375
121270160,12127000156,0.0066666667
121270160,12127000160,0.9933333333
121270161,12127000161,0.9887695717
121270161,12127000162,0.0107526882
121270161,12127000163,0.0004777401
121270162,12127000162,1.0000000000
121270163,12127000163,0.9758261793
121270163,12127000169,0.0241738207
121270164,12127000164,1.0000000000
121270165,12127000165,1.0000000000
121270166,12127000166,1.0000000000
121270167,12127000167,1.0000000000
121270168,12127000168,1.0000000000
121270169,12127000163,0.0011589567
121270169,12127000169,0.9988410433
121270170,12127000170,0.9996332878
121270170,12127000178,0.0003587253
121270170,12127000180,0.0000079869
121270171,12127000171,1.0000000000
121270172,12127000172,0.9947969298
121270172,12127000176,0.0025851386
121270172,12127000177,0.0025533680
121270172,12127000196,0.0000645635
121270173,12127000171,0.0014717101
121270173,12127000173,0.9016753880
121270173,12127000176,0.0968529020
121270174,12127000174,1.0000000000
121270175,12127000175,1.0000000000
121270176,12127000159,0.0167292019
121270176,12127000173,0.0591015507
121270176,12127000174,0.0083333333
121270176,12127000175,0.0000755887
121270176,12127000176,0.9133572044
121270176,12127000177,0.0024031209
121270177,12127000173,0.0000270221
121270177,12127000176,0.0035201051
121270177,12127000177,0.9956915577
121270177,12127000196,0.0007613150
121270178,12127000170,0.0000006748
121270178,12127000178,0.9999993252
121270179,12127000179,1.0000000000
121270180,12127000180,1.0000000000
121270181,12127000181,1.0000000000
121270182,12127000148,0.0000044963
121270182,12127000152,0.0068421350
121270182,12127000182,0.9848862952
121270182,12127000195,0.0017271355
121270182,12127000199,0.0065399381
121270183,12127000183,0.8000000000
121270183,12127000199,0.2000000000
121270184,12127000184,1.0000000000
121270185,12127000185,1.0000000000
121270186,12127000186,1.0000000000
121270187,12127000187,1.0000000000
121270188,12127000188,0.7500000000
121270188,12127000195,0.2500000000
121270189,12127000148,0.3333333333
121270189,12127000189,0.6666666667
121270190,12127000190,1.0000000000
121270191,12127000191,1.0000000000
121270192,12127000192,1.0000000000
121270193,12127000193,1.0000000000
121270194,12127000194,1.0000000000
121270195,12127000182,0.0192307692
121270195,12127000195,0.9807692308
121270196,12127000176,0.0111111111
121270196,12127000196,0.9808814361
121270196,12127000203,0.0077471967
121270196,12127000207,0.0002602561
121270197,12127000197,0.9789460418
121270197,12127000207,0.0210539582
121270198,12127000182,0.0377358491
121270198,12127000194,0.0272701409
121270198,12127000198,0.9349940100
121270199,12127000199,1.0000000000
121270200,12127000200,0.9996772753
121270200,12127000209,0.0001098585
121270200,12127000217,0.0002128662
121270201,12127000209,1.0000000000
121270202,12127000209,1.0000000000
121270203,12127000196,0.0061383056
121270203,12127000203,0.9860593002
121270203,12127000206,0.0078023942
121270204,12127000196,0.0003145834
121270204,12127000204,0.9996854166
121270205,12127000205,0.9675516219
121270205,12127000206,0.0324483781
121270206,12127000203,0.0009514679
121270206,12127000205,0.0150234541
121270206,12127000206,0.9752976954
121270206,12127000209,0.0087273826
121270207,12127000177,0.0022770094
121270207,12127000197,0.0000268823
121270207,12127000203,0.0400000000
121270207,12127000207,0.9576961082
121270208,12127000208,1.0000000000
121270209,12127000206,0.0098039216
121270209,12127000209,0.9684421393
121270209,12127000212,0.0217539391
121270210,12127000210,0.9997094594
121270210,12127000211,0.0001009743
121270210,12127000216,0.0001895663
121270211,12127000210,0.0295255681
121270211,12127000211,0.9606697766
121270211,12127000218,0.0000007337
121270211,12127000244,0.0098039216
121270212,12127000205,0.0196626995
121270212,12127000209,0.0010041640
121270212,12127000212,0.9788076323
121270212,12127000216,0.0000016295
121270212,12127000217,0.0005238747
121270213,12127000213,1.0000000000
121270214,12127000214,1.0000000000
121270215,12127000215,1.0000000000
121270216,12127000212,0.0237324915
121270216,12127000216,0.9762675085
121270217,12127000212,0.0052256277
121270217,12127000217,0.9947624040
121270217,12127000221,0.0000119684
121270218,12127000217,0.0122699387
121270218,12127000218,0.9876882513
121270218,12127000239,0.0000418100
121270219,12127000219,0.9774076321
121270219,12127000221,0.0074626866
121270219,12127000236,0.0074803644
121270219,12127000237,0.0074172038
121270219,12127000238,0.0000789487
121270219,12127000239,0.0001531644
121270220,12127000217,0.0000383640
121270220,12127000220,0.9999616360
121270221,12127000217,0.0000558556
121270221,12127000219,0.0000070777
121270221,12127000221,0.9720266852
121270221,12127000244,0.0279103815
121270222,12127000222,0.8000000000
121270222,12127000244,0.2000000000
121270223,12127000219,0.0086409206
121270223,12127000223,0.9913590794
121270224,12127000224,1.0000000000
121270225,12127000225,1.0000000000
121270226,12127000226,1.0000000000
121270227,12127000227,1.0000000000
121270228,12127000228,1.0000000000
121270229,12127000229,1.0000000000
121270230,12127000230,1.0000000000
121270231,12127000219,0.5000000000
121270231,12127000231,0.5000000000
121270232,12127000232,0.5000000000
121270232,12127000244,0.5000000000
121270233,12127000233,1.0000000000
121270234,12127000234,1.0000000000
121270235,12127000235,1.0000000000
121270236,12127000219,0.0475254488
121270236,12127000236,0.8696020364
121270236,12127000244,0.0117647059
121270236,12127000248,0.0000779113
121270236,12127000256,0.0000435345
121270236,12127000257,0.0117647059
121270236,12127000259,0.0235294118
121270236,12127000260,0.0000755821
121270236,12127000269,0.0235294118
121270236,12127000270,0.0120872515
121270237,12127000237,1.0000000000
121270238,12127000219,0.4444444444
121270238,12127000238,0.5555555556
121270239,12127000218,0.1215836440
121270239,12127000239,0.8784163560
121270240,12127000219,0.3324681626
121270240,12127000240,0.6675318374
121270241,12127000241,1.0000000000
121270242,12127000242,1.0000000000
121270243,12127000243,1.0000000000
121270244,12127000211,0.0135481159
121270244,12127000221,0.0339591906
121270244,12127000224,0.0000055007
121270244,12127000232,0.0001101211
121270244,12127000236,0.0075187970
121270244,12127000244,0.9373368323
121270244,12127000246,0.0075214424
121270245,12127000221,0.0005058558
121270245,12127000245,0.9994941442
121270246,12127000246,1.0000000000
121270248,12127000248,1.0000000000
121270249,12127000249,1.0000000000
121270250,12127000250,1.0000000000
121270251,12127000236,0.0052067895
121270251,12127000251,0.9947932105
121270252,12127000252,1.0000000000
121270253,12127000253,1.0000000000
121270254,12127000236,0.0755777266
121270254,12127000254,0.9244222734
121270255,12127000255,1.0000000000
121270256,12127000256,1.0000000000
121270257,12127000257,1.0000000000
121270258,12127000258,1.0000000000
121270259,12127000259,1.0000000000
121270260,12127000260,1.0000000000
121270261,12127000261,1.0000000000
121270262,12127000262,1.0000000000
121270263,12127000263,1.0000000000
121270264,12127000264,1.0000000000
121270265,12127000265,1.0000000000
121270266,12127000266,1.0000000000
121270267,12127000267,1.0000000000
121270268,12127000268,1.0000000000
121270270,12127000270,1.0000000000
121270271,12127000271,1.0000000000
121290001,12129000001,1.0000000000
121290002,12129000002,0.9954751131
121290002,12129000007,0.0045248869
121290003,12129000003,1.0000000000
121290004,12129000004,1.0000000000
121290005,12129000001,0.0114118389
121290005,12129000005,0.9708737864
121290005,12129000008,0.0128600058
121290005,12129ZZZZZZ,0.0048543689
121290006,12129000006,1.0000000000
121290007,12129000002,0.0126582278
121290007,12129000007,0.9873417722
121290008,12129000005,0.0120615453
121290008,12129000008,0.9879384547
121290009,12129000008,0.0121951220
121290009,12129000009,0.9878048780
121290010,12037000002,0.1216804050
121290010,12129000003,0.0000427897
121290010,12129000010,0.8782768053
121290011,12129000011,1.0000000000
121290012,12129000012,1.0000000000
121310001,12131000320,1.0000000000
121310002,12131000340,1.0000000000
121310003,12131000440,1.0000000000
121310004,12131000220,1.0000000000
121310005,12131000320,1.0000000000
121310006,12131000110,1.0000000000
121310007,12131000410,1.0000000000
121310008,12131000110,1.0000000000
121310009,12131000240,1.0000000000
121310010,12131000340,1.0000000000
121310011,12131000130,0.4523227384
121310011,12131000320,0.0171149144
121310011,12131000330,0.0757946210
121310011,12131000410,0.1418092910
121310011,12131000420,0.2176039120
121310011,12131000430,0.0953545232
121310012,12131000350,1.0000000000
121310013,12131000110,1.0000000000
121310014,12131000350,0.0023529412
121310014,12131000430,0.9976470588
121310015,12131000210,1.0000000000
121310016,12131000230,1.0000000000
121310017,12131000220,1.0000000000
121310018,12131000240,1.0000000000
121310019,12131000510,1.0000000000
121310020,12131000360,1.0000000000
121310021,12131000130,1.0000000000
121310022,12131000120,1.0000000000
121310023,12131000310,0.9999948288
121310023,12131000340,0.0000051712
121310024,12131000110,1.0000000000
121310025,12131000360,1.0000000000
121310026,12131000330,1.0000000000
121310027,12131000530,0.9908256881
121310027,12131000540,0.0091743119
121310028,12131000420,0.9782608696
121310028,12131000430,0.0217391304
121310029,12131000360,1.0000000000
121310030,12131000540,1.0000000000
121310031,12131000230,1.0000000000
121310032,12131000520,1.0000000000
121310033,12131000360,1.0000000000
121310034,12131000320,0.1048951049
121310034,12131000330,0.8951048951
121330001,12133000001,1.0000000000
121330002,12133000002,0.9885057471
121330002,1213300004E,0.0114942529
121330003,12133000003,1.0000000000
121330004,12133000004,1.0000000000
121330005,12133000005,1.0000000000
121330006,12133000006,1.0000000000
121330007,12133000007,1.0000000000
121330008,12133000007,1.0000000000
121330009,12133000009,1.0000000000
121330010,1213300004D,0.5714285714
121330010,1213300009C,0.4285714286
121330011,12133000009,1.0000000000
121330012,12133000012,1.0000000000
121330013,12133000013,1.0000000000
121330014,12133000013,0.0333333333
121330014,12133000014,0.9666666667
121330015,1213300004D,1.0000000000
121330016,12133000004,0.0769230769
121330016,1213300004E,0.9230769231
121330017,12133000017,1.0000000000
121330018,12133000018,1.0000000000
121330019,12133000019,1.0000000000
121330020,12133000020,1.0000000000
121330021,1213300004C,1.0000000000
121330022,1213300004C,1.0000000000
121330023,12133000023,0.9971428571
121330023,1213300007A,0.0028571429
121330024,12133000024,1.0000000000
121330025,12133000025,1.0000000000
121330026,12133000025,0.5636363636
121330026,12133000026,0.4363636364
121330027,12133000027,0.4583333333
121330027,1213300005B,0.5416666667
121330028,1213300007A,0.3065326633
121330028,1213300009D,0.6934673367
