from_vtd10,district,weight
120010001,10,1.0000000000
120010002,10,0.5454545455
120010002,22,0.4545454545
120010003,21,0.2058823529
120010003,22,0.7941176471
120010004,10,0.2617710053
120010004,21,0.7382289947
120010005,21,1.0000000000
120010006,10,0.4410080520
120010006,21,0.5589919480
120010007,10,1.0000000000
120010008,10,1.0000000000
120010009,10,0.9913566619
120010009,21,0.0025827321
120010009,22,0.0060606061
120010010,22,1.0000000000
120010011,22,1.0000000000
120010012,21,0.9800000000
120010012,22,0.0200000000
120010013,21,1.0000000000
120010014,10,0.0952380952
120010014,22,0.9047619048
120010015,22,1.0000000000
120010016,22,1.0000000000
120010017,22,1.0000000000
120010018,22,1.0000000000
120010019,21,1.0000000000
120010020,22,1.0000000000
120010021,22,1.0000000000
120010022,22,1.0000000000
120010023,21,1.0000000000
120010024,21,0.9848484848
120010024,22,0.0151515152
120010025,21,1.0000000000
120010026,21,1.0000000000
120010027,21,1.0000000000
120010028,21,0.9109030781
120010028,22,0.0890969219
120010029,22,1.0000000000
120010030,21,0.8895531521
120010030,22,0.1104468479
120010031,21,0.5000000000
120010031,22,0.5000000000
120010032,21,1.0000000000
120010033,21,0.2686567164
120010033,22,0.7313432836
120010034,10,0.2813787584
120010034,21,0.7186212416
120010035,10,0.3812631771
120010035,21,0.6187368229
120010036,21,1.0000000000
120010037,21,1.0000000000
120010038,10,0.6476123248
120010038,21,0.2647388693
120010038,22,0.0876488059
120010039,10,0.7504350034
120010039,22,0.2495649966
120010040,21,0.1122718053
120010040,22,0.8877281947
120010041,22,1.0000000000
120010042,22,1.0000000000
120010043,22,1.0000000000
120010044,22,1.0000000000
120010045,22,1.0000000000
120010046,21,0.6821705426
120010046,22,0.3178294574
120010047,22,1.0000000000
120010048,22,1.0000000000
120010049,21,1.0000000000
120010050,21,1.0000000000
120010051,21,0.6300461709
120010051,22,0.3699538291
120010052,21,0.0576923077
120010052,22,0.9423076923
120010053,22,1.0000000000
120010054,21,0.6578947368
120010054,22,0.3421052632
120010055,21,1.0000000000
120010056,21,1.0000000000
120010057,21,0.8378378378
120010057,22,0.1621621622
120010058,21,0.9636363636
120010058,22,0.0363636364
120010059,22,1.0000000000
120010060,21,1.0000000000
120010061,21,0.6445355311
120010061,22,0.3554644689
120010062,21,0.8297872340
120010062,22,0.1702127660
120010063,21,1.0000000000
120010064,21,1.0000000000
120010065,10,1.0000000000
120010066,10,0.9589552239
120010066,22,0.0410447761
120010067,10,1.0000000000
120010068,21,1.0000000000
120010069,10,0.0176678445
120010069,22,0.9823321555
120010070,22,1.0000000000
120010071,10,1.0000000000
120030001,10,1.0000000000
120030002,10,1.0000000000
120030003,10,1.0000000000
120030004,10,1.0000000000
120030005,10,1.0000000000
120030006,10,1.0000000000
120030007,10,1.0000000000
120030008,10,1.0000000000
120030009,10,1.0000000000
120050001,6,1.0000000000
120050002,6,1.0000000000
120050003,6,1.0000000000
120050004,6,1.0000000000
120050005,6,1.0000000000
120050006,6,1.0000000000
120050007,6,1.0000000000
120050008,6,1.0000000000
120050009,6,1.0000000000
120050010,6,1.0000000000
120050011,6,1.0000000000
120050012,6,1.0000000000
120050013,6,1.0000000000
120050014,6,1.0000000000
120050015,6,1.0000000000
120050016,6,1.0000000000
120050017,6,1.0000000000
120050018,6,1.0000000000
120050019,6,1.0000000000
120050020,6,1.0000000000
120050021,6,1.0000000000
120050022,6,1.0000000000
120050023,6,1.0000000000
120050024,6,1.0000000000
120050025,6,1.0000000000
120050026,6,1.0000000000
120050027,6,1.0000000000
120050028,6,1.0000000000
120050029,6,1.0000000000
120050030,6,1.0000000000
120050031,6,1.0000000000
120050032,6,1.0000000000
120050033,6,1.0000000000
120050034,6,1.0000000000
120050035,6,1.0000000000
120050036,6,1.0000000000
120050037,6,1.0000000000
120050038,6,1.0000000000
120050039,6,1.0000000000
120050040,6,1.0000000000
120050041,6,1.0000000000
120050042,6,1.0000000000
120050043,6,1.0000000000
120050044,6,1.0000000000
120050045,6,1.0000000000
120050046,6,1.0000000000
120050047,6,1.0000000000
120050048,6,1.0000000000
120050049,6,1.0000000000
120050050,6,1.0000000000
120050051,6,1.0000000000
120050052,6,1.0000000000
120050053,6,1.0000000000
120050054,6,1.0000000000
120050055,6,1.0000000000
120050056,6,1.0000000000
120050057,6,1.0000000000
120050058,6,1.0000000000
120070001,10,1.0000000000
120070002,10,1.0000000000
120070003,10,1.0000000000
120070004,10,1.0000000000
120070005,10,1.0000000000
120070006,10,1.0000000000
120070007,10,1.0000000000
120070008,10,1.0000000000
120070009,10,1.0000000000
120070010,10,1.0000000000
120070011,10,1.0000000000
120070012,10,1.0000000000
120070013,10,1.0000000000
120070014,10,1.0000000000
120070015,10,1.0000000000
120070016,10,1.0000000000
120070017,10,1.0000000000
120070018,10,1.0000000000
120070019,10,1.0000000000
120070020,10,1.0000000000
120090001,30,1.0000000000
120090002,30,1.0000000000
120090003,30,1.0000000000
120090004,30,1.0000000000
120090005,30,1.0000000000
120090006,30,0.8914728682
120090006,31,0.1085271318
120090007,31,1.0000000000
120090008,32,1.0000000000
120090009,32,1.0000000000
120090010,32,0.4251224731
120090010,33,0.5748775269
120090011,33,0.9830508475
120090011,34,0.0169491525
120090012,33,0.0003389190
120090012,34,0.9996610810
120090013,31,0.1378952474
120090013,32,0.8621047526
120090014,31,1.0000000000
120090015,31,1.0000000000
120090016,31,1.0000000000
120090017,31,1.0000000000
120090018,30,1.0000000000
120090019,30,1.0000000000
120090020,31,1.0000000000
120090021,30,1.0000000000
120090022,33,1.0000000000
120090023,34,1.0000000000
120090024,34,1.0000000000
120090025,31,1.0000000000
120090026,30,1.0000000000
120090027,30,1.0000000000
120090028,30,1.0000000000
120090029,30,1.0000000000
120090030,31,1.0000000000
120090031,31,1.0000000000
120090032,31,1.0000000000
120090033,30,0.2545454545
120090033,31,0.7454545455
120090034,30,1.0000000000
120090035,33,1.0000000000
120090036,33,1.0000000000
120090037,33,1.0000000000
120090038,30,1.0000000000
120090039,32,1.0000000000
120090040,33,1.0000000000
120090041,33,1.0000000000
120090042,33,1.0000000000
120090043,32,0.9908889690
120090043,33,0.0091110310
120090044,32,1.0000000000
120090045,31,0.0270434257
120090045,32,0.9729565743
120090046,32,1.0000000000
120090047,31,1.0000000000
120090048,30,0.8604651163
120090048,31,0.1395348837
120090049,30,1.0000000000
120090050,31,1.0000000000
120090051,31,1.0000000000
120090052,31,1.0000000000
120090053,31,1.0000000000
120090054,32,1.0000000000
120090055,32,1.0000000000
120090056,32,1.0000000000
120090057,32,1.0000000000
120090058,32,1.0000000000
120090059,32,1.0000000000
120090060,32,1.0000000000
120090061,32,1.0000000000
120090062,33,1.0000000000
120090063,33,1.0000000000
120090064,32,0.7298175548
120090064,33,0.2701824452
120090065,33,1.0000000000
120090066,32,1.0000000000
120090067,32,0.2000000000
120090067,33,0.8000000000
120090068,32,0.4000000000
120090068,33,0.6000000000
120090069,31,1.0000000000
120090070,31,1.0000000000
120090071,32,1.0000000000
120090072,33,1.0000000000
120090073,33,1.0000000000
120090074,32,0.2491632707
120090074,33,0.7508367293
120090075,32,1.0000000000
120090076,33,1.0000000000
120090077,32,1.0000000000
120090078,31,1.0000000000
120090079,32,1.0000000000
120090080,31,0.9892473118
120090080,32,0.0107526882
120090081,31,1.0000000000
120090082,31,1.0000000000
120090083,31,1.0000000000
120090084,31,1.0000000000
120090085,31,1.0000000000
120090086,31,1.0000000000
120090087,30,1.0000000000
120090088,31,1.0000000000
120090089,30,0.2962962963
120090089,31,0.7037037037
120090090,31,1.0000000000
120090091,31,0.9859154930
120090091,32,0.0140845070
120090092,32,1.0000000000
120090093,32,1.0000000000
120090094,31,1.0000000000
120090095,31,1.0000000000
120090096,31,1.0000000000
120090097,31,1.0000000000
120090098,30,1.0000000000
120090099,30,0.1538461538
120090099,31,0.8461538462
120090100,31,1.0000000000
120090101,31,1.0000000000
120090102,31,0.9993733087
120090102,35,0.0006266913
120090103,31,1.0000000000
120090104,30,1.0000000000
120090105,32,1.0000000000
120090106,31,1.0000000000
120090107,32,1.0000000000
120090108,32,1.0000000000
120090109,32,1.0000000000
120090110,32,1.0000000000
120090111,32,1.0000000000
120090112,32,1.0000000000
120090113,32,1.0000000000
120090114,33,1.0000000000
120090115,33,1.0000000000
120090116,32,1.0000000000
120090117,31,0.0000098899
120090117,32,0.9999901101
120090118,31,1.0000000000
120090119,31,1.0000000000
120090120,31,1.0000000000
120090121,31,1.0000000000
120090122,31,1.0000000000
120090123,32,1.0000000000
120090124,33,1.0000000000
120090125,31,1.0000000000
120090126,31,1.0000000000
120090127,32,1.0000000000
120090128,32,1.0000000000
120090129,32,1.0000000000
120090130,32,1.0000000000
120090131,32,1.0000000000
120090132,32,1.0000000000
120090133,32,1.0000000000
120090134,32,1.0000000000
120090135,32,1.0000000000
120090136,32,1.0000000000
120090137,32,1.0000000000
120090138,32,1.0000000000
120090139,31,0.9758664235
120090139,32,0.0241335765
120090140,31,1.0000000000
120090141,32,1.0000000000
120090142,32,1.0000000000
120090143,33,1.0000000000
120090144,32,1.0000000000
120090145,32,0.9714249416
120090145,33,0.0285750584
120090146,32,1.0000000000
120090147,32,1.0000000000
120090148,32,1.0000000000
120090149,32,1.0000000000
120090150,33,1.0000000000
120090151,34,1.0000000000
120090152,33,1.0000000000
120090153,31,1.0000000000
120090154,33,1.0000000000
120090155,33,1.0000000000
120090156,33,1.0000000000
120090157,33,1.0000000000
120090158,33,1.0000000000
120090159,32,1.0000000000
120090160,31,1.0000000000
120090161,31,1.0000000000
120090162,31,1.0000000000
120090163,31,1.0000000000
120090164,31,1.0000000000
120090165,31,1.0000000000
120090166,31,0.9996023363
120090166,35,0.0003976637
120090167,32,1.0000000000
120090168,32,1.0000000000
120090169,32,1.0000000000
120090170,32,0.9989361150
120090170,33,0.0010638850
120090171,33,1.0000000000
120090172,31,1.0000000000
120090173,33,1.0000000000
120090174,31,1.0000000000
120090175,31,1.0000000000
120090176,31,1.0000000000
120090177,31,1.0000000000
120090178,31,1.0000000000
120090179,32,1.0000000000
120090180,31,0.9265232616
120090180,32,0.0734767384
120090181,31,1.0000000000
120090182,31,1.0000000000
120090183,32,1.0000000000
120090184,32,1.0000000000
120090185,32,1.0000000000
120090186,31,1.0000000000
120090187,32,1.0000000000
120090188,32,1.0000000000
120090189,32,1.0000000000
120090190,32,1.0000000000
120090191,32,1.0000000000
120090192,32,1.0000000000
120090193,32,1.0000000000
120090194,33,1.0000000000
120090195,33,1.0000000000
120090196,33,1.0000000000
120090197,31,1.0000000000
120090198,33,1.0000000000
120090199,33,1.0000000000
120090200,32,1.0000000000
120090201,32,1.0000000000
120090202,32,1.0000000000
120090203,33,1.0000000000
120090204,31,1.0000000000
120090205,32,1.0000000000
120090206,33,1.0000000000
120090207,33,1.0000000000
120090208,33,1.0000000000
120090209,33,1.0000000000
120090210,33,1.0000000000
120090211,32,1.0000000000
120090212,32,1.0000000000
120090213,34,1.0000000000
120090214,31,1.0000000000
120090215,31,1.0000000000
120090216,31,1.0000000000
120090217,31,1.0000000000
120090218,31,1.0000000000
120090219,31,1.0000000000
120090220,31,1.0000000000
120090221,31,1.0000000000
120090222,31,1.0000000000
120090223,31,1.0000000000
120090224,31,1.0000000000
120090225,32,1.0000000000
120090226,31,1.0000000000
120090227,31,1.0000000000
120090228,31,1.0000000000
120090229,31,1.0000000000
120090230,31,1.0000000000
120090231,31,1.0000000000
120090232,33,1.0000000000
120090233,33,1.0000000000
120090234,33,0.8647396934
120090234,34,0.1352603066
120090235,34,1.0000000000
120090236,33,1.0000000000
120090237,33,1.0000000000
120090238,33,1.0000000000
120090239,34,1.0000000000
120090240,33,1.0000000000
120090241,33,1.0000000000
120090242,33,1.0000000000
120090243,33,1.0000000000
120090244,33,1.0000000000
120090245,33,1.0000000000
120090246,33,1.0000000000
120090247,32,1.0000000000
120090248,32,1.0000000000
120090249,33,1.0000000000
120090250,33,1.0000000000
120090251,33,1.0000000000
120090252,32,1.0000000000
120090253,31,1.0000000000
120090254,32,1.0000000000
120090255,32,1.0000000000
120090256,32,1.0000000000
120090257,33,1.0000000000
120090258,33,1.0000000000
120090259,30,0.4631665810
120090259,31,0.5368334190
120090260,31,1.0000000000
120090261,32,1.0000000000
120090262,32,1.0000000000
120090263,32,1.0000000000
120090264,32,1.0000000000
120090265,31,1.0000000000
120090266,31,1.0000000000
120090267,31,1.0000000000
120090268,33,1.0000000000
120090269,33,1.0000000000
120090270,33,1.0000000000
120090271,33,1.0000000000
120090272,33,1.0000000000
120090273,33,1.0000000000
120090274,30,1.0000000000
120090275,30,0.6666666667
120090275,31,0.3333333333
120090276,30,1.0000000000
120090277,30,0.8346738537
120090277,31,0.1653261464
120090278,30,1.0000000000
120090279,30,0.0909090909
120090279,31,0.9090909091
120090280,31,1.0000000000
120090281,31,1.0000000000
120090282,31,1.0000000000
120090283,31,1.0000000000
120090284,31,1.0000000000
120090285,31,1.0000000000
120090286,31,1.0000000000
120090287,31,1.0000000000
120090288,31,1.0000000000
120090289,31,1.0000000000
120090290,31,1.0000000000
120090291,32,1.0000000000
120090292,32,1.0000000000
120090293,32,1.0000000000
120090294,32,1.0000000000
120090295,32,1.0000000000
120090296,32,1.0000000000
120090297,31,1.0000000000
120090298,32,1.0000000000
120090299,33,1.0000000000
120090300,33,1.0000000000
120090301,31,1.0000000000
120090302,31,1.0000000000
120090303,31,1.0000000000
120090304,32,1.0000000000
120090305,32,1.0000000000
120090306,33,1.0000000000
120090307,33,1.0000000000
120090308,32,1.0000000000
120090309,33,1.0000000000
120090310,32,1.0000000000
120090311,32,1.0000000000
120090312,32,1.0000000000
120090313,31,1.0000000000
120090314,31,1.0000000000
120090315,33,1.0000000000
120090316,32,1.0000000000
120090317,32,1.0000000000
120090318,32,1.0000000000
120090319,32,1.0000000000
120090320,33,1.0000000000
120090321,34,1.0000000000
120090322,33,1.0000000000
120090323,33,1.0000000000
120090324,33,1.0000000000
120090325,31,1.0000000000
120090326,31,1.0000000000
120090327,31,1.0000000000
120090328,33,1.0000000000
120090329,33,1.0000000000
120090330,33,1.0000000000
120090331,33,1.0000000000
120090332,32,1.0000000000
120090333,33,1.0000000000
120090334,34,1.0000000000
120090335,34,1.0000000000
120090336,34,1.0000000000
120090337,33,1.0000000000
120090338,32,1.0000000000
120090339,33,0.2222725940
120090339,34,0.7777274060
120090340,32,1.0000000000
120090342,32,1.0000000000
120090343,33,1.0000000000
120090344,33,1.0000000000
120090345,33,1.0000000000
120110001,100,1.0000000000
120110002,100,1.0000000000
120110003,98,1.0000000000
120110004,100,1.0000000000
120110005,100,0.9795918367
120110005,98,0.0204081633
120110006,100,1.0000000000
120110007,98,1.0000000000
120110008,100,1.0000000000
120110009,98,1.0000000000
120110010,100,0.1279943446
120110010,98,0.8720056554
120110011,98,1.0000000000
120110012,98,1.0000000000
120110013,98,1.0000000000
120110014,100,1.0000000000
120110015,100,0.0961538462
120110015,98,0.9038461538
120110016,98,1.0000000000
120110017,98,1.0000000000
120110018,98,1.0000000000
120110019,98,1.0000000000
120110020,98,1.0000000000
120110021,98,1.0000000000
120110022,98,1.0000000000
120110023,98,1.0000000000
120110024,98,1.0000000000
120110025,98,1.0000000000
120110026,100,1.0000000000
120110027,100,0.6666666667
120110027,98,0.3333333333
120110028,98,1.0000000000
120110029,98,1.0000000000
120110030,98,1.0000000000
120110031,98,1.0000000000
120110032,98,1.0000000000
120110033,98,1.0000000000
120110034,98,1.0000000000
120110035,98,1.0000000000
120110036,98,1.0000000000
120110037,98,1.0000000000
120110038,98,1.0000000000
120110039,98,1.0000000000
120110040,98,1.0000000000
120110041,100,1.0000000000
120110042,100,1.0000000000
120110043,100,1.0000000000
120110044,101,1.0000000000
120110045,101,1.0000000000
120110046,100,1.0000000000
120110047,100,1.0000000000
120110048,100,1.0000000000
120110049,100,1.0000000000
120110050,100,1.0000000000
120110051,100,1.0000000000
120110052,100,1.0000000000
120110053,100,1.0000000000
120110054,100,1.0000000000
120110055,100,1.0000000000
120110056,100,1.0000000000
120110057,100,1.0000000000
120110058,98,1.0000000000
120110059,98,1.0000000000
120110060,100,1.0000000000
120110061,100,1.0000000000
120110062,98,1.0000000000
120110063,100,1.0000000000
120110064,100,1.0000000000
120110065,100,1.0000000000
120110066,100,1.0000000000
120110067,100,1.0000000000
120110068,100,1.0000000000
120110069,98,1.0000000000
120110070,98,1.0000000000
120110071,100,1.0000000000
120110072,100,1.0000000000
120110073,100,1.0000000000
120110074,100,1.0000000000
120110075,100,1.0000000000
120110076,100,1.0000000000
120110077,100,1.0000000000
120110078,98,1.0000000000
120110079,98,1.0000000000
120110080,100,1.0000000000
120110081,98,1.0000000000
120110082,98,1.0000000000
120110083,100,0.8658228211
120110083,98,0.1341771789
120110084,98,1.0000000000
120110085,98,1.0000000000
120110086,98,1.0000000000
120110087,98,1.0000000000
120110088,100,1.0000000000
120110089,98,1.0000000000
120110090,98,1.0000000000
120110092,100,1.0000000000
120110093,100,1.0000000000
120110094,100,1.0000000000
120110095,98,1.0000000000
120110096,98,1.0000000000
120110097,98,1.0000000000
120110098,98,1.0000000000
120110099,98,1.0000000000
120110100,98,1.0000000000
120110101,100,1.0000000000
120110102,98,1.0000000000
120110103,100,1.0000000000
120110104,100,0.9787234043
120110104,98,0.0212765957
120110105,98,1.0000000000
120110106,100,0.9545454545
120110106,98,0.0454545455
120110107,100,1.0000000000
120110108,100,0.9864864865
120110108,98,0.0135135135
120110109,98,1.0000000000
120110110,98,1.0000000000
120110111,98,1.0000000000
120110112,100,1.0000000000
120110113,100,1.0000000000
120110114,98,1.0000000000
120110115,98,1.0000000000
120110116,98,1.0000000000
120110117,98,1.0000000000
120110118,98,1.0000000000
120110119,98,1.0000000000
120110120,98,1.0000000000
120110121,98,1.0000000000
120110122,100,0.0002158619
120110122,98,0.9997841381
120110123,98,1.0000000000
120110124,98,1.0000000000
120110125,98,1.0000000000
120110126,98,1.0000000000
120110127,98,1.0000000000
120110128,97,0.5144123290
120110128,98,0.4855876710
120110129,98,1.0000000000
120110131,98,1.0000000000
120110132,98,1.0000000000
120110133,98,1.0000000000
120110134,98,1.0000000000
120110135,98,1.0000000000
120110136,98,1.0000000000
120110137,98,1.0000000000
120110138,95,1.0000000000
120110139,96,1.0000000000
120110140,96,1.0000000000
120110141,96,1.0000000000
120110142,96,1.0000000000
120110143,96,1.0000000000
120110144,96,1.0000000000
120110145,96,1.0000000000
120110146,96,1.0000000000
120110147,96,1.0000000000
120110148,96,1.0000000000
120110149,96,1.0000000000
120110150,96,1.0000000000
120110151,95,1.0000000000
120110152,95,1.0000000000
120110153,96,1.0000000000
120110154,95,0.0010120520
120110154,96,0.9989879480
120110155,96,1.0000000000
120110156,95,1.0000000000
120110157,95,1.0000000000
120110158,96,1.0000000000
120110159,96,1.0000000000
120110160,95,1.0000000000
120110161,95,0.0800000000
120110161,96,0.9200000000
120110163,96,1.0000000000
120110164,95,1.0000000000
120110165,96,1.0000000000
120110166,96,1.0000000000
120110167,95,1.0000000000
120110168,96,1.0000000000
120110169,95,0.8421052632
120110169,96,0.1578947368
120110170,96,1.0000000000
120110171,96,1.0000000000
120110172,96,1.0000000000
120110173,96,1.0000000000
120110174,96,1.0000000000
120110175,96,1.0000000000
120110176,96,1.0000000000
120110177,96,1.0000000000
120110178,95,1.0000000000
120110179,95,1.0000000000
120110180,95,0.9666666667
120110180,96,0.0333333333
120110181,96,1.0000000000
120110182,96,1.0000000000
120110183,95,1.0000000000
120110184,95,1.0000000000
120110185,95,1.0000000000
120110186,95,1.0000000000
120110187,103,0.2042632954
120110187,96,0.7957367046
120110188,95,0.6666666667
120110188,98,0.3333333333
120110189,95,0.9600000000
120110189,98,0.0400000000
120110190,95,1.0000000000
120110191,95,1.0000000000
120110192,95,0.8570076912
120110192,98,0.1429923088
120110193,95,1.0000000000
120110194,95,0.9215686275
120110194,98,0.0784313725
120110195,95,0.8947368421
120110195,98,0.1052631579
120110196,95,1.0000000000
120110197,95,1.0000000000
120110198,95,1.0000000000
120110199,95,1.0000000000
120110200,95,1.0000000000
120110201,95,1.0000000000
120110202,95,0.9789473684
120110202,98,0.0210526316
120110203,95,1.0000000000
120110204,95,1.0000000000
120110205,95,1.0000000000
120110206,95,1.0000000000
120110207,95,1.0000000000
120110208,95,0.9964024508
120110208,96,0.0035975492
120110209,95,1.0000000000
120110210,95,1.0000000000
120110211,95,1.0000000000
120110212,95,1.0000000000
120110213,95,1.0000000000
120110214,95,1.0000000000
120110215,95,1.0000000000
120110216,95,1.0000000000
120110217,95,1.0000000000
120110218,95,1.0000000000
120110219,95,1.0000000000
120110220,95,1.0000000000
120110221,95,1.0000000000
120110222,95,1.0000000000
120110223,95,1.0000000000
120110224,95,1.0000000000
120110225,95,1.0000000000
120110226,95,1.0000000000
120110227,95,0.9870337617
120110227,96,0.0129662383
120110228,95,0.9641943734
120110228,97,0.0358056266
120110229,97,1.0000000000
120110230,97,1.0000000000
120110231,97,1.0000000000
120110232,97,1.0000000000
120110233,95,0.0404421802
120110233,97,0.9595578198
120110234,97,1.0000000000
120110235,97,1.0000000000
120110236,97,1.0000000000
120110237,97,1.0000000000
120110238,97,1.0000000000
120110239,97,1.0000000000
120110240,97,1.0000000000
120110241,97,1.0000000000
120110242,97,1.0000000000
120110243,97,1.0000000000
120110244,97,1.0000000000
120110245,96,1.0000000000
120110246,96,1.0000000000
120110247,97,1.0000000000
120110248,96,1.0000000000
120110249,96,1.0000000000
120110250,97,1.0000000000
120110251,97,1.0000000000
120110252,96,0.9905563642
120110252,97,0.0094436358
120110253,97,0.1476151859
120110253,98,0.8523848141
120110254,97,1.0000000000
120110255,96,1.0000000000
120110256,97,1.0000000000
120110257,97,1.0000000000
120110258,97,1.0000000000
120110259,98,1.0000000000
120110260,96,1.0000000000
120110261,97,1.0000000000
120110262,96,1.0000000000
120110263,96,1.0000000000
120110264,96,1.0000000000
120110265,97,1.0000000000
120110266,97,1.0000000000
120110267,96,1.0000000000
120110268,96,1.0000000000
120110269,96,1.0000000000
120110270,97,1.0000000000
120110271,96,1.0000000000
120110272,97,1.0000000000
120110273,97,0.9130434783
120110273,98,0.0869565217
120110274,97,1.0000000000
120110275,97,1.0000000000
120110276,97,0.1202582728
120110276,98,0.8797417272
120110277,97,1.0000000000
120110278,97,1.0000000000
120110279,98,0.1250000000
120110279,99,0.8750000000
120110280,97,0.0017126751
120110280,98,0.0935254201
120110280,99,0.9047619048
120110281,97,0.9948260264
120110281,99,0.0051739736
120110282,97,1.0000000000
120110283,97,1.0000000000
120110284,98,0.3809523810
120110284,99,0.6190476190
120110287,98,1.0000000000
120110288,97,1.0000000000
120110289,97,1.0000000000
120110290,97,1.0000000000
120110291,97,1.0000000000
120110292,97,0.0081224580
120110292,99,0.9918775420
120110293,99,1.0000000000
120110294,97,1.0000000000
120110295,97,1.0000000000
120110296,99,1.0000000000
120110297,99,1.0000000000
120110298,97,1.0000000000
120110299,99,1.0000000000
120110300,99,1.0000000000
120110301,99,1.0000000000
120110302,97,1.0000000000
120110303,97,1.0000000000
120110304,97,1.0000000000
120110305,97,1.0000000000
120110306,99,1.0000000000
120110307,97,1.0000000000
120110308,96,0.1666666667
120110308,97,0.8333333333
120110309,97,1.0000000000
120110310,97,1.0000000000
120110311,97,1.0000000000
120110312,99,1.0000000000
120110313,99,1.0000000000
120110314,99,1.0000000000
120110315,99,1.0000000000
120110316,99,1.0000000000
120110317,96,1.0000000000
120110318,97,1.0000000000
120110319,97,0.9700341903
120110319,99,0.0299658097
120110320,97,0.9976466182
120110320,99,0.0023533818
120110321,97,1.0000000000
120110322,97,1.0000000000
120110323,97,1.0000000000
120110324,96,1.0000000000
120110325,97,1.0000000000
120110326,97,1.0000000000
120110327,97,1.0000000000
120110328,97,1.0000000000
120110329,102,0.9166666667
120110329,97,0.0833333333
120110330,102,1.0000000000
120110331,102,1.0000000000
120110332,97,1.0000000000
120110333,96,1.0000000000
120110334,96,1.0000000000
120110335,102,1.0000000000
120110336,102,1.0000000000
120110337,102,1.0000000000
120110338,102,1.0000000000
120110339,96,1.0000000000
120110340,97,1.0000000000
120110341,102,1.0000000000
120110342,102,1.0000000000
120110343,102,0.0171494511
120110343,96,0.9828505489
120110344,102,1.0000000000
120110345,96,1.0000000000
120110346,102,0.2290910812
120110346,103,0.7709089188
120110347,96,1.0000000000
120110348,103,1.0000000000
120110349,102,0.0909090909
120110349,96,0.9090909091
120110350,96,1.0000000000
120110351,96,1.0000000000
120110352,102,1.0000000000
120110353,102,1.0000000000
120110354,102,1.0000000000
120110355,96,1.0000000000
120110356,97,1.0000000000
120110357,97,1.0000000000
120110358,99,1.0000000000
120110359,99,1.0000000000
120110360,99,1.0000000000
120110361,99,1.0000000000
120110362,102,1.0000000000
120110363,99,1.0000000000
120110364,99,1.0000000000
120110365,99,1.0000000000
120110366,102,0.3333333333
120110366,99,0.6666666667
120110367,99,1.0000000000
120110368,102,0.9677419355
120110368,97,0.0322580645
120110369,99,1.0000000000
120110370,99,1.0000000000
120110371,102,0.3461538462
120110371,99,0.6538461538
120110372,97,1.0000000000
120110373,97,1.0000000000
120110374,97,1.0000000000
120110375,102,0.9615384615
120110375,96,0.0384615385
120110376,102,1.0000000000
120110377,97,1.0000000000
120110378,102,1.0000000000
120110379,99,1.0000000000
120110380,97,1.0000000000
120110381,99,1.0000000000
120110382,102,1.0000000000
120110383,102,0.3478260870
120110383,97,0.6521739130
120110384,102,1.0000000000
120110385,102,1.0000000000
120110386,102,1.0000000000
120110387,102,1.0000000000
120110388,102,1.0000000000
120110389,99,1.0000000000
120110390,99,1.0000000000
120110391,99,1.0000000000
120110392,102,1.0000000000
120110393,102,1.0000000000
120110394,102,1.0000000000
120110395,102,1.0000000000
120110396,99,1.0000000000
120110397,99,1.0000000000
120110398,102,1.0000000000
120110399,99,1.0000000000
120110400,99,1.0000000000
120110401,99,1.0000000000
120110402,99,1.0000000000
120110403,98,0.0434782609
120110403,99,0.9565217391
120110404,99,1.0000000000
120110405,99,1.0000000000
120110406,99,1.0000000000
120110407,99,1.0000000000
120110408,100,1.0000000000
120110409,100,1.0000000000
120110410,100,1.0000000000
120110411,100,1.0000000000
120110412,100,1.0000000000
120110413,100,1.0000000000
120110414,95,1.0000000000
120110415,95,1.0000000000
120110416,95,1.0000000000
120110417,95,1.0000000000
120110418,95,0.9438305276
120110418,96,0.0561694724
120110419,95,1.0000000000
120110420,95,1.0000000000
120110421,95,1.0000000000
120110422,105,1.0000000000
120110423,105,1.0000000000
120110424,105,1.0000000000
120110425,103,1.0000000000
120110426,103,1.0000000000
120110427,103,1.0000000000
120110428,103,1.0000000000
120110429,103,1.0000000000
120110430,103,1.0000000000
120110431,103,1.0000000000
120110432,103,1.0000000000
120110433,103,1.0000000000
120110434,103,0.7937401168
120110434,96,0.2062598832
120110435,103,1.0000000000
120110436,103,1.0000000000
120110437,103,1.0000000000
120110438,103,1.0000000000
120110439,103,1.0000000000
120110440,103,1.0000000000
120110441,103,1.0000000000
120110442,103,1.0000000000
120110443,103,1.0000000000
120110444,105,1.0000000000
120110445,105,1.0000000000
120110446,105,0.9767441860
120110446,107,0.0232558140
120110447,105,1.0000000000
120110448,105,1.0000000000
120110449,102,1.0000000000
120110450,102,1.0000000000
120110451,102,1.0000000000
120110452,103,1.0000000000
120110453,103,0.8483930088
120110453,96,0.1516069912
120110454,103,1.0000000000
120110455,103,1.0000000000
120110456,103,1.0000000000
120110457,103,1.0000000000
120110458,100,1.0000000000
120110459,100,1.0000000000
120110460,98,1.0000000000
120110461,98,1.0000000000
120110462,100,1.0000000000
120110463,100,1.0000000000
120110464,100,1.0000000000
120110465,100,0.9583333333
120110465,98,0.0416666667
120110466,100,1.0000000000
120110467,100,1.0000000000
120110468,100,1.0000000000
120110469,100,0.9473684211
120110469,98,0.0526315789
120110470,100,1.0000000000
120110471,100,1.0000000000
120110472,100,1.0000000000
120110473,98,1.0000000000
120110474,98,1.0000000000
120110475,100,1.0000000000
120110476,100,1.0000000000
120110477,100,1.0000000000
120110478,100,1.0000000000
120110479,100,1.0000000000
120110480,100,0.9987931622
120110480,98,0.0012068378
120110481,100,1.0000000000
120110482,100,1.0000000000
120110483,100,1.0000000000
120110484,100,1.0000000000
120110485,100,1.0000000000
120110486,100,1.0000000000
120110487,100,1.0000000000
120110488,100,1.0000000000
120110489,100,1.0000000000
120110490,100,1.0000000000
120110491,99,1.0000000000
120110492,99,1.0000000000
120110493,99,1.0000000000
120110494,99,1.0000000000
120110495,98,0.1048204432
120110495,99,0.8951795568
120110496,99,1.0000000000
120110497,99,1.0000000000
120110498,98,0.0222222222
120110498,99,0.9777777778
120110499,99,1.0000000000
120110500,99,1.0000000000
120110501,99,1.0000000000
120110502,100,0.9117647059
120110502,99,0.0882352941
120110503,99,1.0000000000
120110504,100,0.2116788321
120110504,99,0.7883211679
120110505,100,1.0000000000
120110506,100,1.0000000000
120110507,100,1.0000000000
120110508,100,1.0000000000
120110509,100,1.0000000000
120110510,100,1.0000000000
120110511,100,0.9990226848
120110511,101,0.0009773152
120110512,100,1.0000000000
120110513,100,0.9963962002
120110513,101,0.0036037998
120110514,100,1.0000000000
120110515,100,0.0937500000
120110515,99,0.9062500000
120110516,100,1.0000000000
120110517,99,1.0000000000
120110518,99,1.0000000000
120110519,100,0.0227272727
120110519,99,0.9772727273
120110520,100,1.0000000000
120110521,100,0.2894736842
120110521,99,0.7105263158
120110522,100,1.0000000000
120110523,101,0.9296482692
120110523,99,0.0703517308
120110524,99,1.0000000000
120110525,99,1.0000000000
120110526,99,1.0000000000
120110527,99,1.0000000000
120110528,99,1.0000000000
120110529,97,1.0000000000
120110530,97,0.1494252874
120110530,98,0.8505747126
120110531,98,1.0000000000
120110532,97,0.6111111111
120110532,98,0.3888888889
120110533,98,1.0000000000
120110534,100,1.0000000000
120110535,100,1.0000000000
120110536,100,1.0000000000
120110537,99,1.0000000000
120110538,99,1.0000000000
120110539,99,1.0000000000
120110540,99,1.0000000000
120110541,99,1.0000000000
120110542,99,1.0000000000
120110543,100,0.9588626493
120110543,99,0.0411373507
120110544,100,1.0000000000
120110545,100,1.0000000000
120110546,100,1.0000000000
120110547,100,1.0000000000
120110548,101,0.1428571429
120110548,99,0.8571428571
120110549,101,1.0000000000
120110550,101,1.0000000000
120110551,99,1.0000000000
120110552,99,1.0000000000
120110553,99,1.0000000000
120110554,98,1.0000000000
120110555,97,1.0000000000
120110556,98,1.0000000000
120110557,99,1.0000000000
120110558,99,1.0000000000
120110559,99,1.0000000000
120110560,99,1.0000000000
120110561,101,0.6000000000
120110561,99,0.4000000000
120110562,99,1.0000000000
120110563,99,1.0000000000
120110564,99,1.0000000000
120110565,98,1.0000000000
120110566,99,1.0000000000
120110567,99,1.0000000000
120110568,101,0.1818181818
120110568,99,0.8181818182
120110569,98,1.0000000000
120110570,101,1.0000000000
120110571,101,1.0000000000
120110572,101,1.0000000000
120110573,101,1.0000000000
120110574,101,1.0000000000
120110575,101,1.0000000000
120110576,101,1.0000000000
120110577,101,1.0000000000
120110578,101,1.0000000000
120110579,101,1.0000000000
120110580,101,1.0000000000
120110581,101,1.0000000000
120110582,101,1.0000000000
120110583,101,1.0000000000
120110584,101,1.0000000000
120110585,101,1.0000000000
120110586,101,1.0000000000
120110587,101,1.0000000000
120110588,101,1.0000000000
120110589,101,1.0000000000
120110590,101,1.0000000000
120110591,102,1.0000000000
120110592,102,1.0000000000
120110593,102,1.0000000000
120110595,102,1.0000000000
120110596,102,1.0000000000
120110597,102,0.8750000000
120110597,103,0.0416666667
120110597,96,0.0833333333
120110598,101,0.8703703704
120110598,102,0.1296296296
120110599,102,1.0000000000
120110600,101,1.0000000000
120110601,102,1.0000000000
120110602,101,1.0000000000
120110603,101,1.0000000000
120110604,102,1.0000000000
120110605,102,1.0000000000
120110606,101,1.0000000000
120110607,101,1.0000000000
120110608,101,0.9787234043
120110608,99,0.0212765957
120110609,102,0.6578947368
120110609,103,0.3421052632
120110610,102,1.0000000000
120110612,102,0.9255286930
120110612,103,0.0744713070
120110613,102,1.0000000000
120110614,102,0.7619047619
120110614,103,0.2380952381
120110615,102,1.0000000000
120110616,101,1.0000000000
120110617,101,1.0000000000
120110618,101,1.0000000000
120110619,103,1.0000000000
120110620,102,0.8235294118
120110620,103,0.1764705882
120110621,102,1.0000000000
120110622,102,1.0000000000
120110623,102,1.0000000000
120110624,102,1.0000000000
120110625,102,1.0000000000
120110626,102,1.0000000000
120110627,101,1.0000000000
120110629,102,1.0000000000
120110631,101,0.9500000000
120110631,99,0.0500000000
120110632,101,1.0000000000
120110633,102,1.0000000000
120110634,102,1.0000000000
120110635,102,1.0000000000
120110636,102,1.0000000000
120110637,102,1.0000000000
120110638,102,1.0000000000
120110639,102,1.0000000000
120110640,102,1.0000000000
120110641,102,1.0000000000
120110642,102,1.0000000000
120110643,102,1.0000000000
120110644,102,1.0000000000
120110645,102,1.0000000000
120110646,102,1.0000000000
120110647,102,1.0000000000
120110648,102,1.0000000000
120110649,102,1.0000000000
120110650,102,1.0000000000
120110651,102,1.0000000000
120110652,102,1.0000000000
120110653,102,1.0000000000
120110654,102,1.0000000000
120110655,102,1.0000000000
120110656,102,1.0000000000
120110657,102,1.0000000000
120110658,102,1.0000000000
120110659,102,1.0000000000
120110660,102,1.0000000000
120110661,102,1.0000000000
120110662,102,1.0000000000
120110663,102,1.0000000000
120110664,102,1.0000000000
120110665,102,1.0000000000
120110666,101,1.0000000000
120110667,101,1.0000000000
120110668,101,1.0000000000
120110669,101,1.0000000000
120110670,101,1.0000000000
120110671,101,1.0000000000
120110672,101,1.0000000000
120110673,101,1.0000000000
120110674,101,1.0000000000
120110675,101,1.0000000000
120110676,101,1.0000000000
120110677,101,1.0000000000
120110678,101,1.0000000000
120110679,105,1.0000000000
120110680,101,1.0000000000
120110681,101,1.0000000000
120110682,101,1.0000000000
120110683,105,1.0000000000
120110684,101,0.0681818182
120110684,105,0.9318181818
120110685,105,1.0000000000
120110686,105,1.0000000000
120110687,105,1.0000000000
120110688,105,1.0000000000
120110689,105,1.0000000000
120110690,105,1.0000000000
120110691,105,1.0000000000
120110692,105,1.0000000000
120110693,105,1.0000000000
120110694,105,1.0000000000
120110695,105,1.0000000000
120110696,101,1.0000000000
120110697,101,1.0000000000
120110698,101,1.0000000000
120110699,105,1.0000000000
120110700,105,1.0000000000
120110701,105,1.0000000000
120110702,105,1.0000000000
120110703,105,1.0000000000
120110704,105,1.0000000000
120110705,105,1.0000000000
120110706,105,1.0000000000
120110707,105,1.0000000000
120110708,105,1.0000000000
120110709,105,1.0000000000
120110710,105,1.0000000000
120110711,101,0.0952380952
120110711,105,0.9047619048
120110712,105,1.0000000000
120110713,105,1.0000000000
120110714,105,1.0000000000
120110715,105,1.0000000000
120110716,105,1.0000000000
120110717,105,1.0000000000
120110718,105,1.0000000000
120110719,101,1.0000000000
120110720,105,1.0000000000
120110721,105,1.0000000000
120110722,101,1.0000000000
120110723,101,1.0000000000
120110724,101,1.0000000000
120110725,101,1.0000000000
120110726,105,1.0000000000
120110727,101,1.0000000000
120110728,101,1.0000000000
120110729,101,1.0000000000
120110730,101,1.0000000000
120110731,101,1.0000000000
120110732,101,1.0000000000
120110733,101,1.0000000000
120110734,101,1.0000000000
120110735,105,1.0000000000
120110736,101,1.0000000000
120110737,101,1.0000000000
120110738,101,1.0000000000
120110739,105,1.0000000000
120110740,101,1.0000000000
120110741,101,1.0000000000
120110742,101,1.0000000000
120110743,101,1.0000000000
120110744,105,1.0000000000
120110745,105,1.0000000000
120110746,101,1.0000000000
120110747,105,1.0000000000
120110748,104,0.0909090909
120110748,105,0.9090909091
120110749,104,1.0000000000
120110750,105,1.0000000000
120110751,105,1.0000000000
120110752,105,1.0000000000
120110753,105,1.0000000000
120110754,105,1.0000000000
120110755,105,1.0000000000
120110756,105,1.0000000000
120110757,104,0.1578947368
120110757,105,0.8421052632
120110758,104,0.9960398855
120110758,105,0.0039601145
120110759,104,1.0000000000
120110760,105,1.0000000000
120110761,105,1.0000000000
120110762,104,1.0000000000
120110763,104,1.0000000000
120110764,103,0.6323529412
120110764,104,0.3676470588
120110765,103,0.8823529412
120110765,96,0.1176470588
120110766,103,1.0000000000
120110767,103,1.0000000000
120110768,103,1.0000000000
120110769,103,1.0000000000
120110770,103,0.9375000000
120110770,104,0.0625000000
120110771,104,1.0000000000
120110772,104,1.0000000000
120110773,104,1.0000000000
120110774,104,1.0000000000
120110775,104,1.0000000000
120110776,105,1.0000000000
120110777,104,0.0740740741
120110777,105,0.9259259259
120110778,105,1.0000000000
120110779,104,0.6363636364
120110779,105,0.3636363636
120110780,105,1.0000000000
120110781,105,1.0000000000
120110782,104,1.0000000000
120110783,102,0.0005470242
120110783,104,0.9994529758
120110784,104,1.0000000000
120110785,104,1.0000000000
120110786,104,1.0000000000
120110787,104,1.0000000000
120110788,102,1.0000000000
120110789,103,1.0000000000
120110790,105,1.0000000000
120110791,102,1.0000000000
120110792,102,1.0000000000
120110793,104,1.0000000000
120110794,102,1.0000000000
120110795,104,1.0000000000
120110796,102,0.0223582213
120110796,104,0.9776417787
120110797,102,0.9166666667
120110797,104,0.0833333333
120110798,104,1.0000000000
120110799,104,1.0000000000
120110800,104,1.0000000000
120110801,104,1.0000000000
120110802,104,1.0000000000
120110803,104,1.0000000000
120110804,103,1.0000000000
120110805,105,1.0000000000
120110806,104,1.0000000000
120110807,103,1.0000000000
120110808,102,1.0000000000
120110809,103,0.8333333333
120110809,96,0.1666666667
120110810,102,1.0000000000
120110811,102,1.0000000000
120110812,103,1.0000000000
120110813,103,1.0000000000
120110814,103,1.0000000000
120110815,103,1.0000000000
120110816,103,1.0000000000
120110817,103,1.0000000000
120110818,103,1.0000000000
120110819,103,1.0000000000
120110820,103,1.0000000000
120110821,103,1.0000000000
120110822,103,1.0000000000
120110823,103,1.0000000000
120110824,103,1.0000000000
120110825,103,1.0000000000
120110826,103,1.0000000000
120110827,102,1.0000000000
120110828,103,0.5625000000
120110828,104,0.4375000000
120110829,102,0.0002603495
120110829,103,0.9997396505
120110830,103,1.0000000000
120110831,102,0.1818181818
120110831,104,0.8181818182
120110832,103,1.0000000000
120110833,103,1.0000000000
120110834,103,1.0000000000
120110835,103,1.0000000000
120110836,103,0.1363636364
120110836,104,0.8636363636
120110837,104,1.0000000000
120110838,104,1.0000000000
120110839,104,1.0000000000
120110840,105,1.0000000000
120110841,105,1.0000000000
120110842,105,1.0000000000
120110843,105,1.0000000000
120110844,105,1.0000000000
120110845,104,1.0000000000
120110846,104,1.0000000000
120110847,101,1.0000000000
120110848,101,1.0000000000
120110849,101,1.0000000000
120110850,101,0.9995717895
120110850,106,0.0004282105
120110851,101,1.0000000000
120110852,101,1.0000000000
120110853,101,1.0000000000
120110854,101,1.0000000000
120110855,101,1.0000000000
120110856,101,1.0000000000
120110857,101,1.0000000000
120110858,101,1.0000000000
120110859,105,1.0000000000
120110860,101,1.0000000000
120110861,101,0.0465116279
120110861,105,0.9534883721
120110862,105,1.0000000000
120110863,105,1.0000000000
120110865,99,1.0000000000
120110866,99,1.0000000000
120110867,101,0.1091591082
120110867,99,0.8908408918
120110868,99,1.0000000000
120110869,99,1.0000000000
120110870,99,1.0000000000
120110871,101,1.0000000000
120110872,99,1.0000000000
120110873,99,1.0000000000
120110874,101,1.0000000000
120130001,5,1.0000000000
120130002,5,1.0000000000
120130003,5,1.0000000000
120130004,5,1.0000000000
120130005,5,1.0000000000
120130006,5,1.0000000000
120130007,5,1.0000000000
120130008,5,1.0000000000
120130009,5,1.0000000000
120130010,5,1.0000000000
120130011,5,1.0000000000
120130012,5,1.0000000000
120130013,5,1.0000000000
120130014,5,1.0000000000
120150001,76,1.0000000000
120150002,76,1.0000000000
120150003,76,1.0000000000
120150004,76,1.0000000000
120150005,76,1.0000000000
120150006,75,1.0000000000
120150007,75,1.0000000000
120150008,75,1.0000000000
120150009,75,1.0000000000
120150010,75,1.0000000000
120150011,75,1.0000000000
120150012,75,0.2727272727
120150012,76,0.7272727273
120150013,75,1.0000000000
120150014,75,1.0000000000
120150015,76,1.0000000000
120150016,76,1.0000000000
120150017,76,1.0000000000
120150018,76,1.0000000000
120150019,76,1.0000000000
120150020,75,1.0000000000
120150021,75,1.0000000000
120150022,75,1.0000000000
120150023,75,1.0000000000
120150024,75,1.0000000000
120150025,75,1.0000000000
120150026,76,1.0000000000
120150027,75,1.0000000000
120150028,75,1.0000000000
120150029,75,1.0000000000
120150030,75,1.0000000000
120150031,75,1.0000000000
120150032,75,1.0000000000
120150033,75,0.9859154930
120150033,76,0.0140845070
120150034,75,1.0000000000
120150035,75,1.0000000000
120150036,75,1.0000000000
120150037,75,1.0000000000
120150038,75,1.0000000000
120150039,75,1.0000000000
120150040,76,1.0000000000
120150041,76,1.0000000000
120150042,76,1.0000000000
120150043,76,1.0000000000
120150044,76,1.0000000000
120150045,76,1.0000000000
120150046,76,1.0000000000
120150047,76,1.0000000000
120150048,75,1.0000000000
120150049,75,1.0000000000
120150050,76,1.0000000000
120150051,76,1.0000000000
120150052,75,1.0000000000
120150053,75,1.0000000000
120150054,75,1.0000000000
120150055,75,1.0000000000
120150056,75,1.0000000000
120150057,75,1.0000000000
120150058,75,1.0000000000
120150059,76,1.0000000000
120150060,76,1.0000000000
120150061,76,1.0000000000
120150062,76,1.0000000000
120150063,76,1.0000000000
120150064,76,1.0000000000
120150065,75,1.0000000000
120150066,75,1.0000000000
120150067,75,1.0000000000
120150068,75,1.0000000000
120150069,75,1.0000000000
120150070,75,0.9772727273
120150070,76,0.0227272727
120150071,76,1.0000000000
120150072,75,1.0000000000
120150073,75,1.0000000000
120150074,75,1.0000000000
120150075,75,1.0000000000
120150076,76,1.0000000000
120150077,76,1.0000000000
120150078,76,1.0000000000
120150079,76,1.0000000000
120150080,74,0.0102040816
120150080,75,0.9897959184
120150081,75,1.0000000000
120150082,75,1.0000000000
120150083,75,1.0000000000
120150084,75,1.0000000000
120150085,75,1.0000000000
120150086,75,1.0000000000
120150087,75,1.0000000000
120150088,75,1.0000000000
120150089,75,1.0000000000
120150090,75,1.0000000000
120150091,75,1.0000000000
120150092,75,1.0000000000
120150093,75,1.0000000000
120150094,75,1.0000000000
120150095,75,1.0000000000
120150096,75,1.0000000000
120150097,75,1.0000000000
120150098,75,1.0000000000
120150099,75,1.0000000000
120150100,75,1.0000000000
120150101,76,1.0000000000
120150102,76,1.0000000000
120150103,76,1.0000000000
120150104,75,1.0000000000
120150105,75,1.0000000000
120150106,76,1.0000000000
120150107,76,1.0000000000
120150108,76,1.0000000000
120150109,76,1.0000000000
120150110,76,1.0000000000
120150111,76,1.0000000000
120150112,76,1.0000000000
120150113,76,1.0000000000
120150114,76,1.0000000000
120150115,76,1.0000000000
120150116,76,1.0000000000
120150117,76,1.0000000000
120150118,76,1.0000000000
120150119,76,1.0000000000
120150120,76,1.0000000000
120150121,76,1.0000000000
120150122,76,1.0000000000
120150123,75,1.0000000000
120150124,75,1.0000000000
120150125,75,1.0000000000
120150126,75,1.0000000000
120150127,75,1.0000000000
120150128,75,1.0000000000
120150129,75,1.0000000000
120150130,75,1.0000000000
120150131,75,1.0000000000
120150132,75,1.0000000000
120170001,23,1.0000000000
120170002,23,1.0000000000
120170003,23,1.0000000000
120170004,23,1.0000000000
120170005,23,1.0000000000
120170006,23,1.0000000000
120170007,23,1.0000000000
120170008,23,1.0000000000
120170009,23,1.0000000000
120170010,23,1.0000000000
120170011,23,1.0000000000
120170012,23,1.0000000000
120170013,23,1.0000000000
120170014,23,1.0000000000
120170015,23,1.0000000000
120170016,23,1.0000000000
120170017,23,1.0000000000
120170018,23,1.0000000000
120170019,23,1.0000000000
120170020,23,1.0000000000
120170021,23,1.0000000000
120170022,23,1.0000000000
120170023,23,1.0000000000
120170024,23,1.0000000000
120170025,23,1.0000000000
120170026,23,1.0000000000
120170027,23,1.0000000000
120170028,23,1.0000000000
120170029,23,1.0000000000
120170030,23,1.0000000000
120170031,23,1.0000000000
120170032,23,1.0000000000
120170033,23,1.0000000000
120170034,23,1.0000000000
120170035,23,1.0000000000
120170036,23,1.0000000000
120170037,23,1.0000000000
120170038,23,1.0000000000
120170039,23,0.9989496161
120170039,24,0.0010503839
120170040,23,1.0000000000
120170041,23,1.0000000000
120170042,23,1.0000000000
120170043,23,1.0000000000
120170044,23,1.0000000000
120170045,23,1.0000000000
120170046,23,1.0000000000
120170047,23,1.0000000000
120170048,23,1.0000000000
120170049,23,1.0000000000
120170050,23,1.0000000000
120170051,23,1.0000000000
120170052,23,1.0000000000
120170053,23,1.0000000000
120170054,23,1.0000000000
120170055,23,1.0000000000
120170056,23,1.0000000000
120170057,23,1.0000000000
120170058,23,1.0000000000
120170059,23,1.0000000000
120170060,23,1.0000000000
120170061,23,1.0000000000
120170062,23,1.0000000000
120170063,23,1.0000000000
120170064,23,1.0000000000
120170065,23,1.0000000000
120170066,23,1.0000000000
120170067,23,1.0000000000
120170068,23,1.0000000000
120170069,23,1.0000000000
120170070,23,1.0000000000
120170071,23,1.0000000000
120170072,23,1.0000000000
120170073,23,1.0000000000
120170074,23,1.0000000000
120170075,23,1.0000000000
120170076,23,1.0000000000
120170077,23,1.0000000000
120170078,23,1.0000000000
120170079,23,1.0000000000
120170080,23,1.0000000000
120170081,23,1.0000000000
120170082,23,1.0000000000
120170083,23,1.0000000000
120170084,23,1.0000000000
120170085,23,1.0000000000
120170086,23,1.0000000000
120170087,23,1.0000000000
120170088,23,1.0000000000
120170089,23,1.0000000000
120170090,23,1.0000000000
120170091,23,1.0000000000
120170092,23,1.0000000000
120170093,23,1.0000000000
120170094,23,1.0000000000
120170095,23,1.0000000000
120170096,23,1.0000000000
120170097,23,1.0000000000
120170098,23,1.0000000000
120170099,23,1.0000000000
120170100,23,1.0000000000
120170101,23,1.0000000000
120170102,23,1.0000000000
120170103,23,1.0000000000
120170104,23,1.0000000000
120170105,23,1.0000000000
120170106,23,1.0000000000
120170107,23,1.0000000000
120170108,23,1.0000000000
120170109,23,1.0000000000
120170110,23,1.0000000000
120170111,23,1.0000000000
120170112,23,1.0000000000
120170113,23,1.0000000000
120170114,23,1.0000000000
120170115,23,1.0000000000
120170116,23,1.0000000000
120170117,23,1.0000000000
120170118,23,1.0000000000
120170119,23,1.0000000000
120170120,23,1.0000000000
120170121,23,1.0000000000
120190001,11,1.0000000000
120190002,11,0.5431034483
120190002,20,0.4568965517
120190003,20,1.0000000000
120190004,11,0.9555555556
120190004,20,0.0444444444
120190005,11,1.0000000000
120190006,11,1.0000000000
120190007,11,1.0000000000
120190008,11,1.0000000000
120190009,11,1.0000000000
120190010,11,1.0000000000
120190011,11,1.0000000000
120190012,11,1.0000000000
120190013,11,1.0000000000
120190014,11,1.0000000000
120190015,11,1.0000000000
120190016,11,1.0000000000
120190017,11,1.0000000000
120190018,11,1.0000000000
120190019,11,1.0000000000
120190020,11,1.0000000000
120190021,11,1.0000000000
120190022,11,1.0000000000
120190023,11,1.0000000000
120190024,11,1.0000000000
120190025,11,1.0000000000
120190026,11,1.0000000000
120190027,11,1.0000000000
120190028,11,1.0000000000
120190029,11,1.0000000000
120190030,11,1.0000000000
120190031,11,1.0000000000
120190032,11,1.0000000000
120190033,11,1.0000000000
120190034,11,1.0000000000
120190035,11,1.0000000000
120190036,11,1.0000000000
120190037,11,1.0000000000
120190038,11,1.0000000000
120190039,11,1.0000000000
120190040,11,1.0000000000
120190041,11,1.0000000000
120190042,11,1.0000000000
120190043,11,1.0000000000
120190044,11,1.0000000000
120190045,11,1.0000000000
120190046,11,1.0000000000
120190047,11,1.0000000000
120190048,11,1.0000000000
120190049,11,1.0000000000
120190050,11,1.0000000000
120190051,11,1.0000000000
120190052,11,1.0000000000
120190053,11,1.0000000000
120190054,11,1.0000000000
120190055,11,1.0000000000
120190056,11,1.0000000000
120190057,11,1.0000000000
120190058,11,1.0000000000
120190059,11,1.0000000000
120190060,11,1.0000000000
120190061,11,1.0000000000
120190062,11,1.0000000000
120190063,11,1.0000000000
120190064,11,1.0000000000
120190065,11,1.0000000000
120190066,11,1.0000000000
120190067,11,1.0000000000
120190068,11,1.0000000000
120190069,11,1.0000000000
120190071,11,1.0000000000
120190072,11,1.0000000000
120190073,11,1.0000000000
120190074,11,1.0000000000
120190075,11,1.0000000000
120190076,11,1.0000000000
120190077,11,1.0000000000
120190078,20,1.0000000000
120190079,11,0.1216216216
120190079,20,0.8783783784
120190080,11,0.6493506494
120190080,20,0.3506493506
120190081,11,1.0000000000
120190082,11,1.0000000000
120190083,11,1.0000000000
120190084,20,1.0000000000
120190085,20,1.0000000000
120190086,20,1.0000000000
120190087,20,1.0000000000
120190088,20,1.0000000000
120190089,20,1.0000000000
120190090,20,1.0000000000
120190091,20,1.0000000000
120190092,20,1.0000000000
120190093,20,1.0000000000
120190094,20,1.0000000000
120190095,20,1.0000000000
120190096,20,1.0000000000
120190097,20,1.0000000000
120190098,20,1.0000000000
120190099,20,1.0000000000
120190100,20,1.0000000000
120190101,20,1.0000000000
120190102,20,1.0000000000
120210001,81,1.0000000000
120210002,81,1.0000000000
120210003,81,1.0000000000
120210004,81,1.0000000000
120210005,81,1.0000000000
120210006,81,1.0000000000
120210007,81,1.0000000000
120210008,81,1.0000000000
120210009,81,1.0000000000
120210010,81,1.0000000000
120210011,81,1.0000000000
120210012,81,1.0000000000
120210013,81,1.0000000000
120210014,81,1.0000000000
120210015,81,1.0000000000
120210016,81,1.0000000000
120210017,81,1.0000000000
120210018,81,1.0000000000
120210019,81,1.0000000000
120210020,81,1.0000000000
120210021,81,1.0000000000
120210022,81,1.0000000000
120210023,81,1.0000000000
120210024,81,1.0000000000
120210025,80,1.0000000000
120210026,80,1.0000000000
120210027,80,1.0000000000
120210028,80,1.0000000000
120210029,80,1.0000000000
120210030,80,1.0000000000
120210031,80,1.0000000000
120210032,80,1.0000000000
120210033,80,1.0000000000
120210034,80,1.0000000000
120210035,80,1.0000000000
120210036,80,0.0740740741
120210036,81,0.9259259259
120210037,80,0.1428571429
120210037,81,0.8571428571
120210038,81,1.0000000000
120210039,80,1.0000000000
120210040,80,1.0000000000
120210041,80,1.0000000000
120210042,80,1.0000000000
120210043,80,1.0000000000
120210044,80,1.0000000000
120210045,80,0.6341463415
120210045,81,0.3658536585
120210046,81,1.0000000000
120210047,81,1.0000000000
120210048,81,1.0000000000
120210049,81,1.0000000000
120210050,81,1.0000000000
120210051,81,1.0000000000
120210052,81,1.0000000000
120210053,81,1.0000000000
120210054,81,1.0000000000
120210055,80,0.1034482759
120210055,81,0.8965517241
120210056,81,1.0000000000
120210057,80,1.0000000000
120210058,80,1.0000000000
120210059,80,1.0000000000
120210060,80,1.0000000000
120210061,80,1.0000000000
120210062,80,1.0000000000
120210063,80,1.0000000000
120210064,80,1.0000000000
120210065,81,1.0000000000
120210066,80,0.5613944930
120210066,82,0.4386055070
120210067,80,0.9188871075
120210067,82,0.0811128925
120210068,82,1.0000000000
120210069,81,1.0000000000
120210070,82,1.0000000000
120210071,82,1.0000000000
120210072,82,1.0000000000
120210073,82,1.0000000000
120210074,81,0.1250000000
120210074,82,0.8750000000
120210075,81,0.6400000000
120210075,82,0.3600000000
120210076,81,1.0000000000
120210077,81,1.0000000000
120210078,81,1.0000000000
120210079,81,0.7254901961
120210079,82,0.2745098039
120210080,81,1.0000000000
120210081,80,0.0277965500
120210081,82,0.9722034500
120210082,81,1.0000000000
120210083,81,1.0000000000
120210084,81,1.0000000000
120210085,81,1.0000000000
120210086,81,1.0000000000
120210087,81,1.0000000000
120210088,81,1.0000000000
120210089,81,1.0000000000
120210090,81,1.0000000000
120210091,81,1.0000000000
120210092,81,1.0000000000
120210093,81,1.0000000000
120210094,81,1.0000000000
120210095,81,1.0000000000
120210096,81,1.0000000000
120210097,81,1.0000000000
120210098,81,1.0000000000
120210099,81,1.0000000000
120210100,81,1.0000000000
120210101,81,1.0000000000
120210102,81,1.0000000000
120210103,81,1.0000000000
120210104,81,1.0000000000
120210105,81,1.0000000000
120210106,81,1.0000000000
120210107,81,1.0000000000
120210108,81,1.0000000000
120210109,82,1.0000000000
120210110,82,1.0000000000
120210111,82,1.0000000000
120210112,81,0.5268817204
120210112,82,0.4731182796
120210113,82,1.0000000000
120210114,82,1.0000000000
120210115,82,1.0000000000
120210116,82,1.0000000000
120210117,82,1.0000000000
120210118,82,1.0000000000
120210119,82,1.0000000000
120210120,82,1.0000000000
120210121,82,1.0000000000
120210122,82,1.0000000000
120210123,82,1.0000000000
120210124,82,1.0000000000
120210125,81,1.0000000000
120210126,81,1.0000000000
120210127,82,1.0000000000
120210128,81,1.0000000000
120210129,81,1.0000000000
120210130,80,1.0000000000
120210131,120,0.0071219177
120210131,80,0.0035460993
120210131,81,0.1317041801
120210131,82,0.8576278028
120210132,82,1.0000000000
120210133,80,1.0000000000
120210134,82,1.0000000000
120210135,81,1.0000000000
120210136,81,1.0000000000
120210137,80,1.0000000000
120210138,81,1.0000000000
120210139,80,1.0000000000
120210140,82,1.0000000000
120210141,82,1.0000000000
120210142,80,1.0000000000
120210143,82,1.0000000000
120230001,10,1.0000000000
120230002,10,1.0000000000
120230003,10,1.0000000000
120230004,10,1.0000000000
120230005,10,1.0000000000
120230006,10,1.0000000000
120230007,10,1.0000000000
120230008,10,1.0000000000
120230009,10,1.0000000000
120230010,10,1.0000000000
120230011,10,1.0000000000
120230012,10,1.0000000000
120230013,10,1.0000000000
120230014,10,1.0000000000
120230015,10,1.0000000000
120230016,10,1.0000000000
120230017,10,1.0000000000
120230018,10,1.0000000000
120230019,10,1.0000000000
120230020,10,1.0000000000
120230021,10,1.0000000000
120230022,10,1.0000000000
120230023,10,1.0000000000
120230024,10,1.0000000000
120230025,10,1.0000000000
120270001,76,1.0000000000
120270002,76,1.0000000000
120270003,76,1.0000000000
120270004,76,1.0000000000
120270005,76,1.0000000000
120270006,76,1.0000000000
120270007,76,1.0000000000
120270008,76,1.0000000000
120270009,76,0.9908256881
120270009,83,0.0091743119
120270010,76,0.9834363131
120270010,83,0.0165636869
120270011,76,1.0000000000
120270012,76,1.0000000000
120270013,76,1.0000000000
120270014,76,1.0000000000
120270015,76,1.0000000000
120270016,76,0.9999642819
120270016,83,0.0000357181
120290001,7,1.0000000000
120290002,7,1.0000000000
120290003,7,1.0000000000
120290004,7,1.0000000000
120290005,7,1.0000000000
120290006,7,1.0000000000
120290007,7,1.0000000000
120290008,7,1.0000000000
120290009,7,1.0000000000
120290010,7,1.0000000000
120290011,7,1.0000000000
120310001,16,1.0000000000
120310002,14,1.0000000000
120310003,14,1.0000000000
120310004,14,1.0000000000
120310005,14,0.9818181818
120310005,16,0.0181818182
120310006,14,0.0400000000
120310006,16,0.9600000000
120310007,16,1.0000000000
120310008,14,1.0000000000
120310009,14,1.0000000000
120310010,14,1.0000000000
120310011,14,1.0000000000
120310012,14,1.0000000000
120310013,14,1.0000000000
120310014,14,1.0000000000
120310015,14,0.0178571429
120310015,16,0.9821428571
120310016,14,1.0000000000
120310017,14,0.7272727273
120310017,16,0.2727272727
120310018,16,1.0000000000
120310019,16,1.0000000000
120310020,16,1.0000000000
120310021,16,1.0000000000
120310022,16,1.0000000000
120310023,12,0.0408163265
120310023,14,0.9591836735
120310024,16,1.0000000000
120310025,14,0.9375000000
120310025,16,0.0625000000
120310026,16,1.0000000000
120310027,14,0.8762886598
120310027,16,0.1237113402
120310028,16,1.0000000000
120310029,14,1.0000000000
120310030,14,1.0000000000
120310031,16,1.0000000000
120310032,16,1.0000000000
120310033,16,1.0000000000
120310034,16,1.0000000000
120310035,16,1.0000000000
120310036,16,1.0000000000
120310037,16,1.0000000000
120310038,16,1.0000000000
120310039,16,1.0000000000
120310040,16,1.0000000000
120310041,16,1.0000000000
120310042,17,1.0000000000
120310043,16,1.0000000000
120310044,17,1.0000000000
120310045,17,1.0000000000
120310046,17,1.0000000000
120310047,17,1.0000000000
120310048,17,1.0000000000
120310049,17,1.0000000000
120310050,17,1.0000000000
120310051,16,1.0000000000
120310052,16,1.0000000000
120310053,16,1.0000000000
120310054,16,1.0000000000
120310055,16,1.0000000000
120310056,16,0.9423076923
120310056,17,0.0576923077
120310057,16,1.0000000000
120310058,16,0.8809523810
120310058,17,0.1190476190
120310059,17,1.0000000000
120310060,14,1.0000000000
120310061,12,0.1684210526
120310061,14,0.8315789474
120310062,17,1.0000000000
120310063,14,1.0000000000
120310064,14,1.0000000000
120310065,12,1.0000000000
120310066,14,1.0000000000
120310067,14,0.6666666667
120310067,17,0.3333333333
120310068,17,1.0000000000
120310069,12,1.0000000000
120310070,14,0.1458333333
120310070,17,0.8541666667
120310071,17,1.0000000000
120310072,12,1.0000000000
120310073,12,0.3559322034
120310073,17,0.6440677966
120310074,17,1.0000000000
120310075,12,0.8725490196
120310075,14,0.1274509804
120310076,17,1.0000000000
120310077,17,1.0000000000
120310078,12,1.0000000000
120310079,12,1.0000000000
120310080,12,1.0000000000
120310081,12,0.1333333333
120310081,17,0.8666666667
120310082,12,1.0000000000
120310083,12,1.0000000000
120310084,12,1.0000000000
120310085,12,1.0000000000
120310086,12,1.0000000000
120310087,12,1.0000000000
120310088,17,1.0000000000
120310089,12,1.0000000000
120310090,12,0.7505337272
120310090,17,0.2494662728
120310091,17,1.0000000000
120310092,12,1.0000000000
120310093,17,1.0000000000
120310094,17,1.0000000000
120310095,17,1.0000000000
120310096,17,1.0000000000
120310097,12,1.0000000000
120310098,17,1.0000000000
120310099,12,1.0000000000
120310100,12,1.0000000000
120310101,12,1.0000000000
120310102,12,1.0000000000
120310103,12,1.0000000000
120310104,12,0.9629629630
120310104,17,0.0370370370
120310105,12,0.6818181818
120310105,17,0.3181818182
120310106,17,1.0000000000
120310107,12,1.0000000000
120310108,12,1.0000000000
120310109,17,1.0000000000
120310110,17,1.0000000000
120310111,17,1.0000000000
120310112,17,1.0000000000
120310113,12,1.0000000000
120310114,12,1.0000000000
120310115,12,1.0000000000
120310116,14,1.0000000000
120310117,14,1.0000000000
120310118,14,1.0000000000
120310119,14,1.0000000000
120310120,14,1.0000000000
120310121,14,1.0000000000
120310122,14,1.0000000000
120310123,14,1.0000000000
120310124,14,1.0000000000
120310125,14,1.0000000000
120310126,14,1.0000000000
120310127,14,1.0000000000
120310128,14,1.0000000000
120310129,14,1.0000000000
120310130,14,1.0000000000
120310131,14,1.0000000000
120310132,14,1.0000000000
120310133,13,0.0113636364
120310133,14,0.9886363636
120310134,14,1.0000000000
120310135,14,1.0000000000
120310136,14,1.0000000000
120310137,14,1.0000000000
120310138,14,1.0000000000
120310139,13,1.0000000000
120310140,14,1.0000000000
120310141,14,1.0000000000
120310142,13,0.5217391304
120310142,14,0.4782608696
120310143,14,1.0000000000
120310144,14,1.0000000000
120310145,13,0.2826086957
120310145,14,0.0652173913
120310145,15,0.6521739130
120310146,13,0.0212765957
120310146,14,0.9787234043
120310147,14,1.0000000000
120310148,13,1.0000000000
120310149,13,0.1250000000
120310149,14,0.8750000000
120310150,13,0.9767441860
120310150,14,0.0232558140
120310151,14,1.0000000000
120310152,13,1.0000000000
120310153,14,1.0000000000
120310154,13,1.0000000000
120310155,13,0.7656250000
120310155,14,0.2343750000
120310156,14,0.0333333333
120310156,15,0.9666666667
120310157,13,0.7868852459
120310157,15,0.2131147541
120310158,13,1.0000000000
120310159,14,1.0000000000
120310160,14,1.0000000000
120310161,13,0.7500000000
120310161,14,0.2500000000
120310162,14,1.0000000000
120310163,13,1.0000000000
120310164,13,1.0000000000
120310165,13,1.0000000000
120310166,13,1.0000000000
120310167,13,1.0000000000
120310168,13,1.0000000000
120310169,13,1.0000000000
120310170,13,1.0000000000
120310171,13,1.0000000000
120310172,13,1.0000000000
120310173,13,1.0000000000
120310174,13,1.0000000000
120310175,13,1.0000000000
120310176,13,1.0000000000
120310177,13,1.0000000000
120310178,13,1.0000000000
120310179,13,1.0000000000
120310180,13,1.0000000000
120310181,13,1.0000000000
120310182,13,0.3019801980
120310182,14,0.6980198020
120310183,13,1.0000000000
120310184,12,0.9684210526
120310184,14,0.0315789474
120310185,12,1.0000000000
120310186,13,1.0000000000
120310187,13,1.0000000000
120310188,13,1.0000000000
120310189,13,1.0000000000
120310190,13,1.0000000000
120310191,13,1.0000000000
120310192,13,1.0000000000
120310193,13,1.0000000000
120310194,13,1.0000000000
120310195,13,1.0000000000
120310196,13,1.0000000000
120310197,13,1.0000000000
120310198,13,1.0000000000
120310199,13,1.0000000000
120310200,13,1.0000000000
120310201,13,1.0000000000
120310202,13,1.0000000000
120310203,13,1.0000000000
120310204,13,1.0000000000
120310205,13,1.0000000000
120310206,16,1.0000000000
120310207,15,1.0000000000
120310208,14,0.1875000000
120310208,15,0.7954545455
120310208,16,0.0170454545
120310209,14,0.3333333333
120310209,15,0.6666666667
120310210,14,1.0000000000
120310211,14,0.0503597122
120310211,15,0.9496402878
120310212,15,1.0000000000
120310213,14,0.8367346939
120310213,15,0.1632653061
120310214,15,1.0000000000
120310215,15,1.0000000000
120310216,13,0.0587172739
120310216,15,0.9412827261
120310217,16,1.0000000000
120310218,15,1.0000000000
120310219,15,1.0000000000
120310220,15,1.0000000000
120310221,15,1.0000000000
120310222,15,1.0000000000
120310223,15,1.0000000000
120310224,12,1.0000000000
120310225,16,1.0000000000
120310226,15,1.0000000000
120310227,13,1.0000000000
120310228,13,1.0000000000
120310229,13,1.0000000000
120310230,13,1.0000000000
120310231,12,1.0000000000
120310232,13,1.0000000000
120310233,13,1.0000000000
120310234,12,0.0384615385
120310234,13,0.9615384615
120310235,13,1.0000000000
120310236,13,0.6785684269
120310236,15,0.3214315731
120310237,13,1.0000000000
120310238,13,1.0000000000
120310239,13,0.9736842105
120310239,15,0.0263157895
120310240,12,1.0000000000
120310241,13,0.0181853711
120310241,15,0.9818146289
120310242,12,1.0000000000
120310243,12,1.0000000000
120310244,12,1.0000000000
120310245,12,0.5000000000
120310245,15,0.5000000000
120310246,16,1.0000000000
120310247,16,1.0000000000
120310248,16,1.0000000000
120310249,16,1.0000000000
120310250,16,1.0000000000
120310251,16,1.0000000000
120310252,16,1.0000000000
120310253,16,1.0000000000
120310254,16,1.0000000000
120310255,16,1.0000000000
120310256,17,1.0000000000
120310257,17,1.0000000000
120310258,17,1.0000000000
120310259,17,1.0000000000
120310260,16,1.0000000000
120310261,17,1.0000000000
120310262,16,1.0000000000
120310263,16,1.0000000000
120310264,16,1.0000000000
120310265,17,1.0000000000
120310266,16,0.1428571429
120310266,17,0.8571428571
120310267,17,1.0000000000
120310268,17,1.0000000000
120310269,12,1.0000000000
120310270,12,1.0000000000
120310271,12,1.0000000000
120310272,12,1.0000000000
120310273,12,1.0000000000
120310274,12,0.0149023163
120310274,13,0.9850976837
120310275,13,1.0000000000
120310276,12,0.0103092784
120310276,13,0.9896907216
120310277,12,1.0000000000
120310278,12,1.0000000000
120310279,12,0.0439405298
120310279,13,0.9560594702
120310280,12,1.0000000000
120310281,12,1.0000000000
120310282,11,0.0243902439
120310282,12,0.9756097561
120310283,12,1.0000000000
120310284,13,1.0000000000
120310285,13,1.0000000000
120310286,12,0.0769230769
120310286,13,0.9230769231
120310287,12,0.9824561404
120310287,13,0.0175438596
120310288,12,0.0819672131
120310288,13,0.9016393443
120310288,14,0.0163934426
120310289,15,0.1388888889
120310289,16,0.8611111111
120310290,17,1.0000000000
120310291,17,1.0000000000
120310292,13,1.0000000000
120310293,16,1.0000000000
120310294,17,1.0000000000
120310295,17,1.0000000000
120330001,2,1.0000000000
120330002,2,1.0000000000
120330003,2,1.0000000000
120330004,2,1.0000000000
120330005,2,1.0000000000
120330006,2,1.0000000000
120330007,2,1.0000000000
120330008,2,1.0000000000
120330009,2,1.0000000000
120330010,2,1.0000000000
120330011,2,1.0000000000
120330012,2,1.0000000000
120330013,2,1.0000000000
120330014,2,1.0000000000
120330015,2,1.0000000000
120330016,2,1.0000000000
120330017,2,1.0000000000
120330018,2,1.0000000000
120330019,2,1.0000000000
120330020,2,1.0000000000
120330021,1,1.0000000000
120330022,1,1.0000000000
120330023,2,1.0000000000
120330024,1,1.0000000000
120330025,1,1.0000000000
120330026,1,1.0000000000
120330027,1,1.0000000000
120330028,1,1.0000000000
120330029,1,1.0000000000
120330030,1,1.0000000000
120330031,1,1.0000000000
120330032,1,1.0000000000
120330033,1,1.0000000000
120330034,1,1.0000000000
120330035,1,1.0000000000
120330036,1,1.0000000000
120330037,1,1.0000000000
120330038,1,1.0000000000
120330039,1,1.0000000000
120330040,1,1.0000000000
120330041,1,1.0000000000
120330042,1,1.0000000000
120330043,1,1.0000000000
120330044,1,1.0000000000
120330045,1,1.0000000000
120330046,1,1.0000000000
120330047,1,1.0000000000
120330048,1,1.0000000000
120330049,1,1.0000000000
120330050,1,1.0000000000
120330051,1,1.0000000000
120330052,1,1.0000000000
120330053,1,1.0000000000
120330054,1,1.0000000000
120330055,2,1.0000000000
120330056,2,1.0000000000
120330057,2,1.0000000000
120330058,2,1.0000000000
120330059,2,1.0000000000
120330060,2,1.0000000000
120330061,2,1.0000000000
120330062,2,1.0000000000
120330063,2,1.0000000000
120330064,2,1.0000000000
120330065,2,1.0000000000
120330066,2,1.0000000000
120330067,2,1.0000000000
120330068,2,1.0000000000
120330069,2,1.0000000000
120330070,2,1.0000000000
120330071,2,1.0000000000
120330072,2,1.0000000000
120330073,2,1.0000000000
120330074,2,1.0000000000
120330075,2,1.0000000000
120330076,2,1.0000000000
120330077,2,1.0000000000
120330078,2,1.0000000000
120330079,2,1.0000000000
120330080,2,1.0000000000
120330081,2,1.0000000000
120330082,2,1.0000000000
120330083,2,1.0000000000
120330084,2,1.0000000000
120330085,2,1.0000000000
120330086,2,1.0000000000
120330087,2,1.0000000000
120330088,2,1.0000000000
120330089,2,1.0000000000
120330090,2,1.0000000000
120330091,2,1.0000000000
120330092,2,1.0000000000
120330093,2,1.0000000000
120330094,2,1.0000000000
120330095,2,1.0000000000
120330096,2,1.0000000000
120330097,2,1.0000000000
120330098,2,1.0000000000
120330099,2,1.0000000000
120330100,2,1.0000000000
120330101,2,1.0000000000
120330102,2,1.0000000000
120330103,2,1.0000000000
120330104,2,1.0000000000
120330105,2,1.0000000000
120330106,2,1.0000000000
120330107,1,1.0000000000
120330108,2,1.0000000000
120330109,2,1.0000000000
120330110,2,1.0000000000
120330111,2,1.0000000000
120330112,2,1.0000000000
120330113,2,1.0000000000
120330114,2,1.0000000000
120330115,2,1.0000000000
120330116,2,1.0000000000
120330117,2,1.0000000000
120330118,2,1.0000000000
120330119,2,1.0000000000
120330120,2,1.0000000000
120330121,2,1.0000000000
120330122,2,1.0000000000
120330123,2,1.0000000000
120330124,2,1.0000000000
120330125,2,1.0000000000
120330126,2,1.0000000000
120330127,2,1.0000000000
120330128,2,1.0000000000
120330129,2,1.0000000000
120330130,2,1.0000000000
120330131,2,1.0000000000
120330132,1,0.8000000000
120330132,2,0.2000000000
120330133,2,1.0000000000
120330134,2,1.0000000000
120330135,2,1.0000000000
120330136,1,1.0000000000
120330137,1,0.7500000000
120330137,2,0.2500000000
120330138,1,0.6571428571
120330138,2,0.3428571429
120330139,1,1.0000000000
120330140,1,0.3168609583
120330140,2,0.6831390417
120330141,1,0.4687500000
120330141,2,0.5312500000
120330142,1,1.0000000000
120330143,1,1.0000000000
120330144,2,1.0000000000
120330145,2,1.0000000000
120330146,2,1.0000000000
120330147,2,1.0000000000
120330148,2,1.0000000000
120330149,1,0.9000000000
120330149,2,0.1000000000
120330150,1,1.0000000000
120330151,1,1.0000000000
120330152,1,1.0000000000
120330153,1,1.0000000000
120330154,1,1.0000000000
120330155,1,1.0000000000
120330156,1,1.0000000000
120330157,1,1.0000000000
120330158,1,1.0000000000
120330159,1,1.0000000000
120330160,1,1.0000000000
120330161,1,1.0000000000
120330162,1,1.0000000000
120330163,1,1.0000000000
120330164,1,1.0000000000
120330165,1,1.0000000000
120330166,2,1.0000000000
120330167,2,1.0000000000
120330168,2,1.0000000000
120330169,2,1.0000000000
120330170,2,1.0000000000
120330171,2,1.0000000000
120330172,2,1.0000000000
120330173,2,1.0000000000
120330174,2,1.0000000000
120330175,2,1.0000000000
120330176,2,1.0000000000
120330177,2,1.0000000000
120330178,2,1.0000000000
120330179,2,1.0000000000
120330180,2,1.0000000000
120330181,2,1.0000000000
120330182,2,1.0000000000
120330183,2,1.0000000000
120330184,2,1.0000000000
120330185,2,1.0000000000
120330186,2,1.0000000000
120330187,2,1.0000000000
120330188,2,1.0000000000
120330189,2,1.0000000000
120330190,2,1.0000000000
120330191,2,1.0000000000
120330192,2,1.0000000000
120330193,2,1.0000000000
120330194,2,1.0000000000
120330195,1,1.0000000000
120330196,1,1.0000000000
120330197,1,0.7777777778
120330197,2,0.2222222222
120330198,1,0.4069040229
120330198,2,0.5930959771
120330199,1,1.0000000000
120330200,1,0.1512911531
120330200,2,0.8487088469
120330201,1,0.8181818182
120330201,2,0.1818181818
120330202,2,1.0000000000
120330203,2,1.0000000000
120330204,2,1.0000000000
120330205,2,1.0000000000
120330206,1,0.2659576693
120330206,2,0.7340423307
120330207,2,1.0000000000
120330208,2,1.0000000000
120330209,2,1.0000000000
120330210,2,1.0000000000
120330211,2,1.0000000000
120330212,2,1.0000000000
120330213,2,1.0000000000
120330214,2,1.0000000000
120330215,2,1.0000000000
120330216,2,1.0000000000
120330217,2,1.0000000000
120330218,1,0.8260869565
120330218,2,0.1739130435
120330219,1,1.0000000000
120330220,1,1.0000000000
120330221,1,0.9000000000
120330221,2,0.1000000000
120330222,1,1.0000000000
120330223,1,0.7027027027
120330223,2,0.2972972973
120330224,1,0.0526315789
120330224,2,0.9473684211
120330225,1,0.6666666667
120330225,2,0.3333333333
120330226,1,1.0000000000
120330227,1,1.0000000000
120330228,1,1.0000000000
120330229,1,1.0000000000
120330230,1,1.0000000000
120330231,1,1.0000000000
120330232,1,1.0000000000
120330233,1,1.0000000000
120330234,1,1.0000000000
120330235,1,1.0000000000
120330236,1,1.0000000000
120330237,1,1.0000000000
120330238,1,1.0000000000
120330239,1,1.0000000000
120330240,1,1.0000000000
120330241,1,1.0000000000
120330242,1,1.0000000000
120330243,1,1.0000000000
120330244,1,1.0000000000
120330245,1,1.0000000000
120330246,1,1.0000000000
120330247,1,1.0000000000
120330248,1,1.0000000000
120330249,1,1.0000000000
120330250,1,1.0000000000
120330251,1,1.0000000000
120330252,1,1.0000000000
120330253,1,1.0000000000
120330254,1,1.0000000000
120330255,1,1.0000000000
120330256,1,1.0000000000
120330257,1,1.0000000000
120330258,1,1.0000000000
120330259,1,1.0000000000
120330260,1,1.0000000000
120330261,1,1.0000000000
120330262,1,1.0000000000
120330263,1,1.0000000000
120330264,1,1.0000000000
120330265,1,1.0000000000
120330266,1,1.0000000000
120330267,1,1.0000000000
120350001,19,1.0000000000
120350002,19,1.0000000000
120350003,19,1.0000000000
120350004,19,1.0000000000
120350005,19,1.0000000000
120350006,19,1.0000000000
120350007,19,1.0000000000
120350009,19,1.0000000000
120350010,19,1.0000000000
120350011,19,1.0000000000
120350012,19,1.0000000000
120350013,19,1.0000000000
120350014,19,1.0000000000
120350015,19,1.0000000000
120350016,19,1.0000000000
120350017,19,1.0000000000
120350018,19,1.0000000000
120350019,19,1.0000000000
120350020,19,1.0000000000
120350021,19,1.0000000000
120350022,19,1.0000000000
120350023,19,1.0000000000
120350024,19,1.0000000000
120350025,19,1.0000000000
120350026,19,1.0000000000
120350027,19,1.0000000000
120350028,19,1.0000000000
120350029,19,1.0000000000
120350030,19,1.0000000000
120350031,19,1.0000000000
120350032,19,1.0000000000
120350033,19,1.0000000000
120350034,19,1.0000000000
120350035,19,1.0000000000
120350036,19,1.0000000000
120350038,19,1.0000000000
120350040,19,1.0000000000
120350041,19,1.0000000000
120350042,19,1.0000000000
120350043,19,1.0000000000
120350044,19,1.0000000000
120350045,19,1.0000000000
120350046,19,1.0000000000
120350047,19,1.0000000000
120350048,19,1.0000000000
120350049,19,1.0000000000
120350050,19,1.0000000000
120350051,19,1.0000000000
120350052,19,1.0000000000
120350053,19,1.0000000000
120350054,19,1.0000000000
120350055,19,1.0000000000
120350056,19,1.0000000000
120350057,19,1.0000000000
120350058,19,1.0000000000
120350059,19,1.0000000000
120350060,19,1.0000000000
120350061,19,1.0000000000
120370001,7,1.0000000000
120370002,7,1.0000000000
120370003,7,1.0000000000
120370004,7,1.0000000000
120370005,7,1.0000000000
120370006,7,1.0000000000
120370007,7,1.0000000000
120370008,7,1.0000000000
120390001,8,1.0000000000
120390002,8,1.0000000000
120390003,8,1.0000000000
120390004,8,1.0000000000
120390005,8,1.0000000000
120390006,8,1.0000000000
120390007,8,1.0000000000
120390008,8,1.0000000000
120390009,8,1.0000000000
120390010,8,1.0000000000
120390011,8,1.0000000000
120390012,8,1.0000000000
120390013,8,1.0000000000
120390014,8,1.0000000000
120390015,8,1.0000000000
120390016,8,1.0000000000
120390017,8,1.0000000000
120390018,8,1.0000000000
120390019,8,1.0000000000
120390020,8,1.0000000000
120390021,8,1.0000000000
120390022,8,1.0000000000
120390023,8,1.0000000000
120390024,8,1.0000000000
120390025,8,1.0000000000
120390026,8,1.0000000000
120390027,8,1.0000000000
120390028,8,1.0000000000
120390029,8,1.0000000000
120390030,8,1.0000000000
120390031,8,1.0000000000
120390032,8,1.0000000000
120390033,8,1.0000000000
120390034,8,1.0000000000
120390035,8,1.0000000000
120390036,8,1.0000000000
120390037,8,1.0000000000
120390038,8,1.0000000000
120390039,8,1.0000000000
120390040,8,1.0000000000
120390041,8,1.0000000000
120390042,8,1.0000000000
120390043,8,1.0000000000
120390044,8,1.0000000000
120390045,8,1.0000000000
120390046,8,1.0000000000
120390047,8,1.0000000000
120390048,8,1.0000000000
120410001,22,1.0000000000
120410002,22,1.0000000000
120410003,22,1.0000000000
120410004,22,1.0000000000
120410005,22,1.0000000000
120410006,22,1.0000000000
120410007,22,1.0000000000
120410008,22,1.0000000000
120410009,22,1.0000000000
120410010,22,1.0000000000
120430001,83,1.0000000000
120430002,83,1.0000000000
120430003,83,1.0000000000
120430004,83,1.0000000000
120430005,82,0.0182659886
120430005,83,0.9817340114
120430006,83,1.0000000000
120430007,83,1.0000000000
120430008,83,1.0000000000
120430009,83,1.0000000000
120430010,83,1.0000000000
120430011,83,1.0000000000
120430012,83,1.0000000000
120430013,82,0.0092592593
120430013,83,0.9907407407
120450001,6,0.0500000000
120450001,7,0.9500000000
120450002,7,1.0000000000
120450003,7,1.0000000000
120450004,7,1.0000000000
120450005,7,1.0000000000
120450006,7,1.0000000000
120450007,7,1.0000000000
120450008,7,1.0000000000
120450009,7,1.0000000000
120450010,7,1.0000000000
120470001,7,1.0000000000
120470002,7,1.0000000000
120470003,7,1.0000000000
120470004,7,1.0000000000
120470005,7,1.0000000000
120470006,7,1.0000000000
120470007,7,1.0000000000
120470008,7,1.0000000000
120490001,83,1.0000000000
120490002,83,1.0000000000
120490003,83,1.0000000000
120490004,83,1.0000000000
120490005,83,1.0000000000
120490006,83,1.0000000000
120490007,83,1.0000000000
120490008,83,1.0000000000
120490009,83,1.0000000000
120490010,83,1.0000000000
120490011,83,1.0000000000
120490012,83,1.0000000000
120510001,82,1.0000000000
120510002,82,1.0000000000
120510003,82,1.0000000000
120510004,82,1.0000000000
120510005,82,1.0000000000
120510006,82,1.0000000000
120510007,82,1.0000000000
120510008,82,1.0000000000
120510009,82,1.0000000000
120510010,82,1.0000000000
120510011,82,1.0000000000
120510012,82,1.0000000000
120510013,82,1.0000000000
120510014,82,1.0000000000
120510015,82,1.0000000000
120510016,82,1.0000000000
120510017,82,1.0000000000
120510018,82,1.0000000000
120510019,82,1.0000000000
120510020,82,1.0000000000
120510021,82,1.0000000000
120510022,82,1.0000000000
120510023,82,1.0000000000
120510024,77,0.0117208841
120510024,82,0.9882791159
120510025,82,1.0000000000
120510026,82,1.0000000000
120510027,82,1.0000000000
120510028,82,1.0000000000
120510029,82,1.0000000000
120530001,52,1.0000000000
120530002,52,1.0000000000
120530003,52,0.2094594595
120530003,53,0.7905405405
120530004,52,1.0000000000
120530005,52,1.0000000000
120530006,52,1.0000000000
120530007,52,1.0000000000
120530008,52,1.0000000000
120530009,52,1.0000000000
120530010,52,1.0000000000
120530011,52,1.0000000000
120530012,52,0.8591549296
120530012,53,0.1408450704
120530013,53,1.0000000000
120530014,52,0.9910714286
120530014,53,0.0089285714
120530015,53,1.0000000000
120530016,52,0.1368421053
120530016,53,0.8631578947
120530017,53,1.0000000000
120530018,53,1.0000000000
120530019,53,1.0000000000
120530020,53,1.0000000000
120530021,53,1.0000000000
120530022,53,1.0000000000
120530023,52,1.0000000000
120530024,53,1.0000000000
120530025,53,1.0000000000
120530026,53,1.0000000000
120530027,52,1.0000000000
120530028,53,1.0000000000
120530029,53,1.0000000000
120530030,53,1.0000000000
120530031,52,0.7714285714
120530031,53,0.2285714286
120530032,53,1.0000000000
120530033,53,1.0000000000
120530034,53,1.0000000000
120530035,53,1.0000000000
120530036,52,1.0000000000
120530037,52,1.0000000000
120530038,53,1.0000000000
120530039,53,1.0000000000
120530040,53,1.0000000000
120530041,53,1.0000000000
120530042,53,1.0000000000
120530043,53,1.0000000000
120530044,53,1.0000000000
120530045,53,1.0000000000
120530046,53,1.0000000000
120530047,53,1.0000000000
120530048,53,1.0000000000
120530049,53,1.0000000000
120530050,53,1.0000000000
120530051,53,1.0000000000
120530052,53,1.0000000000
120530053,53,1.0000000000
120530054,53,1.0000000000
120530055,53,1.0000000000
120530056,53,1.0000000000
120550001,83,1.0000000000
120550002,83,1.0000000000
120550003,83,1.0000000000
120550004,83,1.0000000000
120550005,83,1.0000000000
120550006,83,1.0000000000
120550007,83,1.0000000000
120550008,83,1.0000000000
120550009,83,1.0000000000
120550010,83,1.0000000000
120550011,83,1.0000000000
120550012,83,1.0000000000
120550013,83,1.0000000000
120550014,83,1.0000000000
120550015,83,1.0000000000
120550016,83,1.0000000000
120550017,83,1.0000000000
120550018,83,1.0000000000
120550019,83,1.0000000000
120550020,83,1.0000000000
120550021,83,1.0000000000
120550022,83,1.0000000000
120550023,83,1.0000000000
120550024,83,1.0000000000
120550025,83,1.0000000000
120550026,83,1.0000000000
120550027,83,1.0000000000
120550028,83,1.0000000000
120550029,83,1.0000000000
120550030,83,1.0000000000
120550031,83,1.0000000000
120550032,83,1.0000000000
120550033,83,1.0000000000
120550034,83,1.0000000000
120550035,83,1.0000000000
120550036,83,1.0000000000
120550037,83,1.0000000000
120550038,83,1.0000000000
120550039,83,1.0000000000
120550040,83,1.0000000000
120550041,83,1.0000000000
120550042,83,1.0000000000
120550043,83,1.0000000000
120550044,83,1.0000000000
120550045,83,1.0000000000
120550046,83,1.0000000000
120550047,83,1.0000000000
120550048,83,1.0000000000
120550049,83,1.0000000000
120550050,83,1.0000000000
120550051,83,1.0000000000
120550052,83,1.0000000000
120550053,83,1.0000000000
120550054,83,1.0000000000
120550055,83,1.0000000000
120550056,83,1.0000000000
120550057,83,1.0000000000
120550058,83,1.0000000000
120550059,83,1.0000000000
120550060,83,1.0000000000
120550061,83,1.0000000000
120550062,83,1.0000000000
120550063,83,1.0000000000
120550064,83,1.0000000000
120550065,83,1.0000000000
120550066,83,1.0000000000
120550067,83,1.0000000000
120570001,65,1.0000000000
120570002,65,1.0000000000
120570003,65,1.0000000000
120570004,65,1.0000000000
120570005,65,1.0000000000
120570006,65,1.0000000000
120570007,65,1.0000000000
120570008,65,1.0000000000
120570009,65,1.0000000000
120570010,65,1.0000000000
120570011,65,1.0000000000
120570012,65,1.0000000000
120570013,65,1.0000000000
120570014,65,1.0000000000
120570015,65,1.0000000000
120570016,65,1.0000000000
120570017,65,1.0000000000
120570018,65,1.0000000000
120570019,65,1.0000000000
120570020,65,1.0000000000
120570021,65,1.0000000000
120570022,65,1.0000000000
120570023,65,1.0000000000
120570024,65,1.0000000000
120570025,65,1.0000000000
120570026,65,1.0000000000
120570027,65,1.0000000000
120570028,65,1.0000000000
120570029,65,1.0000000000
120570030,65,1.0000000000
120570031,62,0.0259740260
120570031,63,0.0649350649
120570031,65,0.9090909091
120570032,65,1.0000000000
120570033,63,0.8717948718
120570033,65,0.1282051282
120570034,65,1.0000000000
120570035,65,1.0000000000
120570036,63,0.8294573643
120570036,65,0.1705426357
120570037,65,1.0000000000
120570038,65,1.0000000000
120570039,64,0.9364000109
120570039,65,0.0635999891
120570040,64,0.5185185185
120570040,65,0.4814814815
120570041,64,0.9919607009
120570041,65,0.0080392991
120570042,63,1.0000000000
120570043,63,1.0000000000
120570044,63,1.0000000000
120570045,63,1.0000000000
120570046,63,1.0000000000
120570047,63,1.0000000000
120570048,63,1.0000000000
120570049,63,1.0000000000
120570050,63,1.0000000000
120570051,63,0.8333333333
120570051,64,0.1666666667
120570052,64,1.0000000000
120570053,64,1.0000000000
120570054,64,1.0000000000
120570055,64,1.0000000000
120570056,64,1.0000000000
120570057,64,0.0038034832
120570057,65,0.9961965168
120570058,65,1.0000000000
120570059,65,1.0000000000
120570060,65,1.0000000000
120570061,65,1.0000000000
120570062,65,1.0000000000
120570063,65,1.0000000000
120570064,65,1.0000000000
120570065,64,1.0000000000
120570066,63,0.4318181818
120570066,64,0.5681818182
120570067,63,1.0000000000
120570068,64,1.0000000000
120570069,64,1.0000000000
120570070,64,1.0000000000
120570071,64,1.0000000000
120570072,64,1.0000000000
120570073,64,1.0000000000
120570074,64,0.0136986301
120570074,66,0.9863013699
120570075,64,1.0000000000
120570076,66,1.0000000000
120570077,66,1.0000000000
120570078,62,0.9047619048
120570078,63,0.0952380952
120570079,62,1.0000000000
120570080,63,0.9873417722
120570080,65,0.0126582278
120570081,63,1.0000000000
120570082,63,1.0000000000
120570083,62,0.4390243902
120570083,63,0.5609756098
120570084,62,1.0000000000
120570085,63,1.0000000000
120570086,63,1.0000000000
120570087,63,1.0000000000
120570088,63,1.0000000000
120570089,63,1.0000000000
120570090,63,1.0000000000
120570091,63,1.0000000000
120570092,63,1.0000000000
120570093,63,1.0000000000
120570094,63,0.9898989899
120570094,64,0.0101010101
120570095,63,1.0000000000
120570096,63,0.9647058824
120570096,64,0.0352941176
120570097,63,1.0000000000
120570098,63,1.0000000000
120570099,64,1.0000000000
120570100,63,1.0000000000
120570101,63,1.0000000000
120570102,63,0.9565217391
120570102,67,0.0434782609
120570103,63,0.9797979798
120570103,64,0.0202020202
120570104,63,1.0000000000
120570105,63,0.8387096774
120570105,66,0.1612903226
120570106,67,1.0000000000
120570107,67,1.0000000000
120570108,67,1.0000000000
120570109,67,1.0000000000
120570110,67,1.0000000000
120570111,67,1.0000000000
120570112,67,1.0000000000
120570113,67,1.0000000000
120570114,67,1.0000000000
120570115,67,1.0000000000
120570116,67,1.0000000000
120570117,67,1.0000000000
120570118,67,1.0000000000
120570119,67,1.0000000000
120570120,67,1.0000000000
120570121,67,1.0000000000
120570122,67,1.0000000000
120570123,67,1.0000000000
120570124,67,1.0000000000
120570125,67,1.0000000000
120570126,67,1.0000000000
120570127,67,1.0000000000
120570128,65,1.0000000000
120570129,65,1.0000000000
120570130,64,1.0000000000
120570131,64,0.7169811321
120570131,65,0.2830188679
120570132,64,0.8437500000
120570132,65,0.1562500000
120570133,64,1.0000000000
120570134,64,1.0000000000
120570135,65,1.0000000000
120570136,65,1.0000000000
120570137,65,1.0000000000
120570138,64,1.0000000000
120570139,64,1.0000000000
120570140,64,1.0000000000
120570141,64,1.0000000000
120570142,64,1.0000000000
120570143,64,1.0000000000
120570144,64,1.0000000000
120570145,64,1.0000000000
120570146,64,1.0000000000
120570147,64,0.1794871795
120570147,65,0.8205128205
120570148,64,1.0000000000
120570149,65,1.0000000000
120570150,65,0.6800000000
120570150,66,0.3200000000
120570151,65,1.0000000000
120570152,64,1.0000000000
120570153,64,1.0000000000
120570154,64,1.0000000000
120570155,64,1.0000000000
120570156,64,1.0000000000
120570157,64,1.0000000000
120570158,64,1.0000000000
120570159,64,1.0000000000
120570160,64,1.0000000000
120570161,65,1.0000000000
120570162,65,0.0769230769
120570162,66,0.9230769231
120570163,64,0.9729729730
120570163,65,0.0270270270
120570164,64,1.0000000000
120570165,64,1.0000000000
120570166,64,1.0000000000
120570167,64,1.0000000000
120570168,64,1.0000000000
120570169,64,1.0000000000
120570170,64,1.0000000000
120570171,66,1.0000000000
120570172,65,1.0000000000
120570173,65,0.7297297297
120570173,66,0.2702702703
120570174,66,1.0000000000
120570175,66,1.0000000000
120570176,66,1.0000000000
120570177,66,1.0000000000
120570178,66,1.0000000000
120570179,66,1.0000000000
120570180,66,1.0000000000
120570181,66,1.0000000000
120570182,66,1.0000000000
120570183,66,1.0000000000
120570184,66,1.0000000000
120570185,66,1.0000000000
120570186,66,1.0000000000
120570187,66,1.0000000000
120570188,66,1.0000000000
120570189,66,1.0000000000
120570190,66,1.0000000000
120570191,66,1.0000000000
120570192,66,1.0000000000
120570193,66,1.0000000000
120570194,66,1.0000000000
120570195,66,1.0000000000
120570196,66,1.0000000000
120570197,66,1.0000000000
120570198,66,1.0000000000
120570199,66,1.0000000000
120570200,66,1.0000000000
120570201,66,1.0000000000
120570202,66,1.0000000000
120570203,66,1.0000000000
120570204,66,1.0000000000
120570205,66,1.0000000000
120570206,66,1.0000000000
120570207,66,1.0000000000
120570208,66,1.0000000000
120570209,66,1.0000000000
120570210,66,1.0000000000
120570211,66,1.0000000000
120570212,66,1.0000000000
120570213,66,1.0000000000
120570214,66,1.0000000000
120570215,66,1.0000000000
120570216,66,1.0000000000
120570217,66,1.0000000000
120570218,66,1.0000000000
120570219,66,1.0000000000
120570220,66,1.0000000000
120570221,66,1.0000000000
120570222,66,1.0000000000
120570223,66,1.0000000000
120570224,66,1.0000000000
120570225,66,1.0000000000
120570226,66,1.0000000000
120570227,66,1.0000000000
120570228,66,1.0000000000
120570229,66,1.0000000000
120570230,66,1.0000000000
120570231,63,1.0000000000
120570232,63,1.0000000000
120570233,63,1.0000000000
120570234,67,1.0000000000
120570235,67,1.0000000000
120570236,67,1.0000000000
120570237,63,0.3965517241
120570237,66,0.6034482759
120570238,67,1.0000000000
120570239,66,1.0000000000
120570240,66,1.0000000000
120570241,66,1.0000000000
120570242,66,1.0000000000
120570243,66,1.0000000000
120570244,66,0.6666666667
120570244,67,0.3333333333
120570245,66,1.0000000000
120570246,66,1.0000000000
120570247,66,1.0000000000
120570248,66,1.0000000000
120570249,66,1.0000000000
120570250,66,1.0000000000
120570251,66,1.0000000000
120570252,66,1.0000000000
120570253,66,1.0000000000
120570254,66,1.0000000000
120570255,66,1.0000000000
120570256,66,1.0000000000
120570257,66,1.0000000000
120570258,66,1.0000000000
120570259,66,1.0000000000
120570260,66,1.0000000000
120570261,66,1.0000000000
120570262,66,1.0000000000
120570263,66,0.1186440678
120570263,67,0.8813559322
120570264,67,1.0000000000
120570265,66,1.0000000000
120570266,66,1.0000000000
120570267,66,0.9761904762
120570267,67,0.0238095238
120570268,66,1.0000000000
120570269,66,1.0000000000
120570270,66,1.0000000000
120570271,66,1.0000000000
120570272,66,0.8101265823
120570272,67,0.1898734177
120570273,66,1.0000000000
120570274,62,0.6875000000
120570274,63,0.3125000000
120570275,62,1.0000000000
120570276,63,1.0000000000
120570277,63,1.0000000000
120570278,62,1.0000000000
120570279,63,1.0000000000
120570280,63,1.0000000000
120570281,63,1.0000000000
120570282,63,1.0000000000
120570283,63,1.0000000000
120570284,63,1.0000000000
120570285,63,0.0117647059
120570285,67,0.9882352941
120570286,63,1.0000000000
120570287,63,1.0000000000
120570288,67,1.0000000000
120570289,67,1.0000000000
120570290,67,1.0000000000
120570291,67,0.8611111111
120570291,68,0.1388888889
120570292,68,1.0000000000
120570293,67,1.0000000000
120570294,67,1.0000000000
120570295,63,0.4175784365
120570295,67,0.5824215635
120570296,67,1.0000000000
120570297,67,1.0000000000
120570298,67,1.0000000000
120570299,68,1.0000000000
120570300,67,1.0000000000
120570301,67,1.0000000000
120570302,67,1.0000000000
120570303,63,1.0000000000
120570304,63,1.0000000000
120570305,63,1.0000000000
120570306,63,1.0000000000
120570307,63,1.0000000000
120570308,63,1.0000000000
120570309,67,1.0000000000
120570310,63,0.8461538462
120570310,67,0.1538461538
120570311,67,1.0000000000
120570312,67,1.0000000000
120570313,63,0.6600000000
120570313,67,0.3400000000
120570314,67,1.0000000000
120570315,67,1.0000000000
120570316,67,1.0000000000
120570317,67,1.0000000000
120570318,67,1.0000000000
120570319,67,1.0000000000
120570320,67,1.0000000000
120570321,67,1.0000000000
120570322,67,1.0000000000
120570323,69,1.0000000000
120570324,69,1.0000000000
120570325,69,1.0000000000
120570326,69,1.0000000000
120570327,69,1.0000000000
120570328,69,1.0000000000
120570329,69,1.0000000000
120570330,69,1.0000000000
120570331,69,1.0000000000
120570332,68,0.3235294118
120570332,69,0.6764705882
120570333,68,0.6534653465
120570333,69,0.3465346535
120570334,68,1.0000000000
120570335,68,1.0000000000
120570336,68,1.0000000000
120570337,68,1.0000000000
120570338,68,1.0000000000
120570339,68,1.0000000000
120570340,68,1.0000000000
120570341,68,1.0000000000
120570342,68,1.0000000000
120570343,68,1.0000000000
120570344,68,1.0000000000
120570345,68,1.0000000000
120570346,68,1.0000000000
120570347,68,1.0000000000
120570348,68,1.0000000000
120570349,68,1.0000000000
120570350,68,1.0000000000
120570351,68,1.0000000000
120570352,68,1.0000000000
120570353,68,1.0000000000
120570354,68,1.0000000000
120570355,68,1.0000000000
120570356,68,1.0000000000
120570357,68,1.0000000000
120570358,69,1.0000000000
120570359,69,1.0000000000
120570360,69,1.0000000000
120570361,69,1.0000000000
120570362,69,1.0000000000
120570363,69,1.0000000000
120570364,69,1.0000000000
120570365,69,1.0000000000
120570366,69,1.0000000000
120570367,69,1.0000000000
120570368,69,1.0000000000
120570369,69,1.0000000000
120570370,68,0.0294117647
120570370,69,0.9705882353
120570371,69,1.0000000000
120570372,68,0.4285714286
120570372,69,0.5714285714
120570373,68,1.0000000000
120570374,68,1.0000000000
120570375,68,1.0000000000
120570376,68,0.9444444444
120570376,69,0.0555555556
120570377,68,0.8536585366
120570377,69,0.1463414634
120570378,68,1.0000000000
120570379,68,1.0000000000
120570380,68,1.0000000000
120570381,68,1.0000000000
120570382,68,1.0000000000
120570383,68,1.0000000000
120570384,68,1.0000000000
120570385,68,0.3090909091
120570385,69,0.6909090909
120570386,62,0.9545454545
120570386,69,0.0454545455
120570387,69,1.0000000000
120570388,69,1.0000000000
120570389,69,1.0000000000
120570390,69,1.0000000000
120570391,69,1.0000000000
120570392,69,1.0000000000
120570393,69,1.0000000000
120570394,69,1.0000000000
120570395,69,1.0000000000
120570396,69,1.0000000000
120570397,67,1.0000000000
120570398,62,0.9206349206
120570398,69,0.0793650794
120570399,62,1.0000000000
120570400,62,1.0000000000
120570401,67,0.4126984127
120570401,69,0.5873015873
120570402,62,1.0000000000
120570403,67,0.7968750000
120570403,68,0.2031250000
120570404,67,1.0000000000
120570405,68,1.0000000000
120570406,68,1.0000000000
120570407,68,1.0000000000
120570408,68,1.0000000000
120570409,68,1.0000000000
120570410,68,1.0000000000
120570411,68,1.0000000000
120570412,68,1.0000000000
120570413,68,1.0000000000
120570414,68,1.0000000000
120570415,68,1.0000000000
120570416,68,1.0000000000
120570417,68,1.0000000000
120570418,68,1.0000000000
120570419,68,1.0000000000
120570420,67,1.0000000000
120570421,62,0.8025607717
120570421,63,0.1974392283
120570422,62,0.0245901639
120570422,63,0.0327868852
120570422,67,0.9426229508
120570423,67,0.7625000000
120570423,68,0.2375000000
120570424,67,0.5925925926
120570424,68,0.4074074074
120570425,68,1.0000000000
120570426,68,1.0000000000
120570427,68,1.0000000000
120570428,68,1.0000000000
120570430,70,1.0000000000
120570431,70,1.0000000000
120570432,62,0.0225518363
120570432,70,0.9774481637
120570433,62,0.0573201934
120570433,70,0.9426798066
120570434,70,1.0000000000
120570435,70,1.0000000000
120570436,70,1.0000000000
120570437,70,1.0000000000
120570438,70,1.0000000000
120570439,70,1.0000000000
120570440,70,1.0000000000
120570441,69,0.2131979695
120570441,70,0.7868020305
120570442,70,1.0000000000
120570443,70,1.0000000000
120570444,70,1.0000000000
120570445,69,1.0000000000
120570446,69,1.0000000000
120570447,69,0.6176470588
120570447,70,0.3823529412
120570448,70,1.0000000000
120570449,70,1.0000000000
120570450,70,1.0000000000
120570451,70,1.0000000000
120570452,70,1.0000000000
120570453,69,1.0000000000
120570454,70,1.0000000000
120570455,70,1.0000000000
120570456,70,1.0000000000
120570457,70,1.0000000000
120570458,70,1.0000000000
120570459,70,1.0000000000
120570460,70,1.0000000000
120570461,70,1.0000000000
120570462,70,1.0000000000
120570463,70,1.0000000000
120570464,70,1.0000000000
120570465,70,1.0000000000
120570466,70,1.0000000000
120570467,70,1.0000000000
120570468,61,0.6978443068
120570468,62,0.3021556932
120570469,62,0.0074626866
120570469,70,0.9925373134
120570470,62,0.0995907561
120570470,70,0.9004092439
120570471,70,1.0000000000
120570472,70,1.0000000000
120570473,70,1.0000000000
120570474,62,0.1666666667
120570474,70,0.8333333333
120570475,70,1.0000000000
120570476,62,0.0690803233
120570476,70,0.9309196767
120570477,70,1.0000000000
120570478,62,1.0000000000
120570479,62,0.0208220291
120570479,70,0.9791779709
120570480,62,1.0000000000
120570481,62,1.0000000000
120570482,69,0.2018541834
120570482,70,0.7981458166
120570483,70,1.0000000000
120570484,70,1.0000000000
120570485,70,1.0000000000
120570486,62,1.0000000000
120570487,62,1.0000000000
120570488,70,1.0000000000
120570489,70,1.0000000000
120570490,62,1.0000000000
120570491,69,1.0000000000
120570492,69,1.0000000000
120570493,69,1.0000000000
120570494,69,1.0000000000
120570495,69,1.0000000000
120570496,69,1.0000000000
120570497,69,1.0000000000
120570498,69,1.0000000000
120570499,69,1.0000000000
120570500,69,1.0000000000
120570501,69,1.0000000000
120570502,69,1.0000000000
120570503,69,1.0000000000
120570504,69,1.0000000000
120570505,69,1.0000000000
120570506,69,1.0000000000
120570507,69,1.0000000000
120570508,69,1.0000000000
120570509,69,1.0000000000
120570510,69,1.0000000000
120570511,62,0.1428571429
120570511,69,0.8571428571
120570512,69,1.0000000000
120570513,62,1.0000000000
120570514,62,0.6216216216
120570514,69,0.3783783784
120570515,62,0.0769230769
120570515,69,0.9230769231
120570516,62,0.0555555556
120570516,69,0.9444444444
120570517,69,1.0000000000
120570518,62,1.0000000000
120570519,62,1.0000000000
120570520,62,1.0000000000
120570521,62,1.0000000000
120570522,62,1.0000000000
120570523,62,1.0000000000
120570524,62,1.0000000000
120570525,62,1.0000000000
120570526,62,1.0000000000
120570527,62,1.0000000000
120570528,62,1.0000000000
120570529,62,1.0000000000
120570531,62,1.0000000000
120570532,62,1.0000000000
120570533,62,1.0000000000
120570534,62,1.0000000000
120570535,62,1.0000000000
120570536,65,1.0000000000
120590001,5,1.0000000000
120590002,5,1.0000000000
120590003,5,1.0000000000
120590004,5,1.0000000000
120590005,5,1.0000000000
120590006,5,1.0000000000
120590007,5,1.0000000000
120590008,5,1.0000000000
120610001,34,1.0000000000
120610002,34,1.0000000000
120610003,34,1.0000000000
120610004,34,1.0000000000
120610005,34,1.0000000000
120610006,34,1.0000000000
120610007,34,1.0000000000
120610008,34,1.0000000000
120610009,34,1.0000000000
120610010,34,1.0000000000
120610011,34,1.0000000000
120610012,34,1.0000000000
120610013,34,1.0000000000
120610014,34,1.0000000000
120610015,34,1.0000000000
120610016,34,1.0000000000
120610017,34,1.0000000000
120610018,34,1.0000000000
120610019,34,1.0000000000
120610020,34,1.0000000000
120610021,34,1.0000000000
120610022,34,1.0000000000
120610023,34,1.0000000000
120610024,34,1.0000000000
120610025,34,1.0000000000
120610026,34,1.0000000000
120610027,34,1.0000000000
120610028,34,1.0000000000
120610029,34,1.0000000000
120610030,34,1.0000000000
120610031,34,1.0000000000
120610032,34,1.0000000000
120610033,34,1.0000000000
120610034,34,1.0000000000
120610035,34,1.0000000000
120610036,34,1.0000000000
120610037,34,1.0000000000
120610038,34,1.0000000000
120610039,34,1.0000000000
120610040,34,1.0000000000
120610041,34,1.0000000000
120610042,34,1.0000000000
120610043,34,1.0000000000
120610044,34,1.0000000000
120610045,34,1.0000000000
120610046,34,1.0000000000
120610047,34,1.0000000000
120610048,34,1.0000000000
120610049,34,1.0000000000
120610050,34,1.0000000000
120610051,34,1.0000000000
120610052,34,1.0000000000
120610053,34,1.0000000000
120610054,34,1.0000000000
120610055,34,1.0000000000
120610056,34,1.0000000000
120610057,34,1.0000000000
120610058,34,1.0000000000
120610059,34,1.0000000000
120610060,34,1.0000000000
120610061,34,1.0000000000
120610062,34,1.0000000000
120610063,34,1.0000000000
120610064,34,1.0000000000
120610065,34,1.0000000000
120610066,34,1.0000000000
120610067,34,1.0000000000
120610068,34,1.0000000000
120610069,34,1.0000000000
120610070,34,1.0000000000
120610071,34,1.0000000000
120610072,34,1.0000000000
120610073,34,1.0000000000
120610074,34,1.0000000000
120610075,34,1.0000000000
120630001,5,1.0000000000
120630002,5,1.0000000000
120630003,5,1.0000000000
120630004,5,1.0000000000
120630005,5,1.0000000000
120630006,5,1.0000000000
120630007,5,1.0000000000
120630008,5,1.0000000000
120630009,5,1.0000000000
120630010,5,1.0000000000
120630011,5,1.0000000000
120630012,5,1.0000000000
120630013,5,1.0000000000
120630014,5,1.0000000000
120630015,5,1.0000000000
120630016,5,1.0000000000
120630017,5,1.0000000000
120630018,5,1.0000000000
120630019,5,1.0000000000
120630020,5,1.0000000000
120630021,5,1.0000000000
120630022,5,1.0000000000
120630023,5,1.0000000000
120630024,5,1.0000000000
120630025,5,1.0000000000
120630026,5,1.0000000000
120630027,5,1.0000000000
120630028,5,1.0000000000
120630029,5,1.0000000000
120630030,5,1.0000000000
120630031,5,1.0000000000
120630032,5,1.0000000000
120650001,9,1.0000000000
120650002,9,1.0000000000
120650003,9,1.0000000000
120650004,9,1.0000000000
120650005,9,1.0000000000
120650006,9,1.0000000000
120650007,9,1.0000000000
120650008,9,1.0000000000
120650009,9,1.0000000000
120650010,9,1.0000000000
120650011,7,0.2592592593
120650011,9,0.7407407407
120650012,7,0.9998956572
120650012,9,0.0001043428
120650013,9,1.0000000000
120650014,7,0.3283582090
120650014,9,0.6716417910
120650015,9,1.0000000000
120670001,7,1.0000000000
120670002,7,1.0000000000
120670003,7,1.0000000000
120670004,7,1.0000000000
120670005,7,1.0000000000
120690001,27,1.0000000000
120690002,27,1.0000000000
120690003,26,0.0240935322
120690003,27,0.9759064678
120690004,27,1.0000000000
120690005,27,1.0000000000
120690006,27,1.0000000000
120690007,27,1.0000000000
120690008,27,1.0000000000
120690009,27,0.9987184973
120690009,39,0.0012815027
120690010,26,1.0000000000
120690011,26,1.0000000000
120690012,26,1.0000000000
120690013,26,1.0000000000
120690014,26,1.0000000000
120690015,26,1.0000000000
120690016,26,1.0000000000
120690017,26,1.0000000000
120690018,26,1.0000000000
120690019,26,1.0000000000
120690020,26,1.0000000000
120690021,26,1.0000000000
120690022,26,1.0000000000
120690023,25,0.7761423919
120690023,26,0.2238576081
120690024,25,1.0000000000
120690025,25,0.9034759783
120690025,26,0.0965240217
120690026,25,1.0000000000
120690027,25,1.0000000000
120690028,25,1.0000000000
120690029,25,1.0000000000
120690030,25,1.0000000000
120690031,25,1.0000000000
120690032,25,1.0000000000
120690033,25,0.2638479049
120690033,26,0.5789175032
120690033,39,0.1572345919
120690034,25,0.5000000000
120690034,39,0.5000000000
120690035,26,1.0000000000
120690036,25,1.0000000000
120690037,25,1.0000000000
120690038,25,1.0000000000
120690039,25,1.0000000000
120690040,25,1.0000000000
120690041,25,1.0000000000
120690042,26,1.0000000000
120690043,26,1.0000000000
120690044,26,1.0000000000
120690045,26,1.0000000000
120690046,26,1.0000000000
120690047,26,1.0000000000
120690048,26,1.0000000000
120690049,26,1.0000000000
120690050,26,1.0000000000
120690051,26,1.0000000000
120690052,26,1.0000000000
120690053,26,1.0000000000
120690054,26,1.0000000000
120690055,26,1.0000000000
120690056,26,1.0000000000
120690057,26,1.0000000000
120690058,26,1.0000000000
120690059,26,1.0000000000
120690060,26,1.0000000000
120690061,25,1.0000000000
120690062,25,1.0000000000
120690063,25,1.0000000000
120690064,26,1.0000000000
120690065,25,1.0000000000
120690066,25,0.0083333333
120690066,26,0.9916666667
120690067,26,1.0000000000
120690068,26,1.0000000000
120690069,26,1.0000000000
120690070,25,1.0000000000
120690071,25,1.0000000000
120690072,26,1.0000000000
120690073,26,1.0000000000
120690074,26,1.0000000000
120690075,26,1.0000000000
120690076,25,0.0086206897
120690076,26,0.9913793103
120690077,26,1.0000000000
120690078,26,1.0000000000
120690079,26,1.0000000000
120690080,26,1.0000000000
120690081,25,1.0000000000
120690082,25,1.0000000000
120690083,26,1.0000000000
120690084,26,1.0000000000
120690085,26,1.0000000000
120690086,26,1.0000000000
120690087,26,1.0000000000
120690088,26,1.0000000000
120690089,25,1.0000000000
120690090,26,1.0000000000
120690091,26,1.0000000000
120690092,26,1.0000000000
120690093,26,1.0000000000
120690094,25,1.0000000000
120690095,26,1.0000000000
120690096,26,0.8888888889
120690096,27,0.1111111111
120690097,26,1.0000000000
120690098,25,1.0000000000
120690099,25,1.0000000000
120690100,25,1.0000000000
120690101,25,1.0000000000
120690102,25,1.0000000000
120690103,25,1.0000000000
120690104,25,1.0000000000
120690105,25,1.0000000000
120690106,25,1.0000000000
120690107,25,1.0000000000
120690108,25,1.0000000000
120690109,25,1.0000000000
120690110,26,1.0000000000
120690111,25,1.0000000000
120690112,25,1.0000000000
120690113,25,1.0000000000
120690114,25,1.0000000000
120690115,25,1.0000000000
120690116,26,0.1944444444
120690116,27,0.8055555556
120690117,26,0.2222222222
120690117,27,0.7777777778
120690118,27,1.0000000000
120690119,27,1.0000000000
120690120,26,0.8646616541
120690120,27,0.1353383459
120690121,26,1.0000000000
120690122,25,1.0000000000
120690123,25,1.0000000000
120690124,26,1.0000000000
120690125,26,1.0000000000
120690126,25,1.0000000000
120690127,25,1.0000000000
120690128,25,1.0000000000
120710002,76,0.5926121059
120710002,77,0.4073878941
120710003,76,1.0000000000
120710004,76,0.7500000000
120710004,77,0.2500000000
120710005,77,1.0000000000
120710006,77,1.0000000000
120710007,76,1.0000000000
120710008,77,1.0000000000
120710009,77,1.0000000000
120710010,76,0.9595959596
120710010,78,0.0404040404
120710011,76,0.2317073171
120710011,79,0.7682926829
120710012,76,1.0000000000
120710013,76,0.2857142857
120710013,78,0.7142857143
120710014,78,1.0000000000
120710015,78,1.0000000000
120710017,78,1.0000000000
120710018,78,1.0000000000
120710019,78,1.0000000000
120710020,78,1.0000000000
120710021,78,1.0000000000
120710022,78,1.0000000000
120710023,78,1.0000000000
120710024,80,1.0000000000
120710025,80,1.0000000000
120710026,80,1.0000000000
120710027,80,1.0000000000
120710028,80,1.0000000000
120710029,80,1.0000000000
120710030,80,1.0000000000
120710031,80,1.0000000000
120710032,80,1.0000000000
120710033,78,1.0000000000
120710034,78,1.0000000000
120710035,78,1.0000000000
120710036,78,1.0000000000
120710037,80,1.0000000000
120710038,80,1.0000000000
120710039,80,1.0000000000
120710040,80,1.0000000000
120710041,80,1.0000000000
120710042,78,0.1320754717
120710042,80,0.8679245283
120710043,80,1.0000000000
120710044,78,0.6153846154
120710044,80,0.3846153846
120710045,80,1.0000000000
120710046,78,1.0000000000
120710047,77,1.0000000000
120710048,78,0.8184479195
120710048,80,0.1815520805
120710049,79,1.0000000000
120710050,79,1.0000000000
120710051,76,0.9545454545
120710051,78,0.0454545455
120710052,76,1.0000000000
120710053,78,1.0000000000
120710054,78,1.0000000000
120710055,78,1.0000000000
120710056,78,1.0000000000
120710057,77,1.0000000000
120710058,77,1.0000000000
120710059,79,1.0000000000
120710060,78,1.0000000000
120710061,76,0.1739130435
120710061,79,0.8260869565
120710062,76,0.9565217391
120710062,78,0.0434782609
120710063,76,0.8978102190
120710063,78,0.1021897810
120710064,76,1.0000000000
120710065,76,0.9645553136
120710065,78,0.0354446864
120710066,79,1.0000000000
120710067,79,1.0000000000
120710068,78,1.0000000000
120710069,79,1.0000000000
120710070,79,1.0000000000
120710071,77,0.0588235294
120710071,78,0.9411764706
120710072,76,0.0600000000
120710072,77,0.3548500000
120710072,78,0.5851500000
120710073,78,1.0000000000
120710074,78,1.0000000000
120710075,78,1.0000000000
120710076,78,1.0000000000
120710077,80,1.0000000000
120710078,77,1.0000000000
120710079,78,1.0000000000
120710080,77,1.0000000000
120710081,77,1.0000000000
120710082,77,1.0000000000
120710083,79,1.0000000000
120710084,79,0.9983639041
120710084,80,0.0016360959
120710085,79,1.0000000000
120710086,79,1.0000000000
120710087,79,1.0000000000
120710088,79,1.0000000000
120710089,78,1.0000000000
120710090,78,1.0000000000
120710091,78,1.0000000000
120710092,76,1.0000000000
120710093,80,1.0000000000
120710094,78,1.0000000000
120710095,76,0.9583333333
120710095,79,0.0416666667
120710096,76,0.9591836735
120710096,78,0.0408163265
120710097,76,1.0000000000
120710098,76,1.0000000000
120710099,76,1.0000000000
120710100,76,1.0000000000
120710101,76,1.0000000000
120710102,78,1.0000000000
120710103,76,1.0000000000
120710104,78,1.0000000000
120710105,78,1.0000000000
120710106,78,1.0000000000
120710107,78,1.0000000000
120710108,78,1.0000000000
120710109,76,1.0000000000
120710110,78,1.0000000000
120710111,78,1.0000000000
120710112,77,1.0000000000
120710113,77,1.0000000000
120710114,78,1.0000000000
120710115,80,1.0000000000
120710116,80,1.0000000000
120710117,80,1.0000000000
120710118,80,1.0000000000
120710119,80,1.0000000000
120710120,80,1.0000000000
120710121,78,1.0000000000
120710122,77,0.0096294708
120710122,78,0.9903705292
120710123,77,0.1756756757
120710123,78,0.0446883182
120710123,80,0.7796360061
120710124,77,1.0000000000
120710125,77,0.9375000000
120710125,80,0.0625000000
120710126,77,0.1250000000
120710126,78,0.8750000000
120710127,78,1.0000000000
120710128,78,1.0000000000
120710129,76,0.2083333333
120710129,77,0.7916666667
120710130,77,1.0000000000
120710131,77,1.0000000000
120710132,77,1.0000000000
120710133,77,1.0000000000
120710134,78,1.0000000000
120710135,78,1.0000000000
120710136,79,1.0000000000
120710137,79,1.0000000000
120710138,79,1.0000000000
120710139,79,1.0000000000
120710140,79,1.0000000000
120710141,79,1.0000000000
120710142,79,1.0000000000
120710143,79,1.0000000000
120710144,79,1.0000000000
120710145,79,1.0000000000
120710146,76,0.6482084512
120710146,79,0.3517915488
120710147,79,1.0000000000
120710148,76,1.0000000000
120710149,76,0.6999774709
120710149,79,0.0565047086
120710149,80,0.2435178206
120710150,76,0.0104166667
120710150,79,0.9895833333
120710151,79,0.8273599858
120710151,80,0.1726400142
120710152,79,1.0000000000
120710153,79,1.0000000000
120710154,79,1.0000000000
120710155,79,1.0000000000
120710156,79,1.0000000000
120710157,79,1.0000000000
120710158,79,1.0000000000
120710159,79,1.0000000000
120710160,79,1.0000000000
120710161,79,1.0000000000
120710162,79,1.0000000000
120710163,79,1.0000000000
120710164,76,0.0074946179
120710164,79,0.9925053821
120710166,80,1.0000000000
120710167,79,1.0000000000
120710168,79,1.0000000000
120710169,76,0.1495901639
120710169,79,0.8504098361
120710170,79,1.0000000000
120710171,76,1.0000000000
120710172,76,1.0000000000
120710173,76,1.0000000000
120710174,76,1.0000000000
120710175,76,1.0000000000
120710176,76,1.0000000000
120710177,76,1.0000000000
120710178,80,1.0000000000
120710179,80,1.0000000000
120710180,76,1.0000000000
120710181,76,1.0000000000
120710182,76,1.0000000000
120710183,77,1.0000000000
120710184,77,1.0000000000
120710185,77,1.0000000000
120710186,77,1.0000000000
120710187,77,1.0000000000
120710188,78,1.0000000000
120710189,78,1.0000000000
120710190,78,1.0000000000
120710191,78,1.0000000000
120710192,77,0.9996146435
120710192,78,0.0003853565
120710193,77,1.0000000000
120710194,77,0.8537103817
120710194,78,0.1462896183
120710195,77,0.9827586207
120710195,78,0.0172413793
120710196,77,1.0000000000
120710197,77,0.0009438608
120710197,78,0.9990561392
120710198,77,1.0000000000
120710199,77,0.9829601465
120710199,78,0.0170398535
120710200,77,1.0000000000
120710201,77,0.1467978042
120710201,80,0.8532021958
120710202,77,0.9230769231
120710202,80,0.0769230769
120710203,77,1.0000000000
120710204,77,0.9538018090
120710204,80,0.0461981910
120710205,77,1.0000000000
120710206,77,1.0000000000
120710207,77,1.0000000000
120710208,80,1.0000000000
120710209,77,1.0000000000
120710210,80,1.0000000000
120710211,80,1.0000000000
120710212,80,1.0000000000
120710213,80,1.0000000000
120710214,80,1.0000000000
120710215,77,0.0520902960
120710215,80,0.9479097040
120710216,80,1.0000000000
120710217,80,1.0000000000
120710218,80,1.0000000000
120710219,80,1.0000000000
120710220,80,1.0000000000
120710221,79,1.0000000000
120710222,77,0.3329664418
120710222,78,0.6670335582
120710223,78,1.0000000000
120710224,77,0.2933367263
120710224,78,0.7066632737
120710225,77,1.0000000000
120710226,78,0.5973254218
120710226,80,0.4026745782
120710227,80,1.0000000000
120710228,77,1.0000000000
120710229,77,1.0000000000
120710230,79,1.0000000000
120710231,79,1.0000000000
120710232,79,1.0000000000
120710233,79,1.0000000000
120710234,79,1.0000000000
120710235,77,1.0000000000
120710236,80,1.0000000000
120710237,80,1.0000000000
120710238,80,1.0000000000
120710239,80,1.0000000000
120710240,80,1.0000000000
120710241,80,1.0000000000
120710242,80,1.0000000000
120710243,80,1.0000000000
120710245,80,1.0000000000
120710246,80,1.0000000000
120710247,80,1.0000000000
120710248,80,1.0000000000
120710249,80,1.0000000000
120710250,80,1.0000000000
120710251,80,1.0000000000
120710252,80,1.0000000000
120710253,78,1.0000000000
120710254,77,1.0000000000
120710255,77,1.0000000000
120710256,77,1.0000000000
120710257,76,0.8684210526
120710257,77,0.0526315789
120710257,78,0.0789473684
120710258,77,1.0000000000
120710259,77,1.0000000000
120710260,77,1.0000000000
120710261,77,0.0057312709
120710261,78,0.9942687291
120710262,77,1.0000000000
120710263,77,1.0000000000
120710264,77,1.0000000000
120710265,76,1.0000000000
120710266,80,1.0000000000
120710267,77,0.4666666667
120710267,80,0.5333333333
120710268,77,0.9736842105
120710268,80,0.0263157895
120710269,80,1.0000000000
120710270,80,1.0000000000
120710271,78,1.0000000000
120710272,78,1.0000000000
120710273,78,1.0000000000
120710274,78,0.8641592451
120710274,80,0.1358407549
120710275,80,1.0000000000
120710276,78,0.7200000000
120710276,80,0.2800000000
120710277,78,1.0000000000
120710278,78,1.0000000000
120710279,78,1.0000000000
120710280,78,1.0000000000
120710281,77,0.0007720044
120710281,78,0.9992279956
120710282,78,1.0000000000
120710283,77,0.8886693423
120710283,78,0.1113306577
120710284,77,1.0000000000
120710285,78,1.0000000000
120710286,80,1.0000000000
120710287,77,0.4939812475
120710287,80,0.5060187525
120710288,80,1.0000000000
120710289,77,1.0000000000
120710290,80,1.0000000000
120710292,80,1.0000000000
120710293,80,1.0000000000
120710294,78,0.0533333333
120710294,79,0.9466666667
120710295,78,1.0000000000
120710296,79,0.5762711864
120710296,80,0.4237288136
120730001,8,1.0000000000
120730002,8,1.0000000000
120730003,8,1.0000000000
120730004,8,1.0000000000
120730005,8,1.0000000000
120730006,8,1.0000000000
120730007,7,0.0087719298
120730007,9,0.9912280702
120730008,8,0.8750000000
120730008,9,0.1250000000
120730009,8,1.0000000000
120730010,8,1.0000000000
120730011,7,0.9857142857
120730011,8,0.0047619048
120730011,9,0.0095238095
120730012,7,1.0000000000
120730013,8,1.0000000000
120730014,8,1.0000000000
120730015,8,1.0000000000
120730016,8,1.0000000000
120730017,8,1.0000000000
120730018,8,0.9444448444
120730018,9,0.0555551556
120730019,8,0.9462365591
120730019,9,0.0537634409
120730020,8,1.0000000000
120730021,8,1.0000000000
120730022,8,1.0000000000
120730023,8,1.0000000000
120730024,8,1.0000000000
120730025,8,1.0000000000
120730026,8,1.0000000000
120730027,8,1.0000000000
120730028,8,1.0000000000
120730029,8,1.0000000000
120730030,8,1.0000000000
120730031,8,1.0000000000
120730032,7,0.1574988412
120730032,8,0.8425011588
120730033,8,0.2448979592
120730033,9,0.7551020408
120730034,8,0.8275862069
120730034,9,0.1724137931
120730035,8,0.1621621622
120730035,9,0.8378378378
120730036,8,1.0000000000
120730037,8,1.0000000000
120730038,8,0.0606060606
120730038,9,0.9393939394
120730039,7,0.0217694819
120730039,8,0.9782305181
120730040,7,0.9818181818
120730040,8,0.0181818182
120730041,8,1.0000000000
120730042,8,1.0000000000
120730043,8,1.0000000000
120730044,8,1.0000000000
120730045,7,0.0666666667
120730045,8,0.9333333333
120730046,8,1.0000000000
120730047,8,1.0000000000
120730048,8,1.0000000000
120730049,7,0.5360824742
120730049,8,0.4639175258
120730050,7,0.8120805369
120730050,8,0.1879194631
120730051,7,0.9806194835
120730051,8,0.0193805165
120730052,8,1.0000000000
120730053,8,1.0000000000
120730054,8,0.3750000000
120730054,9,0.6250000000
120730055,8,1.0000000000
120730056,9,1.0000000000
120730057,8,0.1034482759
120730057,9,0.8965517241
120730058,8,1.0000000000
120730059,8,1.0000000000
120730060,8,1.0000000000
120730061,8,1.0000000000
120730062,9,1.0000000000
120730063,9,1.0000000000
120730064,9,1.0000000000
120730065,9,1.0000000000
120730066,9,1.0000000000
120730067,9,1.0000000000
120730068,9,1.0000000000
120730069,8,1.0000000000
120730070,8,1.0000000000
120730071,8,1.0000000000
120730072,9,1.0000000000
120730073,8,1.0000000000
120730074,9,1.0000000000
120730075,8,0.1363636364
120730075,9,0.8636363636
120730076,9,1.0000000000
120730077,8,0.4583333333
120730077,9,0.5416666667
120730078,8,0.2857142857
120730078,9,0.7142857143
120730079,9,1.0000000000
120730080,8,1.0000000000
120730081,8,1.0000000000
120730082,8,1.0000000000
120730083,8,1.0000000000
120730084,8,1.0000000000
120730085,8,0.0238095238
120730085,9,0.9761904762
120730086,8,1.0000000000
120730087,9,1.0000000000
120730088,8,0.3448275862
120730088,9,0.6551724138
120730089,8,0.8000000000
120730089,9,0.2000000000
120730090,8,0.8600000000
120730090,9,0.1400000000
120730091,8,0.8888888889
120730091,9,0.1111111111
120730092,8,1.0000000000
120730093,8,1.0000000000
120730094,8,1.0000000000
120730095,8,1.0000000000
120730096,8,1.0000000000
120730097,8,1.0000000000
120730098,9,1.0000000000
120730099,9,1.0000000000
120730100,9,1.0000000000
120730101,9,1.0000000000
120730102,9,1.0000000000
120730103,9,1.0000000000
120730104,9,1.0000000000
120730105,9,1.0000000000
120730106,9,1.0000000000
120730107,9,1.0000000000
120730108,9,1.0000000000
120730109,9,1.0000000000
120730110,9,1.0000000000
120730111,9,1.0000000000
120730112,9,1.0000000000
120730113,9,1.0000000000
120730114,9,1.0000000000
120730115,9,1.0000000000
120730116,9,1.0000000000
120730117,9,1.0000000000
120730118,9,1.0000000000
120730119,9,1.0000000000
120730120,9,1.0000000000
120730121,9,1.0000000000
120730122,9,1.0000000000
120730123,9,1.0000000000
120730124,9,1.0000000000
120730125,9,1.0000000000
120730126,9,1.0000000000
120730127,9,1.0000000000
120730128,9,1.0000000000
120730129,9,1.0000000000
120730130,9,1.0000000000
120730131,9,1.0000000000
120730132,9,1.0000000000
120730133,9,1.0000000000
120730134,9,1.0000000000
120730135,9,1.0000000000
120730136,8,0.1388888889
120730136,9,0.8611111111
120730137,9,1.0000000000
120730138,9,1.0000000000
120730139,9,1.0000000000
120730140,9,1.0000000000
120730141,9,1.0000000000
120730142,9,1.0000000000
120730143,9,1.0000000000
120730144,9,1.0000000000
120730145,9,1.0000000000
120730146,8,0.3437500000
120730146,9,0.6562500000
120730147,9,1.0000000000
120730148,8,0.3695652174
120730148,9,0.6304347826
120730149,8,1.0000000000
120730150,8,1.0000000000
120730151,8,0.9666666667
120730151,9,0.0333333333
120730152,8,0.2972972973
120730152,9,0.7027027027
120730153,9,1.0000000000
120730154,9,1.0000000000
120730155,9,1.0000000000
120730156,9,1.0000000000
120730157,9,1.0000000000
120730158,9,1.0000000000
120730159,8,0.5333333333
120730159,9,0.4666666667
120730160,9,1.0000000000
120730161,8,1.0000000000
120730162,9,1.0000000000
120730163,8,0.0649733299
120730163,9,0.9350266701
120730164,9,1.0000000000
120730165,9,1.0000000000
120730166,9,1.0000000000
120730167,9,1.0000000000
120730168,9,1.0000000000
120730169,9,1.0000000000
120730170,9,1.0000000000
120730171,8,0.0666666667
120730171,9,0.9333333333
120730172,9,1.0000000000
120730173,9,1.0000000000
120730174,9,1.0000000000
120730175,9,1.0000000000
120730176,8,1.0000000000
120730177,8,0.5000000000
120730177,9,0.5000000000
120730178,8,1.0000000000
120730179,9,1.0000000000
120730180,9,1.0000000000
120750001,22,1.0000000000
120750002,22,1.0000000000
120750003,22,1.0000000000
120750004,22,1.0000000000
120750005,22,1.0000000000
120750006,22,1.0000000000
120750007,22,1.0000000000
120750008,22,1.0000000000
120750009,22,0.9977973568
120750009,23,0.0022026432
120750010,22,1.0000000000
120750011,22,1.0000000000
120750012,22,1.0000000000
120750013,22,1.0000000000
120750014,22,1.0000000000
120750015,22,1.0000000000
120750016,22,1.0000000000
120750017,22,1.0000000000
120750018,22,1.0000000000
120750019,22,1.0000000000
120770001,7,1.0000000000
120770002,7,1.0000000000
120770003,7,1.0000000000
120770004,7,1.0000000000
120770005,7,1.0000000000
120770006,7,1.0000000000
120770007,7,1.0000000000
120770008,7,1.0000000000
120790001,9,1.0000000000
120790002,9,1.0000000000
120790003,9,1.0000000000
120790004,9,1.0000000000
120790005,9,1.0000000000
120790006,9,1.0000000000
120790007,9,1.0000000000
120790008,9,1.0000000000
120790009,9,1.0000000000
120790010,9,1.0000000000
120790011,9,1.0000000000
120810001,70,1.0000000000
120810002,70,1.0000000000
120810003,71,1.0000000000
120810004,71,1.0000000000
120810005,70,1.0000000000
120810006,70,1.0000000000
120810007,70,1.0000000000
120810008,71,1.0000000000
120810009,71,1.0000000000
120810010,71,1.0000000000
120810011,71,1.0000000000
120810012,70,1.0000000000
120810013,70,1.0000000000
120810014,70,1.0000000000
120810015,70,1.0000000000
120810016,70,1.0000000000
120810017,70,1.0000000000
120810018,70,1.0000000000
120810019,70,0.2480551709
120810019,72,0.7519448291
120810020,70,1.0000000000
120810021,72,1.0000000000
120810022,62,0.0058823529
120810022,70,0.5000000000
120810022,71,0.4941176471
120810023,70,1.0000000000
120810024,71,1.0000000000
120810025,71,1.0000000000
120810026,71,1.0000000000
120810027,71,1.0000000000
120810028,71,1.0000000000
120810029,71,1.0000000000
120810030,71,1.0000000000
120810031,71,1.0000000000
120810032,71,1.0000000000
120810033,71,1.0000000000
120810034,70,0.9493670886
120810034,71,0.0506329114
120810035,70,1.0000000000
120810036,70,1.0000000000
120810037,71,1.0000000000
120810038,71,1.0000000000
120810039,71,1.0000000000
120810040,71,1.0000000000
120810041,71,1.0000000000
120810042,71,1.0000000000
120810043,71,1.0000000000
120810044,71,1.0000000000
120810045,71,1.0000000000
120810046,71,1.0000000000
120810047,71,1.0000000000
120810048,71,1.0000000000
120810049,71,1.0000000000
120810050,71,1.0000000000
120810051,71,1.0000000000
120810052,71,1.0000000000
120810053,71,1.0000000000
120810054,71,1.0000000000
120810055,71,1.0000000000
120810056,71,1.0000000000
120810057,71,1.0000000000
120810058,71,1.0000000000
120810059,71,1.0000000000
120810060,71,1.0000000000
120810061,71,1.0000000000
120810062,71,1.0000000000
120810063,71,1.0000000000
120810064,71,1.0000000000
120810065,71,1.0000000000
120810066,71,1.0000000000
120810067,71,1.0000000000
120810068,71,1.0000000000
120810069,72,1.0000000000
120810070,71,1.0000000000
120810071,71,1.0000000000
120810072,71,1.0000000000
120810073,71,1.0000000000
120810074,71,0.0542935766
120810074,72,0.9457064234
120810075,72,1.0000000000
120810076,72,1.0000000000
120810077,71,1.0000000000
120810078,71,1.0000000000
120810079,71,1.0000000000
120810080,71,1.0000000000
120810081,71,1.0000000000
120810082,71,1.0000000000
120810083,71,1.0000000000
120810084,71,1.0000000000
120810085,71,1.0000000000
120810086,71,1.0000000000
120810087,71,1.0000000000
120810088,71,1.0000000000
120810089,71,1.0000000000
120810090,71,1.0000000000
120810091,71,1.0000000000
120810092,71,1.0000000000
120810093,71,1.0000000000
120810094,71,1.0000000000
120810095,71,1.0000000000
120810096,71,1.0000000000
120810097,71,1.0000000000
120810098,71,1.0000000000
120810099,71,1.0000000000
120810100,71,1.0000000000
120810101,71,1.0000000000
120810102,71,1.0000000000
120810103,71,1.0000000000
120810104,71,1.0000000000
120810105,71,1.0000000000
120810106,71,1.0000000000
120810107,71,1.0000000000
120810108,71,1.0000000000
120810109,71,1.0000000000
120810110,71,1.0000000000
120810111,71,1.0000000000
120810112,71,1.0000000000
120810113,71,1.0000000000
120810114,71,1.0000000000
120810115,71,1.0000000000
120810116,71,1.0000000000
120810117,71,1.0000000000
120810118,71,1.0000000000
120810119,71,1.0000000000
120810120,71,1.0000000000
120810121,71,1.0000000000
120810122,71,1.0000000000
120810123,72,1.0000000000
120810124,72,1.0000000000
120810125,72,1.0000000000
120810126,71,0.0021669476
120810126,72,0.9978330524
120810127,71,0.0643826988
120810127,72,0.9356173012
120810128,72,1.0000000000
120810129,72,1.0000000000
120810130,72,1.0000000000
120810131,72,0.9871284271
120810131,73,0.0128715729
120810132,72,1.0000000000
120810133,72,1.0000000000
120810134,72,1.0000000000
120810135,72,1.0000000000
120810136,72,1.0000000000
120810137,71,1.0000000000
120810138,71,1.0000000000
120810139,71,1.0000000000
120810140,71,0.2307692308
120810140,72,0.7692307692
120810141,72,1.0000000000
120810142,72,1.0000000000
120810143,72,1.0000000000
120810144,72,1.0000000000
120810145,72,1.0000000000
120810146,71,0.2424242424
120810146,72,0.7575757576
120810147,72,1.0000000000
120810148,72,1.0000000000
120810149,72,1.0000000000
120810150,72,1.0000000000
120810151,72,1.0000000000
120810152,72,1.0000000000
120810153,72,1.0000000000
120810154,61,0.0108695652
120810154,71,0.9891304348
120810155,71,1.0000000000
120810156,71,1.0000000000
120810157,71,1.0000000000
120810158,71,1.0000000000
120810159,72,1.0000000000
120810160,72,1.0000000000
120810161,72,1.0000000000
120810162,72,1.0000000000
120810163,72,1.0000000000
120810164,72,1.0000000000
120810165,72,1.0000000000
120810166,71,1.0000000000
120810167,70,1.0000000000
120810168,70,0.9176470588
120810168,71,0.0823529412
120810169,70,1.0000000000
120810170,71,1.0000000000
120810171,71,1.0000000000
120810172,71,1.0000000000
120810173,71,1.0000000000
120810174,71,1.0000000000
120810175,71,1.0000000000
120810176,71,1.0000000000
120810177,71,1.0000000000
120810178,71,1.0000000000
120810179,71,1.0000000000
120810180,71,1.0000000000
120810181,71,1.0000000000
120810182,71,1.0000000000
120810183,71,1.0000000000
120810184,71,1.0000000000
120810185,70,1.0000000000
120810186,71,1.0000000000
120810187,70,1.0000000000
120810188,71,1.0000000000
120810189,72,1.0000000000
120810190,71,0.8270988441
120810190,72,0.1729011559
120810191,72,1.0000000000
120810192,71,1.0000000000
120810193,72,1.0000000000
120810194,71,0.1260792242
120810194,72,0.8739207758
120810195,72,1.0000000000
120810196,72,1.0000000000
120810197,72,1.0000000000
120810198,72,1.0000000000
120810199,72,1.0000000000
120810200,71,1.0000000000
120810201,71,1.0000000000
120810202,72,1.0000000000
120810203,72,1.0000000000
120810204,72,1.0000000000
120810205,72,1.0000000000
120810206,72,1.0000000000
120810207,72,1.0000000000
120810208,72,1.0000000000
120810209,72,1.0000000000
120810210,70,0.9549774591
120810210,72,0.0450225409
120810211,72,1.0000000000
120810212,71,1.0000000000
120810213,72,1.0000000000
120810214,72,1.0000000000
120810215,72,1.0000000000
120810216,70,1.0000000000
120810217,72,1.0000000000
120810218,72,1.0000000000
120810219,72,1.0000000000
120810220,72,1.0000000000
120810221,72,1.0000000000
120810222,72,1.0000000000
120810223,72,1.0000000000
120810224,72,1.0000000000
120830001,21,0.5307262570
120830001,24,0.4692737430
120830002,21,1.0000000000
120830003,21,1.0000000000
120830004,20,0.0103092784
120830004,24,0.9896907216
120830005,24,1.0000000000
120830006,21,0.0026904737
120830006,24,0.9973095263
120830007,21,0.4264705882
120830007,24,0.5735294118
120830008,21,0.6938775510
120830008,24,0.3061224490
120830009,21,1.0000000000
120830010,21,1.0000000000
120830011,21,1.0000000000
120830012,20,0.1528695297
120830012,21,0.4496124031
120830012,24,0.3975180672
120830013,24,1.0000000000
120830014,24,1.0000000000
120830015,24,1.0000000000
120830016,24,1.0000000000
120830017,24,1.0000000000
120830018,24,1.0000000000
120830019,21,0.0027416167
120830019,24,0.9972583833
120830020,24,1.0000000000
120830021,21,0.7443609023
120830021,24,0.2556390977
120830022,24,1.0000000000
120830023,24,1.0000000000
120830024,24,1.0000000000
120830025,23,1.0000000000
120830026,21,1.0000000000
120830027,21,1.0000000000
120830028,20,1.0000000000
120830029,20,1.0000000000
120830030,20,0.7853881279
120830030,21,0.2146118721
120830031,20,1.0000000000
120830032,20,1.0000000000
120830033,20,0.7190082645
120830033,21,0.2809917355
120830034,20,0.6223404255
120830034,27,0.3776595745
120830035,20,1.0000000000
120830036,20,0.9074426657
120830036,24,0.0144323343
120830036,27,0.0781250000
120830037,20,0.1264367816
120830037,21,0.8735632184
120830038,20,1.0000000000
120830039,20,1.0000000000
120830040,21,1.0000000000
120830041,21,1.0000000000
120830042,21,1.0000000000
120830043,20,0.2857142857
120830043,21,0.7142857143
120830044,21,0.3636363636
120830044,24,0.6363636364
120830045,21,1.0000000000
120830046,21,1.0000000000
120830047,21,1.0000000000
120830048,23,1.0000000000
120830049,23,0.0687022901
120830049,24,0.9312977099
120830050,21,1.0000000000
120830051,21,0.7941176471
120830051,24,0.2058823529
120830052,21,1.0000000000
120830053,27,1.0000000000
120830054,27,1.0000000000
120830055,27,1.0000000000
120830056,27,1.0000000000
120830057,27,1.0000000000
120830058,27,1.0000000000
120830059,27,1.0000000000
120830060,27,1.0000000000
120830061,27,1.0000000000
120830062,24,1.0000000000
120830063,24,0.9444444444
120830063,27,0.0555555556
120830064,24,0.0106951872
120830064,27,0.9893048128
120830065,27,1.0000000000
120830066,27,1.0000000000
120830067,27,1.0000000000
120830068,27,1.0000000000
120830069,24,0.7903276218
120830069,27,0.2096723782
120830070,27,1.0000000000
120830071,27,1.0000000000
120830072,27,1.0000000000
120830073,24,1.0000000000
120830074,27,1.0000000000
120830075,27,1.0000000000
120830076,24,0.0009196641
120830076,27,0.9990803359
120830077,27,1.0000000000
120830078,27,1.0000000000
120830079,27,1.0000000000
120830080,24,1.0000000000
120830081,24,0.0037878523
120830081,27,0.9962121477
120830082,24,1.0000000000
120830083,27,1.0000000000
120830084,27,1.0000000000
120830085,27,1.0000000000
120830086,24,1.0000000000
120830087,24,1.0000000000
120830088,27,1.0000000000
120830089,24,1.0000000000
120830090,27,1.0000000000
120830091,27,1.0000000000
120830092,24,1.0000000000
120830093,27,1.0000000000
120830094,23,0.9823008850
120830094,24,0.0176991150
120830095,24,1.0000000000
120830096,24,1.0000000000
120830097,24,1.0000000000
120830098,24,1.0000000000
120830099,24,1.0000000000
120830100,24,1.0000000000
120830101,24,1.0000000000
120830102,23,1.0000000000
120830103,23,1.0000000000
120830104,24,1.0000000000
120830105,23,0.0317460317
120830105,24,0.9682539683
120830106,23,0.0555555556
120830106,24,0.9444444444
120830107,23,0.0303030303
120830107,24,0.9696969697
120830108,24,1.0000000000
120830109,24,1.0000000000
120830110,24,1.0000000000
120830111,24,1.0000000000
120830112,24,1.0000000000
120830113,24,1.0000000000
120830114,24,1.0000000000
120830115,23,1.0000000000
120830116,23,1.0000000000
120830117,24,1.0000000000
120830118,24,1.0000000000
120830119,24,1.0000000000
120830120,24,1.0000000000
120830121,24,1.0000000000
120830122,24,1.0000000000
120830123,24,1.0000000000
120830124,23,1.0000000000
120830125,24,1.0000000000
120850001,86,1.0000000000
120850002,86,1.0000000000
120850003,86,1.0000000000
120850004,85,0.0842479225
120850004,86,0.9157520775
120850005,86,1.0000000000
120850006,85,1.0000000000
120850007,86,1.0000000000
120850008,86,1.0000000000
120850009,86,1.0000000000
120850010,86,1.0000000000
120850011,86,1.0000000000
120850012,86,1.0000000000
120850013,85,0.8938741357
120850013,86,0.1061258643
120850014,86,1.0000000000
120850015,86,1.0000000000
120850016,86,1.0000000000
120850017,85,0.0000838842
120850017,86,0.9999161158
120850018,86,1.0000000000
120850019,86,1.0000000000
120850020,86,1.0000000000
120850021,86,1.0000000000
120850022,86,1.0000000000
120850023,86,1.0000000000
120850024,86,1.0000000000
120850025,85,1.0000000000
120850026,86,1.0000000000
120850027,85,0.9285714286
120850027,86,0.0714285714
120850028,86,1.0000000000
120850029,86,1.0000000000
120850030,85,0.9677419355
120850030,86,0.0322580645
120850031,86,1.0000000000
120850032,86,1.0000000000
120850033,86,1.0000000000
120850034,86,1.0000000000
120850035,86,1.0000000000
120850036,86,1.0000000000
120850037,85,0.3142857143
120850037,86,0.6857142857
120850038,86,1.0000000000
120850039,86,1.0000000000
120850040,86,1.0000000000
120850041,86,1.0000000000
120850042,86,1.0000000000
120850043,86,1.0000000000
120850044,85,0.9813068777
120850044,86,0.0186931223
120850045,86,1.0000000000
120850046,86,1.0000000000
120850047,86,1.0000000000
120850048,85,1.0000000000
120850049,85,1.0000000000
120850050,86,1.0000000000
120850051,86,1.0000000000
120850052,86,1.0000000000
120850053,86,1.0000000000
120850054,85,1.0000000000
120850055,85,0.8481012658
120850055,86,0.1518987342
120850056,86,1.0000000000
120850057,86,1.0000000000
120850058,85,0.4939184577
120850058,86,0.5060815423
120850059,86,1.0000000000
120850060,86,1.0000000000
120850061,86,1.0000000000
120850062,86,1.0000000000
120850063,86,1.0000000000
120850064,86,1.0000000000
120850065,86,1.0000000000
120850066,86,1.0000000000
120850067,85,1.0000000000
120850068,85,1.0000000000
120850069,86,1.0000000000
120850070,86,1.0000000000
120850071,86,1.0000000000
120850072,86,1.0000000000
120860001,106,1.0000000000
120860002,106,1.0000000000
120860003,106,1.0000000000
120860004,106,1.0000000000
120860005,106,1.0000000000
120860006,106,1.0000000000
120860007,106,1.0000000000
120860008,106,1.0000000000
120860010,106,1.0000000000
120860011,106,1.0000000000
120860012,106,1.0000000000
120860013,106,1.0000000000
120860014,106,1.0000000000
120860015,106,1.0000000000
120860016,106,1.0000000000
120860017,106,1.0000000000
120860018,106,1.0000000000
120860019,106,1.0000000000
120860020,106,1.0000000000
120860021,106,1.0000000000
120860022,106,1.0000000000
120860023,106,1.0000000000
120860024,106,1.0000000000
120860025,106,1.0000000000
120860026,106,1.0000000000
120860027,106,1.0000000000
120860028,106,1.0000000000
120860029,106,1.0000000000
120860030,106,1.0000000000
120860031,106,1.0000000000
120860032,106,1.0000000000
120860033,106,1.0000000000
120860034,106,1.0000000000
120860035,106,1.0000000000
120860036,106,1.0000000000
120860037,106,1.0000000000
120860038,106,1.0000000000
120860039,106,1.0000000000
120860040,106,1.0000000000
120860041,106,1.0000000000
120860042,106,1.0000000000
120860043,106,1.0000000000
120860044,106,1.0000000000
120860045,106,1.0000000000
120860046,106,1.0000000000
120860047,106,1.0000000000
120860048,106,1.0000000000
120860049,106,1.0000000000
120860050,106,1.0000000000
120860051,106,1.0000000000
120860052,106,0.9583333333
120860052,113,0.0416666667
120860053,106,0.9444444444
120860053,113,0.0555555556
120860054,106,1.0000000000
120860055,113,1.0000000000
120860056,113,1.0000000000
120860057,113,1.0000000000
120860058,113,1.0000000000
120860059,113,1.0000000000
120860060,106,1.0000000000
120860061,106,0.0136812822
120860061,107,0.9863187178
120860062,106,1.0000000000
120860063,106,1.0000000000
120860064,106,1.0000000000
120860065,106,1.0000000000
120860066,106,1.0000000000
120860067,106,1.0000000000
120860068,106,1.0000000000
120860069,106,1.0000000000
120860070,106,1.0000000000
120860071,106,1.0000000000
120860072,106,1.0000000000
120860073,106,1.0000000000
120860074,106,1.0000000000
120860075,106,1.0000000000
120860076,106,1.0000000000
120860077,106,1.0000000000
120860078,106,1.0000000000
120860079,106,1.0000000000
120860080,106,1.0000000000
120860081,107,1.0000000000
120860082,107,1.0000000000
120860083,107,1.0000000000
120860084,107,1.0000000000
120860085,107,1.0000000000
120860086,107,1.0000000000
120860087,107,1.0000000000
120860088,107,1.0000000000
120860089,107,1.0000000000
120860090,107,1.0000000000
120860091,107,1.0000000000
120860092,107,1.0000000000
120860093,107,1.0000000000
120860094,107,1.0000000000
120860095,107,1.0000000000
120860096,107,1.0000000000
120860097,106,1.0000000000
120860098,106,1.0000000000
120860099,106,1.0000000000
120860100,106,1.0000000000
120860101,106,1.0000000000
120860102,106,1.0000000000
120860103,106,1.0000000000
120860104,106,1.0000000000
120860105,106,1.0000000000
120860106,106,1.0000000000
120860107,107,1.0000000000
120860108,106,1.0000000000
120860109,106,1.0000000000
120860110,106,1.0000000000
120860111,106,1.0000000000
120860112,106,1.0000000000
120860113,106,1.0000000000
120860114,106,1.0000000000
120860115,106,1.0000000000
120860116,106,1.0000000000
120860117,106,1.0000000000
120860118,106,1.0000000000
120860119,106,1.0000000000
120860120,106,1.0000000000
120860121,106,1.0000000000
120860122,106,1.0000000000
120860123,107,1.0000000000
120860124,107,1.0000000000
120860125,107,1.0000000000
120860126,107,1.0000000000
120860127,107,1.0000000000
120860128,107,1.0000000000
120860129,107,1.0000000000
120860130,107,1.0000000000
120860131,107,1.0000000000
120860132,106,0.0002675597
120860132,107,0.9997324403
120860133,106,0.0136318875
120860133,107,0.9863681125
120860134,107,1.0000000000
120860135,106,0.0002511948
120860135,107,0.9997488052
120860136,107,1.0000000000
120860137,107,1.0000000000
120860138,107,0.7659574468
120860138,108,0.2340425532
120860139,107,1.0000000000
120860140,107,0.5571428571
120860140,108,0.4428571429
120860141,107,0.2500000000
120860141,108,0.7500000000
120860142,108,1.0000000000
120860143,107,0.1111111111
120860143,108,0.8888888889
120860144,108,1.0000000000
120860145,107,1.0000000000
120860146,108,1.0000000000
120860147,108,1.0000000000
120860148,108,1.0000000000
120860149,108,1.0000000000
120860150,108,1.0000000000
120860151,108,1.0000000000
120860152,108,1.0000000000
120860153,107,0.2162162162
120860153,108,0.7837837838
120860154,108,1.0000000000
120860155,107,0.2926829268
120860155,108,0.7073170732
120860156,108,1.0000000000
120860157,108,1.0000000000
120860158,108,1.0000000000
120860159,107,1.0000000000
120860160,106,0.7965330321
120860160,107,0.2034669679
120860161,106,1.0000000000
120860162,106,1.0000000000
120860163,106,1.0000000000
120860164,106,1.0000000000
120860165,106,0.0004853098
120860165,108,0.9995146902
120860166,108,1.0000000000
120860167,108,1.0000000000
120860168,108,1.0000000000
120860169,108,1.0000000000
120860170,108,1.0000000000
120860171,108,1.0000000000
120860172,108,1.0000000000
120860173,108,1.0000000000
120860174,108,1.0000000000
120860175,108,1.0000000000
120860176,120,1.0000000000
120860177,120,1.0000000000
120860178,120,1.0000000000
120860179,108,1.0000000000
120860180,108,1.0000000000
120860181,108,1.0000000000
120860182,108,1.0000000000
120860183,108,1.0000000000
120860184,108,1.0000000000
120860185,108,1.0000000000
120860186,108,1.0000000000
120860187,108,1.0000000000
120860188,108,1.0000000000
120860189,108,1.0000000000
120860190,108,1.0000000000
120860191,108,1.0000000000
120860192,108,1.0000000000
120860193,108,1.0000000000
120860194,108,1.0000000000
120860195,108,1.0000000000
120860196,108,1.0000000000
120860197,108,1.0000000000
120860198,108,1.0000000000
120860199,108,1.0000000000
120860200,108,1.0000000000
120860201,108,1.0000000000
120860202,109,1.0000000000
120860203,107,1.0000000000
120860204,108,1.0000000000
120860205,108,1.0000000000
120860206,108,1.0000000000
120860207,108,1.0000000000
120860208,108,1.0000000000
120860209,108,1.0000000000
120860210,108,1.0000000000
120860211,108,1.0000000000
120860212,108,1.0000000000
120860213,108,1.0000000000
120860214,108,1.0000000000
120860215,108,1.0000000000
120860216,108,1.0000000000
120860217,108,1.0000000000
120860218,108,1.0000000000
120860219,108,1.0000000000
120860220,108,1.0000000000
120860221,106,1.0000000000
120860222,106,1.0000000000
120860223,106,1.0000000000
120860224,106,1.0000000000
120860225,106,1.0000000000
120860226,108,1.0000000000
120860227,106,1.0000000000
120860228,108,1.0000000000
120860229,108,1.0000000000
120860230,108,1.0000000000
120860231,104,0.8219178082
120860231,110,0.1780821918
120860232,110,1.0000000000
120860233,104,1.0000000000
120860234,104,1.0000000000
120860235,104,1.0000000000
120860236,104,1.0000000000
120860237,104,1.0000000000
120860238,104,1.0000000000
120860239,104,1.0000000000
120860240,104,1.0000000000
120860241,104,0.9696969697
120860241,105,0.0303030303
120860242,104,1.0000000000
120860243,104,1.0000000000
120860244,104,1.0000000000
120860245,104,1.0000000000
120860246,104,1.0000000000
120860247,104,1.0000000000
120860248,107,1.0000000000
120860249,107,1.0000000000
120860250,107,1.0000000000
120860251,107,1.0000000000
120860252,107,1.0000000000
120860253,107,1.0000000000
120860254,107,1.0000000000
120860255,107,1.0000000000
120860256,107,1.0000000000
120860257,107,1.0000000000
120860258,107,1.0000000000
120860259,107,1.0000000000
120860260,107,1.0000000000
120860261,107,1.0000000000
120860262,107,1.0000000000
120860263,107,1.0000000000
120860264,107,1.0000000000
120860265,105,0.0277777778
120860265,107,0.9722222222
120860266,107,1.0000000000
120860267,107,1.0000000000
120860268,107,1.0000000000
120860269,107,1.0000000000
120860270,107,1.0000000000
120860271,107,1.0000000000
120860272,107,1.0000000000
120860273,104,0.1521739130
120860273,107,0.8478260870
120860274,104,0.3703703704
120860274,107,0.6296296296
120860275,107,1.0000000000
120860276,107,1.0000000000
120860277,107,1.0000000000
120860278,107,1.0000000000
120860279,107,1.0000000000
120860280,104,1.0000000000
120860281,104,0.1142857143
120860281,107,0.8857142857
120860282,107,1.0000000000
120860283,107,1.0000000000
120860284,107,1.0000000000
120860285,104,1.0000000000
120860286,104,0.7111111111
120860286,107,0.2888888889
120860287,110,1.0000000000
120860288,110,1.0000000000
120860289,110,1.0000000000
120860290,110,1.0000000000
120860291,107,1.0000000000
120860292,107,1.0000000000
120860293,109,1.0000000000
120860294,109,1.0000000000
120860295,109,1.0000000000
120860296,109,1.0000000000
120860297,108,1.0000000000
120860298,107,0.1718975917
120860298,108,0.8280527761
120860298,109,0.0000496322
120860299,108,1.0000000000
120860300,108,0.0153846154
120860300,109,0.9846153846
120860301,109,1.0000000000
120860302,109,1.0000000000
120860303,109,1.0000000000
120860304,108,1.0000000000
120860305,108,1.0000000000
120860306,108,1.0000000000
120860307,108,0.9545454545
120860307,109,0.0454545455
120860308,108,1.0000000000
120860309,109,1.0000000000
120860310,109,1.0000000000
120860311,109,1.0000000000
120860312,109,1.0000000000
120860313,109,1.0000000000
120860314,109,1.0000000000
120860315,109,1.0000000000
120860316,109,1.0000000000
120860317,108,0.4193548387
120860317,109,0.5806451613
120860318,108,0.0381865453
120860318,109,0.9618134547
120860319,108,1.0000000000
120860320,108,1.0000000000
120860321,108,0.2187500000
120860321,109,0.7812500000
120860322,109,1.0000000000
120860323,109,1.0000000000
120860324,109,1.0000000000
120860325,105,0.0303030303
120860325,107,0.9696969697
120860326,107,1.0000000000
120860327,107,1.0000000000
120860328,109,1.0000000000
120860329,109,1.0000000000
120860330,109,1.0000000000
120860331,109,1.0000000000
120860332,109,1.0000000000
120860333,109,1.0000000000
120860334,109,1.0000000000
120860335,109,1.0000000000
120860336,109,1.0000000000
120860337,109,1.0000000000
120860338,109,1.0000000000
120860339,109,1.0000000000
120860340,109,1.0000000000
120860341,109,1.0000000000
120860342,109,1.0000000000
120860343,109,1.0000000000
120860344,109,1.0000000000
120860345,104,1.0000000000
120860346,109,1.0000000000
120860347,107,1.0000000000
120860348,104,1.0000000000
120860349,104,1.0000000000
120860350,109,1.0000000000
120860351,110,1.0000000000
120860352,104,1.0000000000
120860353,107,1.0000000000
120860354,110,1.0000000000
120860355,107,1.0000000000
120860356,109,1.0000000000
120860357,109,1.0000000000
120860358,109,1.0000000000
120860360,109,1.0000000000
120860361,109,0.4285714286
120860361,112,0.5714285714
120860362,109,1.0000000000
120860363,112,1.0000000000
120860364,109,1.0000000000
120860365,109,1.0000000000
120860366,109,0.3653846154
120860366,112,0.6346153846
120860367,109,1.0000000000
120860368,109,1.0000000000
120860369,109,0.6666666667
120860369,112,0.3333333333
120860370,109,1.0000000000
120860371,109,1.0000000000
120860372,109,1.0000000000
120860373,109,1.0000000000
120860374,112,1.0000000000
120860375,104,1.0000000000
120860376,104,0.9411764706
120860376,110,0.0588235294
120860377,104,1.0000000000
120860378,104,1.0000000000
120860379,107,1.0000000000
120860380,107,1.0000000000
120860381,109,1.0000000000
120860382,109,1.0000000000
120860383,110,1.0000000000
120860384,110,1.0000000000
120860385,110,1.0000000000
120860386,110,1.0000000000
120860387,110,1.0000000000
120860388,110,1.0000000000
120860389,110,1.0000000000
120860390,110,1.0000000000
120860391,110,1.0000000000
120860392,110,1.0000000000
120860393,110,1.0000000000
120860394,110,1.0000000000
120860395,110,1.0000000000
120860396,110,1.0000000000
120860397,110,1.0000000000
120860398,110,1.0000000000
120860399,110,1.0000000000
120860400,110,1.0000000000
120860401,110,1.0000000000
120860402,110,1.0000000000
120860403,110,1.0000000000
120860404,110,0.0196078431
120860404,111,0.9803921569
120860405,111,1.0000000000
120860406,111,1.0000000000
120860407,111,1.0000000000
120860408,111,1.0000000000
120860409,111,1.0000000000
120860410,111,1.0000000000
120860411,111,1.0000000000
120860412,110,1.0000000000
120860413,110,1.0000000000
120860414,110,1.0000000000
120860415,110,1.0000000000
120860416,110,1.0000000000
120860417,110,1.0000000000
120860418,110,1.0000000000
120860419,110,1.0000000000
120860420,109,1.0000000000
120860421,109,1.0000000000
120860422,110,1.0000000000
120860423,110,1.0000000000
120860424,110,1.0000000000
120860425,110,1.0000000000
120860426,110,0.9148936170
120860426,112,0.0851063830
120860427,110,0.9780846198
120860427,112,0.0219153802
120860428,110,1.0000000000
120860429,110,1.0000000000
120860430,110,1.0000000000
120860431,110,1.0000000000
120860432,110,1.0000000000
120860433,110,1.0000000000
120860434,110,1.0000000000
120860435,110,1.0000000000
120860436,110,1.0000000000
120860437,110,1.0000000000
120860438,110,1.0000000000
120860439,111,1.0000000000
120860440,111,1.0000000000
120860441,111,1.0000000000
120860442,111,1.0000000000
120860443,112,1.0000000000
120860444,112,1.0000000000
120860445,112,1.0000000000
120860446,112,1.0000000000
120860447,112,1.0000000000
120860448,112,1.0000000000
120860449,110,0.0333333333
120860449,112,0.9666666667
120860450,112,1.0000000000
120860451,111,1.0000000000
120860452,111,1.0000000000
120860453,112,1.0000000000
120860454,109,0.0234588107
120860454,112,0.9765411893
120860455,112,1.0000000000
120860456,112,1.0000000000
120860457,112,1.0000000000
120860458,112,1.0000000000
120860459,112,1.0000000000
120860460,112,1.0000000000
120860461,112,1.0000000000
120860462,112,1.0000000000
120860463,112,1.0000000000
120860464,111,0.1111111111
120860464,112,0.8888888889
120860465,111,0.0769230769
120860465,112,0.9230769231
120860466,112,1.0000000000
120860467,110,1.0000000000
120860468,109,1.0000000000
120860469,109,0.1250000000
120860469,110,0.8750000000
120860470,110,1.0000000000
120860471,111,0.0114942529
120860471,112,0.9885057471
120860472,112,1.0000000000
120860473,112,1.0000000000
120860474,112,1.0000000000
120860475,109,0.0096265139
120860475,112,0.9903734861
120860476,112,1.0000000000
120860477,112,1.0000000000
120860478,112,1.0000000000
120860479,112,1.0000000000
120860480,112,1.0000000000
120860481,112,1.0000000000
120860482,112,0.8308354050
120860482,114,0.1691645950
120860483,112,1.0000000000
120860484,112,1.0000000000
120860485,112,1.0000000000
120860486,112,1.0000000000
120860487,112,1.0000000000
120860488,112,1.0000000000
120860489,112,1.0000000000
120860490,112,1.0000000000
120860491,112,1.0000000000
120860492,112,1.0000000000
120860493,112,1.0000000000
120860494,112,1.0000000000
120860495,112,1.0000000000
120860496,112,1.0000000000
120860497,111,1.0000000000
120860498,111,1.0000000000
120860499,111,1.0000000000
120860500,111,1.0000000000
120860501,111,1.0000000000
120860502,111,1.0000000000
120860503,110,1.0000000000
120860504,110,1.0000000000
120860505,110,1.0000000000
120860506,110,1.0000000000
120860507,110,1.0000000000
120860508,110,1.0000000000
120860509,110,1.0000000000
120860510,111,1.0000000000
120860511,110,1.0000000000
120860512,110,1.0000000000
120860513,110,1.0000000000
120860514,111,1.0000000000
120860515,111,1.0000000000
120860516,110,1.0000000000
120860517,110,1.0000000000
120860518,110,0.0559275618
120860518,111,0.9440724382
120860519,111,1.0000000000
120860520,111,1.0000000000
120860521,111,1.0000000000
120860522,111,1.0000000000
120860523,111,1.0000000000
120860524,111,1.0000000000
120860525,111,1.0000000000
120860526,111,0.0344827586
120860526,112,0.9655172414
120860527,112,1.0000000000
120860528,112,1.0000000000
120860529,111,1.0000000000
120860530,111,1.0000000000
120860531,111,1.0000000000
120860532,110,1.0000000000
120860533,110,1.0000000000
120860534,110,1.0000000000
120860535,110,1.0000000000
120860536,110,1.0000000000
120860537,111,1.0000000000
120860538,111,1.0000000000
120860539,111,1.0000000000
120860540,111,1.0000000000
120860541,111,1.0000000000
120860542,111,1.0000000000
120860543,111,1.0000000000
120860544,111,1.0000000000
120860545,111,1.0000000000
120860546,111,1.0000000000
120860547,111,1.0000000000
120860548,111,1.0000000000
120860549,111,1.0000000000
120860550,111,1.0000000000
120860551,111,1.0000000000
120860552,111,1.0000000000
120860553,111,1.0000000000
120860554,111,1.0000000000
120860555,111,1.0000000000
120860556,111,1.0000000000
120860557,111,1.0000000000
120860558,111,1.0000000000
120860559,111,0.7942758170
120860559,120,0.2057241830
120860560,111,1.0000000000
120860561,111,1.0000000000
120860562,111,1.0000000000
120860563,110,1.0000000000
120860564,110,1.0000000000
120860565,110,1.0000000000
120860566,110,1.0000000000
120860567,110,1.0000000000
120860568,110,1.0000000000
120860569,110,1.0000000000
120860570,110,1.0000000000
120860571,110,0.0270270270
120860571,111,0.9729729730
120860572,111,1.0000000000
120860573,111,1.0000000000
120860574,111,1.0000000000
120860575,111,1.0000000000
120860576,112,1.0000000000
120860577,112,1.0000000000
120860578,112,1.0000000000
120860579,112,1.0000000000
120860580,112,1.0000000000
120860581,112,1.0000000000
120860582,112,1.0000000000
120860583,112,1.0000000000
120860584,112,1.0000000000
120860585,112,1.0000000000
120860586,110,1.0000000000
120860587,112,1.0000000000
120860588,111,1.0000000000
120860589,111,1.0000000000
120860590,111,1.0000000000
120860591,111,1.0000000000
120860592,111,1.0000000000
120860593,111,1.0000000000
120860594,111,1.0000000000
120860595,111,1.0000000000
120860596,110,0.9750000000
120860596,111,0.0250000000
120860597,110,0.8906622629
120860597,111,0.1093377371
120860598,110,1.0000000000
120860599,110,1.0000000000
120860600,110,0.9666666667
120860600,111,0.0333333333
120860601,111,0.9839481858
120860601,116,0.0160518142
120860602,111,1.0000000000
120860603,111,1.0000000000
120860604,111,1.0000000000
120860605,118,1.0000000000
120860606,118,0.6333333333
120860606,119,0.3666666667
120860607,114,1.0000000000
120860608,114,1.0000000000
120860609,114,1.0000000000
120860610,114,1.0000000000
120860611,114,1.0000000000
120860612,116,1.0000000000
120860613,116,1.0000000000
120860614,116,1.0000000000
120860615,114,0.9827586207
120860615,116,0.0172413793
120860616,116,1.0000000000
120860617,116,1.0000000000
120860618,116,1.0000000000
120860619,116,1.0000000000
120860620,116,1.0000000000
120860621,116,1.0000000000
120860622,116,1.0000000000
120860623,116,1.0000000000
120860624,111,0.4375000000
120860624,116,0.5625000000
120860625,116,1.0000000000
120860626,116,1.0000000000
120860627,116,1.0000000000
120860628,116,1.0000000000
120860629,116,1.0000000000
120860630,116,1.0000000000
120860631,116,1.0000000000
120860632,111,0.0094353262
120860632,116,0.9905646738
120860633,116,1.0000000000
120860634,116,1.0000000000
120860635,116,1.0000000000
120860636,116,1.0000000000
120860637,111,1.0000000000
120860638,111,1.0000000000
120860639,111,1.0000000000
120860640,111,0.9782608696
120860640,118,0.0217391304
120860641,118,1.0000000000
120860642,118,1.0000000000
120860643,118,1.0000000000
120860644,118,1.0000000000
120860645,118,1.0000000000
120860646,118,1.0000000000
120860647,118,1.0000000000
120860648,118,1.0000000000
120860649,111,1.0000000000
120860650,111,1.0000000000
120860651,111,1.0000000000
120860652,111,1.0000000000
120860653,118,1.0000000000
120860654,116,1.0000000000
120860655,116,1.0000000000
120860656,116,1.0000000000
120860657,116,1.0000000000
120860658,116,1.0000000000
120860659,116,1.0000000000
120860660,116,1.0000000000
120860661,116,1.0000000000
120860662,116,1.0000000000
120860663,115,1.0000000000
120860664,116,1.0000000000
120860665,115,1.0000000000
120860666,115,1.0000000000
120860667,114,0.2753623188
120860667,115,0.7246376812
120860668,115,1.0000000000
120860669,115,1.0000000000
120860670,114,1.0000000000
120860671,114,1.0000000000
120860672,114,1.0000000000
120860673,114,1.0000000000
120860674,114,1.0000000000
120860675,114,0.5714285714
120860675,115,0.4285714286
120860676,114,0.7407407407
120860676,115,0.2592592593
120860677,115,1.0000000000
120860678,115,1.0000000000
120860679,115,1.0000000000
120860680,115,1.0000000000
120860681,116,1.0000000000
120860682,116,1.0000000000
120860683,116,1.0000000000
120860684,116,1.0000000000
120860685,116,1.0000000000
120860686,116,1.0000000000
120860687,118,1.0000000000
120860688,116,0.0370370370
120860688,118,0.9629629630
120860689,118,1.0000000000
120860690,118,1.0000000000
120860691,112,0.0662457611
120860691,114,0.9337542389
120860692,114,1.0000000000
120860693,114,1.0000000000
120860694,111,0.1594202899
120860694,114,0.8405797101
120860695,111,1.0000000000
120860696,111,1.0000000000
120860697,111,1.0000000000
120860698,116,1.0000000000
120860699,116,1.0000000000
120860700,116,1.0000000000
120860701,111,0.4880784605
120860701,112,0.5119215395
120860702,111,0.0447230587
120860702,116,0.9552769413
120860703,111,0.1147540984
120860703,112,0.8852459016
120860704,111,0.0416666667
120860704,112,0.9583333333
120860705,111,0.3157894737
120860705,116,0.6842105263
120860706,116,1.0000000000
120860707,116,1.0000000000
120860708,116,1.0000000000
120860709,116,1.0000000000
120860710,116,1.0000000000
120860711,116,1.0000000000
120860712,118,1.0000000000
120860713,111,1.0000000000
120860714,111,1.0000000000
120860715,118,1.0000000000
120860716,118,1.0000000000
120860717,111,1.0000000000
120860718,111,1.0000000000
120860719,111,1.0000000000
120860720,111,1.0000000000
120860721,111,1.0000000000
120860722,111,1.0000000000
120860723,111,0.6857142857
120860723,120,0.3142857143
120860724,111,0.9981164046
120860724,116,0.0018835954
120860725,111,1.0000000000
120860726,111,1.0000000000
120860727,120,1.0000000000
120860728,120,1.0000000000
120860729,120,1.0000000000
120860730,116,1.0000000000
120860731,116,1.0000000000
120860732,111,0.8571428571
120860732,116,0.1428571429
120860733,118,1.0000000000
120860734,118,1.0000000000
120860735,116,1.0000000000
120860736,119,1.0000000000
120860737,120,1.0000000000
120860738,119,1.0000000000
120860739,119,1.0000000000
120860740,119,1.0000000000
120860741,111,1.0000000000
120860742,111,1.0000000000
120860743,111,1.0000000000
120860744,111,1.0000000000
120860745,111,1.0000000000
120860746,111,1.0000000000
120860747,111,1.0000000000
120860748,111,1.0000000000
120860749,111,1.0000000000
120860750,111,1.0000000000
120860751,111,1.0000000000
120860752,111,1.0000000000
120860753,111,1.0000000000
120860754,111,1.0000000000
120860755,111,1.0000000000
120860756,111,1.0000000000
120860757,111,1.0000000000
120860758,111,1.0000000000
120860759,111,1.0000000000
120860760,111,1.0000000000
120860761,111,1.0000000000
120860762,111,1.0000000000
120860763,111,1.0000000000
120860764,108,1.0000000000
120860765,108,1.0000000000
120860766,108,1.0000000000
120860767,113,1.0000000000
120860768,113,1.0000000000
120860769,108,1.0000000000
120860770,108,1.0000000000
120860771,108,1.0000000000
120860772,108,1.0000000000
120860773,108,1.0000000000
120860774,108,1.0000000000
120860775,108,1.0000000000
120860776,108,0.3617021277
120860776,109,0.6382978723
120860777,109,1.0000000000
120860778,109,1.0000000000
120860779,109,1.0000000000
120860780,112,1.0000000000
120860781,112,1.0000000000
120860782,112,1.0000000000
120860783,112,1.0000000000
120860784,109,1.0000000000
120860785,109,1.0000000000
120860786,108,0.1612903226
120860786,109,0.8387096774
120860787,108,1.0000000000
120860788,108,1.0000000000
120860789,108,1.0000000000
120860790,108,1.0000000000
120860791,108,1.0000000000
120860792,108,1.0000000000
120860793,108,1.0000000000
120860794,108,1.0000000000
120860795,108,1.0000000000
120860796,109,1.0000000000
120860797,108,0.1694915254
120860797,109,0.8305084746
120860798,108,0.1718750000
120860798,109,0.8281250000
120860799,108,0.1190476190
120860799,109,0.8809523810
120860800,113,1.0000000000
120860801,109,1.0000000000
120860802,109,0.9090909091
120860802,112,0.0909090909
120860803,109,1.0000000000
120860804,109,1.0000000000
120860805,108,0.0485436893
120860805,109,0.9514563107
120860806,109,1.0000000000
120860807,109,1.0000000000
120860808,109,1.0000000000
120860809,109,1.0000000000
120860810,109,1.0000000000
120860811,109,1.0000000000
120860812,109,1.0000000000
120860813,114,1.0000000000
120860814,114,1.0000000000
120860815,109,1.0000000000
120860816,109,1.0000000000
120860817,109,1.0000000000
120860818,109,1.0000000000
120860819,109,1.0000000000
120860820,109,0.7692307692
120860820,113,0.2307692308
120860821,108,0.9824561403
120860821,109,0.0175438597
120860822,108,1.0000000000
120860823,108,0.4000000000
120860823,109,0.6000000000
120860824,109,1.0000000000
120860825,109,1.0000000000
120860826,108,1.0000000000
120860827,108,0.4883720930
120860827,109,0.0465116279
120860827,113,0.4651162791
120860828,109,1.0000000000
120860829,109,0.3181818182
120860829,113,0.6818181818
120860830,113,1.0000000000
120860831,109,0.5156250000
120860831,113,0.4843750000
120860832,109,1.0000000000
120860833,113,1.0000000000
120860834,113,1.0000000000
120860835,113,1.0000000000
120860836,109,0.0526315789
120860836,112,0.9473684211
120860837,112,1.0000000000
120860838,109,0.0500000000
120860838,112,0.9500000000
120860839,113,1.0000000000
120860840,113,1.0000000000
120860841,112,1.0000000000
120860842,112,0.9000000000
120860842,113,0.1000000000
120860843,112,1.0000000000
120860844,112,1.0000000000
120860845,112,1.0000000000
120860846,112,1.0000000000
120860847,112,0.5142857143
120860847,114,0.4857142857
120860848,114,1.0000000000
120860849,114,1.0000000000
120860850,114,1.0000000000
120860851,114,1.0000000000
120860852,112,1.0000000000
120860853,114,1.0000000000
120860854,114,1.0000000000
120860855,114,1.0000000000
120860856,112,0.7234042553
120860856,114,0.2765957447
120860857,112,0.3333333333
120860857,114,0.6666666667
120860858,113,0.5000000000
120860858,114,0.5000000000
120860859,113,0.5000000000
120860859,114,0.5000000000
120860860,112,1.0000000000
120860861,112,0.1904761905
120860861,113,0.8095238095
120860862,113,1.0000000000
120860863,113,1.0000000000
120860864,113,1.0000000000
120860865,113,1.0000000000
120860866,113,1.0000000000
120860868,113,1.0000000000
120860869,113,1.0000000000
120860870,113,1.0000000000
120860871,113,1.0000000000
120860872,113,1.0000000000
120860873,113,1.0000000000
120860874,113,1.0000000000
120860875,113,1.0000000000
120860876,113,1.0000000000
120860877,113,1.0000000000
120860878,113,1.0000000000
120860879,113,1.0000000000
120860880,114,1.0000000000
120860881,113,0.7169811321
120860881,114,0.2830188679
120860882,113,1.0000000000
120860883,108,0.9130434783
120860883,109,0.0869565217
120860884,113,1.0000000000
120860885,113,1.0000000000
120860886,113,1.0000000000
120860887,113,1.0000000000
120860888,113,0.6666666667
120860888,114,0.3333333333
120860889,113,1.0000000000
120860890,113,1.0000000000
120860891,113,1.0000000000
120860892,113,1.0000000000
120860893,113,0.5263157895
120860893,114,0.4736842105
120860894,114,1.0000000000
120860895,114,1.0000000000
120860896,114,1.0000000000
120860897,114,1.0000000000
120860898,114,1.0000000000
120860899,114,1.0000000000
120860900,114,1.0000000000
120860901,114,1.0000000000
120860902,114,1.0000000000
120860903,114,1.0000000000
120860904,114,1.0000000000
120860905,114,1.0000000000
120860906,114,1.0000000000
120860907,114,1.0000000000
120860908,114,1.0000000000
120860909,109,0.4090909091
120860909,112,0.5909090909
120860910,109,1.0000000000
120860911,109,1.0000000000
120860912,108,1.0000000000
120860913,108,1.0000000000
120860914,108,1.0000000000
120860915,109,1.0000000000
120860916,108,1.0000000000
120860917,112,1.0000000000
120860918,113,1.0000000000
120860919,108,1.0000000000
120860920,109,1.0000000000
120860921,109,1.0000000000
120860922,108,1.0000000000
120860923,114,1.0000000000
120860924,114,1.0000000000
120860925,114,1.0000000000
120860926,114,1.0000000000
120860927,114,1.0000000000
120860928,114,1.0000000000
120860929,114,1.0000000000
120860930,114,1.0000000000
120860931,114,1.0000000000
120860932,114,1.0000000000
120860933,114,1.0000000000
120860934,114,1.0000000000
120860935,114,1.0000000000
120860936,114,1.0000000000
120860937,114,1.0000000000
120860938,114,1.0000000000
120860939,114,1.0000000000
120860940,114,1.0000000000
120860941,114,1.0000000000
120860942,114,1.0000000000
120860943,114,1.0000000000
120860944,114,1.0000000000
120860945,114,0.0285714286
120860945,115,0.9714285714
120860946,113,0.0114942529
120860946,114,0.9885057471
120860947,114,1.0000000000
120860948,114,1.0000000000
120860949,114,1.0000000000
120860950,114,1.0000000000
120860951,114,1.0000000000
120860952,114,1.0000000000
120860953,114,1.0000000000
120860954,114,1.0000000000
120860955,114,1.0000000000
120860956,114,1.0000000000
120860957,114,1.0000000000
120860958,114,1.0000000000
120860959,114,1.0000000000
120860960,114,1.0000000000
120860961,114,1.0000000000
120860962,114,1.0000000000
120860963,114,1.0000000000
120860964,114,1.0000000000
120860965,114,1.0000000000
120860966,115,1.0000000000
120860967,115,1.0000000000
120860968,115,1.0000000000
120860969,115,1.0000000000
120860970,115,1.0000000000
120860971,114,0.8333333333
120860971,115,0.1666666667
120860972,115,1.0000000000
120860973,115,1.0000000000
120860974,115,1.0000000000
120860975,115,1.0000000000
120860976,114,0.0001359537
120860976,115,0.9998640463
120860977,115,1.0000000000
120860978,115,1.0000000000
120860979,115,1.0000000000
120860980,114,1.0000000000
120860981,114,1.0000000000
120860982,114,1.0000000000
120860983,114,1.0000000000
120860985,114,1.0000000000
120860986,114,1.0000000000
120860987,114,1.0000000000
120860988,114,1.0000000000
120860989,114,1.0000000000
120860990,114,1.0000000000
120860991,114,1.0000000000
120860992,114,1.0000000000
120860993,114,0.8800000000
120860993,115,0.1200000000
120860994,114,1.0000000000
120860995,114,0.9982946036
120860995,115,0.0017053964
120860996,114,0.5000000000
120860996,115,0.5000000000
120860997,114,1.0000000000
120860998,115,1.0000000000
120860999,115,1.0000000000
120861000,115,1.0000000000
120861001,115,1.0000000000
120861002,115,1.0000000000
120861003,114,1.0000000000
120861004,114,1.0000000000
120861005,114,1.0000000000
120861007,114,1.0000000000
120861008,114,1.0000000000
120861009,114,1.0000000000
120861010,114,1.0000000000
120861011,114,1.0000000000
120861012,114,0.9259259259
120861012,115,0.0740740741
120861013,119,1.0000000000
120861014,119,1.0000000000
120861015,119,1.0000000000
120861016,118,1.0000000000
120861017,118,1.0000000000
120861018,118,1.0000000000
120861019,118,1.0000000000
120861020,118,1.0000000000
120861021,118,1.0000000000
120861022,118,1.0000000000
120861023,118,1.0000000000
120861024,116,0.1666666667
120861024,118,0.8333333333
120861025,116,0.1666666667
120861025,118,0.8333333333
120861026,116,1.0000000000
120861027,116,1.0000000000
120861028,116,1.0000000000
120861029,118,1.0000000000
120861030,116,1.0000000000
120861031,116,1.0000000000
120861032,116,1.0000000000
120861033,116,1.0000000000
120861034,116,1.0000000000
120861035,115,1.0000000000
120861036,115,1.0000000000
120861037,115,1.0000000000
120861038,115,1.0000000000
120861039,116,1.0000000000
120861040,115,1.0000000000
120861041,115,1.0000000000
120861042,115,1.0000000000
120861043,115,0.8974358974
120861043,116,0.1025641026
120861044,115,1.0000000000
120861045,115,1.0000000000
120861046,115,1.0000000000
120861047,115,1.0000000000
120861048,116,1.0000000000
120861049,116,1.0000000000
120861050,116,1.0000000000
120861051,116,1.0000000000
120861052,116,1.0000000000
120861053,116,1.0000000000
120861054,116,1.0000000000
120861055,116,1.0000000000
120861056,116,1.0000000000
120861057,116,1.0000000000
120861058,116,1.0000000000
120861059,116,1.0000000000
120861060,116,1.0000000000
120861061,118,1.0000000000
120861062,118,1.0000000000
120861063,118,1.0000000000
120861064,118,1.0000000000
120861065,118,1.0000000000
120861066,118,1.0000000000
120861067,119,1.0000000000
120861068,118,1.0000000000
120861069,119,1.0000000000
120861070,119,1.0000000000
120861071,119,1.0000000000
120861072,119,1.0000000000
120861073,119,1.0000000000
120861074,119,1.0000000000
120861075,119,1.0000000000
120861076,119,1.0000000000
120861077,119,1.0000000000
120861078,119,1.0000000000
120861079,118,0.1532997944
120861079,119,0.8467002056
120861080,118,1.0000000000
120861081,118,1.0000000000
120861082,118,1.0000000000
120861083,118,1.0000000000
120861084,118,1.0000000000
120861085,118,1.0000000000
120861086,116,1.0000000000
120861087,116,1.0000000000
120861088,116,0.9827764687
120861088,118,0.0172235313
120861089,116,1.0000000000
120861090,116,1.0000000000
120861091,116,1.0000000000
120861092,116,1.0000000000
120861093,116,1.0000000000
120861094,116,1.0000000000
120861095,115,0.9437473201
120861095,116,0.0562526799
120861096,115,0.9382546271
120861096,116,0.0617453729
120861097,115,0.9475299465
120861097,116,0.0524700535
120861098,115,1.0000000000
120861099,115,1.0000000000
120861100,115,1.0000000000
120861101,115,1.0000000000
120861102,115,1.0000000000
120861103,115,1.0000000000
120861104,115,1.0000000000
120861105,115,1.0000000000
120861106,115,1.0000000000
120861107,115,1.0000000000
120861108,115,0.9179663730
120861108,118,0.0820336270
120861109,119,1.0000000000
120861110,119,1.0000000000
120861111,119,1.0000000000
120861112,119,1.0000000000
120861113,119,1.0000000000
120861114,115,1.0000000000
120861115,115,1.0000000000
120861116,119,1.0000000000
120861117,119,1.0000000000
120861118,119,1.0000000000
120861119,119,1.0000000000
120861120,118,1.0000000000
120861121,118,1.0000000000
120861122,119,1.0000000000
120861123,116,1.0000000000
120861124,116,1.0000000000
120861125,116,1.0000000000
120861126,119,1.0000000000
120861127,119,1.0000000000
120861128,119,1.0000000000
120861129,119,1.0000000000
120861130,119,1.0000000000
120861131,119,1.0000000000
120861132,118,0.3529411765
120861132,119,0.6470588235
120861133,118,1.0000000000
120861134,118,1.0000000000
120861135,118,1.0000000000
120861136,115,1.0000000000
120861137,118,1.0000000000
120861138,118,1.0000000000
120861139,118,1.0000000000
120861140,118,1.0000000000
120861141,118,1.0000000000
120861142,119,1.0000000000
120861143,119,1.0000000000
120861144,119,1.0000000000
120861145,119,1.0000000000
120861146,116,1.0000000000
120861147,115,1.0000000000
120861148,115,1.0000000000
120861149,118,1.0000000000
120861150,118,1.0000000000
120861151,118,1.0000000000
120861152,116,1.0000000000
120861153,118,1.0000000000
120861154,118,1.0000000000
120861155,118,1.0000000000
120861156,118,1.0000000000
120861157,116,1.0000000000
120861158,116,1.0000000000
120861159,115,1.0000000000
120861160,118,1.0000000000
120861161,119,1.0000000000
120861162,120,1.0000000000
120861163,119,1.0000000000
120861164,120,1.0000000000
120861165,119,1.0000000000
120861166,118,0.0689655172
120861166,119,0.9310344828
120861167,118,0.1538461538
120861167,119,0.8461538462
120861168,119,1.0000000000
120861169,119,1.0000000000
120861170,119,0.0888888889
120861170,120,0.9111111111
120861171,119,1.0000000000
120861172,119,1.0000000000
120861173,118,0.9827586207
120861173,119,0.0172413793
120861174,118,1.0000000000
120861175,117,0.8053323481
120861175,118,0.1946676519
120861176,117,1.0000000000
120861177,117,1.0000000000
120861178,117,1.0000000000
120861179,115,1.0000000000
120861180,115,1.0000000000
120861181,115,1.0000000000
120861182,115,1.0000000000
120861183,115,1.0000000000
120861184,115,1.0000000000
120861185,115,1.0000000000
120861186,114,0.0833333333
120861186,115,0.8750000000
120861186,120,0.0416666667
120861187,115,1.0000000000
120861188,115,1.0000000000
120861189,115,1.0000000000
120861190,115,1.0000000000
120861191,115,1.0000000000
120861192,117,1.0000000000
120861193,117,1.0000000000
120861194,117,1.0000000000
120861195,117,1.0000000000
120861196,117,0.0072950932
120861196,118,0.9927049068
120861197,117,0.0083611029
120861197,118,0.9916388971
120861198,117,1.0000000000
120861199,117,1.0000000000
120861200,117,1.0000000000
120861201,115,1.0000000000
120861202,115,1.0000000000
120861203,115,1.0000000000
120861204,115,1.0000000000
120861205,115,1.0000000000
120861206,115,1.0000000000
120861207,115,1.0000000000
120861208,115,1.0000000000
120861209,115,1.0000000000
120861210,115,1.0000000000
120861211,115,1.0000000000
120861212,117,1.0000000000
120861213,117,1.0000000000
120861214,115,0.0172413793
120861214,117,0.9827586207
120861215,117,1.0000000000
120861216,117,0.8709677419
120861216,118,0.1290322581
120861217,118,1.0000000000
120861218,118,0.8461538462
120861218,119,0.1538461538
120861219,118,0.3898305085
120861219,119,0.5254237288
120861219,120,0.0847457627
120861220,117,0.6206896552
120861220,118,0.3793103448
120861221,117,0.6382978723
120861221,118,0.3617021277
120861222,115,1.0000000000
120861223,115,1.0000000000
120861224,115,0.3214285714
120861224,117,0.6785714286
120861225,117,1.0000000000
120861226,117,1.0000000000
120861227,118,0.5714285714
120861227,120,0.4285714286
120861228,118,1.0000000000
120861229,120,1.0000000000
120861230,120,1.0000000000
120861231,120,1.0000000000
120861232,120,1.0000000000
120861233,120,1.0000000000
120861234,120,1.0000000000
120861235,120,1.0000000000
120861236,115,1.0000000000
120861237,115,1.0000000000
120861238,115,1.0000000000
120861239,117,0.0092112304
120861239,118,0.9907887696
120861240,115,1.0000000000
120861241,115,1.0000000000
120861242,117,0.0078281197
120861242,118,0.9921718803
120861243,115,0.1489869923
120861243,117,0.8510130077
120861244,115,1.0000000000
120861245,118,1.0000000000
120861246,118,1.0000000000
120861247,115,1.0000000000
120861248,115,0.6892453902
120861248,120,0.3107546098
120861249,115,1.0000000000
120861250,115,1.0000000000
120861251,115,1.0000000000
120861252,119,1.0000000000
120861253,119,1.0000000000
120861254,114,1.0000000000
120861255,117,0.5581395349
120861255,118,0.4418604651
120861256,120,1.0000000000
120861257,120,1.0000000000
120861258,115,1.0000000000
120861259,120,1.0000000000
120861260,120,1.0000000000
120861261,120,1.0000000000
120861262,120,1.0000000000
120861263,120,1.0000000000
120861264,120,1.0000000000
120861265,120,1.0000000000
120861266,120,1.0000000000
120861267,119,0.2625000000
120861267,120,0.7375000000
120861268,117,0.9240506329
120861268,120,0.0759493671
120861269,117,1.0000000000
120861270,117,1.0000000000
120861271,117,1.0000000000
120861272,117,1.0000000000
120861273,117,1.0000000000
120861274,117,1.0000000000
120861275,117,1.0000000000
120861276,120,1.0000000000
120861277,117,1.0000000000
120861278,120,1.0000000000
120861279,120,1.0000000000
120861280,120,1.0000000000
120861281,120,1.0000000000
120861282,120,1.0000000000
120861283,117,1.0000000000
120861284,117,1.0000000000
120861285,117,1.0000000000
120861286,120,1.0000000000
120861287,120,1.0000000000
120861288,120,1.0000000000
120861289,120,1.0000000000
120861290,120,1.0000000000
120861291,117,1.0000000000
120861292,120,1.0000000000
120861293,120,1.0000000000
120861294,120,1.0000000000
120861295,117,0.6086956522
120861295,120,0.3913043478
120861296,117,1.0000000000
120861297,117,1.0000000000
120861298,117,1.0000000000
120861299,117,1.0000000000
120861300,117,1.0000000000
120861301,117,1.0000000000
120861302,117,0.8571428571
120861302,120,0.1428571429
120861303,117,0.6842105263
120861303,120,0.3157894737
120861304,117,1.0000000000
120861305,117,1.0000000000
120861306,117,1.0000000000
120861307,117,1.0000000000
120861308,117,1.0000000000
120861309,120,1.0000000000
120861310,117,0.9696969697
120861310,120,0.0303030303
120861311,117,0.8333333333
120861311,120,0.1666666667
120861312,117,1.0000000000
120861313,117,1.0000000000
120861314,117,1.0000000000
120861315,117,0.7333333333
120861315,120,0.2666666667
120861316,120,1.0000000000
120861317,120,1.0000000000
120861318,120,1.0000000000
120861319,120,1.0000000000
120861320,120,1.0000000000
120861321,120,1.0000000000
120861322,120,1.0000000000
120861323,120,1.0000000000
120861324,120,1.0000000000
120861325,120,1.0000000000
120861326,120,1.0000000000
120861327,120,1.0000000000
120861328,117,1.0000000000
120861329,117,1.0000000000
120861330,117,1.0000000000
120861331,117,0.9285714286
120861331,120,0.0714285714
120861332,120,1.0000000000
120861333,120,1.0000000000
120861334,117,1.0000000000
120861335,117,1.0000000000
120861336,117,1.0000000000
120861337,120,1.0000000000
120861338,120,1.0000000000
120861339,120,1.0000000000
120861340,120,1.0000000000
120861341,117,1.0000000000
120861342,117,1.0000000000
120861343,117,1.0000000000
120861344,117,1.0000000000
120861345,120,1.0000000000
120861346,117,1.0000000000
120861347,117,1.0000000000
120861348,120,1.0000000000
120861349,120,1.0000000000
120861350,120,1.0000000000
120861351,120,1.0000000000
120861352,120,1.0000000000
120861353,120,1.0000000000
120861354,120,1.0000000000
120861355,117,0.9375000000
120861355,120,0.0625000000
120861356,117,1.0000000000
120861357,117,1.0000000000
120861358,117,1.0000000000
120861359,115,0.3000000000
120861359,120,0.7000000000
120861360,120,1.0000000000
120861361,120,1.0000000000
120861362,117,0.1428571429
120861362,120,0.8571428571
120861363,120,1.0000000000
120861364,117,0.1052631579
120861364,120,0.8947368421
120861365,120,1.0000000000
120861366,120,1.0000000000
120861367,117,0.9333333333
120861367,120,0.0666666667
120861368,117,1.0000000000
120861369,117,1.0000000000
120861370,120,1.0000000000
120861371,120,1.0000000000
120861372,120,1.0000000000
120861373,120,1.0000000000
120861374,117,1.0000000000
120861375,120,1.0000000000
120861376,120,1.0000000000
120861377,120,1.0000000000
120861378,120,1.0000000000
120861379,120,1.0000000000
120861380,117,0.7272727273
120861380,120,0.2727272727
120861381,120,1.0000000000
120861382,120,1.0000000000
120861383,117,0.8461538462
120861383,120,0.1538461538
120861384,117,0.8888888889
120861384,120,0.1111111111
120861385,120,1.0000000000
120861386,117,0.7500000000
120861386,120,0.2500000000
120861387,120,1.0000000000
120861388,117,1.0000000000
120861389,117,0.7804878049
120861389,120,0.2195121951
120861390,117,1.0000000000
120861391,117,1.0000000000
120861392,120,1.0000000000
120861393,120,1.0000000000
120861394,117,1.0000000000
120861395,120,1.0000000000
120861396,117,1.0000000000
120861397,117,1.0000000000
120861398,119,1.0000000000
120861399,120,1.0000000000
120861400,120,1.0000000000
120861401,120,1.0000000000
120861402,114,1.0000000000
120861403,109,1.0000000000
120861404,108,0.0606060606
120861404,109,0.9393939394
120861405,108,1.0000000000
120861406,108,1.0000000000
120861407,109,1.0000000000
120861408,109,1.0000000000
120861409,109,1.0000000000
120861410,109,1.0000000000
120861411,109,1.0000000000
120861412,106,0.0888888889
120861412,113,0.9111111111
120861413,109,0.5121951220
120861413,113,0.4878048780
120861414,113,1.0000000000
120861415,109,1.0000000000
120861416,109,0.9333333333
120861416,112,0.0666666667
120861417,109,1.0000000000
120861418,112,1.0000000000
120861419,113,1.0000000000
120861420,113,1.0000000000
120861421,114,1.0000000000
120861422,114,1.0000000000
120861423,114,1.0000000000
120861424,114,1.0000000000
120861425,114,1.0000000000
120861426,112,0.0287625418
120861426,114,0.9712374582
120861427,114,1.0000000000
120861428,114,1.0000000000
120861429,114,1.0000000000
120861430,114,1.0000000000
120861431,114,1.0000000000
120861432,113,1.0000000000
120861433,113,1.0000000000
120861434,113,1.0000000000
120861435,113,1.0000000000
120861436,113,1.0000000000
120861437,112,1.0000000000
120861438,113,1.0000000000
120861439,108,1.0000000000
120861440,108,1.0000000000
120861441,106,1.0000000000
120861442,106,1.0000000000
120861443,106,1.0000000000
120861444,106,1.0000000000
120861445,106,1.0000000000
120861446,106,1.0000000000
120861447,106,1.0000000000
120861448,106,1.0000000000
120861449,106,1.0000000000
120861450,106,1.0000000000
120861451,106,1.0000000000
120861452,113,1.0000000000
120861453,120,1.0000000000
120870001,120,1.0000000000
120870002,120,1.0000000000
120870003,120,1.0000000000
120870004,120,1.0000000000
120870005,120,1.0000000000
120870006,120,1.0000000000
120870007,120,1.0000000000
120870008,120,1.0000000000
120870009,120,1.0000000000
120870010,120,1.0000000000
120870011,120,1.0000000000
120870013,120,1.0000000000
120870014,120,1.0000000000
120870015,120,1.0000000000
120870016,120,1.0000000000
120870017,120,1.0000000000
120870018,120,1.0000000000
120870019,120,1.0000000000
120870020,120,1.0000000000
120870021,120,1.0000000000
120870022,120,1.0000000000
120870023,120,1.0000000000
120870024,120,1.0000000000
120870025,120,1.0000000000
120870026,120,1.0000000000
120870027,120,1.0000000000
120870028,120,1.0000000000
120870029,120,1.0000000000
120870030,120,1.0000000000
120870031,120,1.0000000000
120870032,120,1.0000000000
120870033,120,1.0000000000
120870034,120,1.0000000000
120870035,120,1.0000000000
120870036,120,1.0000000000
120870037,120,1.0000000000
120890001,15,1.0000000000
120890002,15,1.0000000000
120890003,15,1.0000000000
120890004,15,1.0000000000
120890005,15,1.0000000000
120890006,15,1.0000000000
120890007,15,1.0000000000
120890008,15,1.0000000000
120890009,15,1.0000000000
120890010,15,1.0000000000
120890011,15,1.0000000000
120890012,15,1.0000000000
120890013,15,1.0000000000
120890014,15,1.0000000000
120890015,15,1.0000000000
120890016,15,1.0000000000
120890017,15,1.0000000000
120890018,15,1.0000000000
120890019,15,1.0000000000
120890020,15,1.0000000000
120890021,15,1.0000000000
120890022,15,1.0000000000
120890023,15,1.0000000000
120890024,15,1.0000000000
120890025,15,1.0000000000
120890026,15,1.0000000000
120890027,15,1.0000000000
120890028,15,1.0000000000
120910001,3,1.0000000000
120910002,3,1.0000000000
120910003,3,0.8666666667
120910003,4,0.1333333333
120910004,3,0.6896551724
120910004,4,0.3103448276
120910005,3,1.0000000000
120910006,3,1.0000000000
120910007,3,1.0000000000
120910008,3,0.9715909091
120910008,4,0.0284090909
120910009,3,0.1397849462
120910009,4,0.8602150538
120910010,3,0.8235294118
120910010,4,0.1764705882
120910011,3,0.6781609195
120910011,4,0.3218390805
120910012,4,1.0000000000
120910013,4,1.0000000000
120910014,4,1.0000000000
120910015,4,1.0000000000
120910016,4,1.0000000000
120910017,4,1.0000000000
120910018,4,1.0000000000
120910019,4,1.0000000000
120910020,4,1.0000000000
120910021,3,0.2093023256
120910021,4,0.7906976744
120910022,4,1.0000000000
120910023,4,1.0000000000
120910024,4,1.0000000000
120910025,4,1.0000000000
120910026,4,1.0000000000
120910027,4,1.0000000000
120910028,4,1.0000000000
120910029,4,1.0000000000
120910030,4,1.0000000000
120910031,4,1.0000000000
120910032,4,1.0000000000
120910033,4,1.0000000000
120910034,4,1.0000000000
120910035,4,1.0000000000
120910036,4,1.0000000000
120910037,4,1.0000000000
120910038,4,1.0000000000
120910039,4,1.0000000000
120910040,4,1.0000000000
120910041,4,1.0000000000
120910042,4,1.0000000000
120910043,4,1.0000000000
120910044,4,1.0000000000
120910045,4,1.0000000000
120910046,4,1.0000000000
120910047,4,1.0000000000
120910048,4,1.0000000000
120910049,4,1.0000000000
120910050,4,1.0000000000
120910051,4,1.0000000000
120910052,4,1.0000000000
120910053,4,1.0000000000
120910054,4,1.0000000000
120910055,4,1.0000000000
120910056,4,1.0000000000
120910057,4,1.0000000000
120910058,4,1.0000000000
120910059,4,1.0000000000
120910060,4,1.0000000000
120910061,4,1.0000000000
120910062,4,1.0000000000
120910063,4,1.0000000000
120910064,4,1.0000000000
120910065,4,1.0000000000
120910066,4,1.0000000000
120910067,4,1.0000000000
120910068,4,1.0000000000
120910069,4,1.0000000000
120910070,4,1.0000000000
120910071,4,1.0000000000
120910072,4,1.0000000000
120910073,4,1.0000000000
120910074,4,1.0000000000
120910075,4,1.0000000000
120910076,4,1.0000000000
120910077,4,1.0000000000
120910078,4,1.0000000000
120910079,4,1.0000000000
120910080,4,1.0000000000
120910081,4,1.0000000000
120910082,3,1.0000000000
120910083,4,1.0000000000
120910084,4,1.0000000000
120930001,83,1.0000000000
120930002,83,1.0000000000
120930003,83,1.0000000000
120930004,83,1.0000000000
120930005,83,1.0000000000
120930006,83,1.0000000000
120930007,83,1.0000000000
120930008,83,1.0000000000
120930009,83,1.0000000000
120930010,83,1.0000000000
120930011,83,1.0000000000
120930012,83,1.0000000000
120930013,83,1.0000000000
120930014,83,1.0000000000
120930015,83,1.0000000000
120930016,83,1.0000000000
120930017,83,1.0000000000
120930018,83,1.0000000000
120950001,45,1.0000000000
120950002,41,1.0000000000
120950003,40,0.0032495409
120950003,41,0.9967504591
120950004,41,0.9666666667
120950004,45,0.0333333333
120950005,44,1.0000000000
120950006,39,0.0019065428
120950006,45,0.9980934572
120950007,41,1.0000000000
120950008,41,1.0000000000
120950009,44,0.1923076923
120950009,45,0.8076923077
120950010,44,0.4313725490
120950010,45,0.5686274510
120950011,44,1.0000000000
120950012,44,1.0000000000
120950013,44,1.0000000000
120950014,44,1.0000000000
120950015,45,1.0000000000
120950016,45,1.0000000000
120950017,44,1.0000000000
120950018,44,1.0000000000
120950019,40,1.0000000000
120950020,44,1.0000000000
120950021,44,1.0000000000
120950022,44,1.0000000000
120950023,40,0.0022105323
120950023,41,0.7670202369
120950023,45,0.2307692308
120950024,40,0.0020268054
120950024,45,0.9979731946
120950025,45,1.0000000000
120950026,45,1.0000000000
120950027,25,0.0000852576
120950027,44,0.0036472322
120950027,45,0.9962675102
120950028,45,1.0000000000
120950029,40,1.0000000000
120950030,39,0.1212121212
120950030,40,0.8787878788
120950031,39,0.3150684932
120950031,40,0.6849315068
120950032,39,0.2422360248
120950032,40,0.7577639752
120950033,40,1.0000000000
120950034,39,0.2383419689
120950034,45,0.7616580311
120950035,39,0.9810126582
120950035,45,0.0189873418
120950036,39,1.0000000000
120950037,39,1.0000000000
120950038,39,0.0521353391
120950038,45,0.9478646609
120950039,39,1.0000000000
120950040,39,0.0564952889
120950040,45,0.9435047111
120950041,41,1.0000000000
120950042,40,1.0000000000
120950043,44,1.0000000000
120950044,44,1.0000000000
120950045,44,1.0000000000
120950046,44,1.0000000000
120950047,44,1.0000000000
120950048,41,1.0000000000
120950049,44,1.0000000000
120950050,44,1.0000000000
120950051,45,1.0000000000
120950052,45,1.0000000000
120950053,45,1.0000000000
120950054,45,1.0000000000
120950055,45,1.0000000000
120950056,45,1.0000000000
120950057,40,1.0000000000
120950058,40,1.0000000000
120950059,38,0.0037437910
120950059,40,0.5836564984
120950059,42,0.4125997106
120950060,42,1.0000000000
120950061,40,0.2555555556
120950061,42,0.7444444444
120950062,40,1.0000000000
120950063,40,1.0000000000
120950064,40,1.0000000000
120950065,40,1.0000000000
120950066,40,1.0000000000
120950067,39,0.0956210189
120950067,40,0.9043789811
120950068,40,1.0000000000
120950069,40,1.0000000000
120950070,40,1.0000000000
120950071,39,0.6428571429
120950071,40,0.3571428571
120950072,40,1.0000000000
120950073,40,1.0000000000
120950074,40,1.0000000000
120950075,39,1.0000000000
120950076,39,1.0000000000
120950077,39,1.0000000000
120950078,39,1.0000000000
120950079,39,0.9236641221
120950079,40,0.0763358779
120950080,39,1.0000000000
120950081,39,1.0000000000
120950082,39,1.0000000000
120950083,39,1.0000000000
120950084,39,1.0000000000
120950085,39,1.0000000000
120950086,39,1.0000000000
120950087,39,1.0000000000
120950088,39,1.0000000000
120950089,39,1.0000000000
120950090,40,1.0000000000
120950091,39,1.0000000000
120950092,40,1.0000000000
120950093,38,0.0002096876
120950093,40,0.9997903124
120950094,40,1.0000000000
120950095,39,1.0000000000
120950096,39,1.0000000000
120950097,42,1.0000000000
120950098,42,1.0000000000
120950099,42,1.0000000000
120950100,42,1.0000000000
120950101,43,1.0000000000
120950102,42,1.0000000000
120950103,42,1.0000000000
120950104,42,1.0000000000
120950105,42,1.0000000000
120950106,43,1.0000000000
120950107,42,1.0000000000
120950108,42,1.0000000000
120950109,37,1.0000000000
120950110,42,0.0612244898
120950110,43,0.9387755102
120950111,42,0.6644182060
120950111,43,0.3355817940
120950112,43,1.0000000000
120950113,43,1.0000000000
120950114,43,1.0000000000
120950115,43,1.0000000000
120950116,43,1.0000000000
120950117,42,1.0000000000
120950118,37,0.9984829153
120950118,43,0.0015170847
120950119,43,1.0000000000
120950120,43,1.0000000000
120950121,43,1.0000000000
120950122,43,1.0000000000
120950123,43,1.0000000000
120950124,43,1.0000000000
120950125,43,1.0000000000
120950126,43,1.0000000000
120950127,43,1.0000000000
120950128,43,1.0000000000
120950129,43,1.0000000000
120950130,43,1.0000000000
120950131,37,0.3815645166
120950131,42,0.6166666667
120950131,43,0.0017688168
120950132,43,1.0000000000
120950133,43,1.0000000000
120950134,43,1.0000000000
120950135,43,1.0000000000
120950136,43,1.0000000000
120950137,43,1.0000000000
120950138,35,0.2914332914
120950138,43,0.7085667086
120950139,43,1.0000000000
120950140,43,1.0000000000
120950141,35,0.6857142857
120950141,43,0.3142857143
120950142,42,1.0000000000
120950143,42,1.0000000000
120950144,42,1.0000000000
120950145,42,1.0000000000
120950146,42,1.0000000000
120950147,42,1.0000000000
120950148,42,1.0000000000
120950149,43,1.0000000000
120950150,41,0.0006999733
120950150,42,0.9993000267
120950151,42,1.0000000000
120950152,42,1.0000000000
120950153,44,1.0000000000
120950154,42,1.0000000000
120950155,44,1.0000000000
120950156,42,1.0000000000
120950157,42,1.0000000000
120950158,42,1.0000000000
120950159,42,1.0000000000
120950160,42,1.0000000000
120950161,44,0.9856521101
120950161,47,0.0143478899
120950162,44,1.0000000000
120950163,44,1.0000000000
120950164,47,1.0000000000
120950165,47,1.0000000000
120950166,42,1.0000000000
120950167,42,0.9411764706
120950167,44,0.0588235294
120950168,44,1.0000000000
120950169,44,1.0000000000
120950170,42,1.0000000000
120950171,42,1.0000000000
120950172,42,0.5094339623
120950172,43,0.4905660377
120950173,42,0.8965517241
120950173,44,0.1034482759
120950174,42,0.3801415323
120950174,43,0.6198584677
120950175,43,1.0000000000
120950176,42,0.2291427929
120950176,43,0.7708572071
120950177,42,0.0182555781
120950177,43,0.0128076580
120950177,44,0.9689367639
120950178,44,1.0000000000
120950179,35,1.0000000000
120950180,35,1.0000000000
120950181,35,1.0000000000
120950182,35,1.0000000000
120950183,43,1.0000000000
120950184,35,0.1527777778
120950184,43,0.2553600863
120950184,44,0.5918621360
120950185,35,1.0000000000
120950186,44,1.0000000000
120950187,43,1.0000000000
120950188,35,1.0000000000
120950189,44,1.0000000000
120950190,43,1.0000000000
120950191,44,0.7800000000
120950191,47,0.2200000000
120950192,44,1.0000000000
120950193,35,1.0000000000
120950194,44,1.0000000000
120950195,43,1.0000000000
120950196,35,1.0000000000
120950197,35,1.0000000000
120950198,35,1.0000000000
120950199,44,1.0000000000
120950200,35,1.0000000000
120950201,35,1.0000000000
120950202,44,1.0000000000
120950203,35,1.0000000000
120950204,35,1.0000000000
120950205,35,0.6552733225
120950205,43,0.3447266775
120950206,35,0.8493914807
120950206,43,0.1506085193
120950207,35,1.0000000000
120950208,43,1.0000000000
120950209,35,0.9805446306
120950209,43,0.0194553694
120950210,40,1.0000000000
120950211,40,0.2652350797
120950211,42,0.7347649203
120950212,40,1.0000000000
120950213,40,1.0000000000
120950214,40,1.0000000000
120950215,40,0.0918367347
120950215,42,0.9081632653
120950216,42,1.0000000000
120950217,40,0.0008919590
120950217,42,0.9991080410
120950218,42,1.0000000000
120950219,42,1.0000000000
120950220,42,1.0000000000
120950221,42,1.0000000000
120950222,42,1.0000000000
120950223,42,1.0000000000
120950224,42,1.0000000000
120950225,42,1.0000000000
120950226,42,1.0000000000
120950227,42,1.0000000000
120950228,42,1.0000000000
120950229,42,1.0000000000
120950230,42,1.0000000000
120950231,42,1.0000000000
120950232,37,0.3612436520
120950232,42,0.6387563480
120950233,37,0.8005896096
120950233,42,0.1994103904
120950234,37,0.0213083010
120950234,42,0.9786916990
120950235,42,1.0000000000
120950236,42,1.0000000000
120950237,37,1.0000000000
120950238,37,0.9491525424
120950238,42,0.0508474576
120950239,37,1.0000000000
120950240,37,0.9855535958
120950240,38,0.0144464042
120950241,37,1.0000000000
120950242,37,1.0000000000
120950243,37,1.0000000000
120950244,37,1.0000000000
120950245,37,1.0000000000
120950246,37,1.0000000000
120950247,35,0.1463414634
120950247,37,0.8536585366
120950248,35,1.0000000000
120950249,35,1.0000000000
120950250,35,1.0000000000
120950251,35,1.0000000000
120950252,37,1.0000000000
120950253,37,1.0000000000
120950254,35,0.0212765957
120950254,37,0.9787234043
120950255,42,1.0000000000
120950256,37,1.0000000000
120950257,31,0.0066111361
120950257,35,0.9933888639
120950258,37,1.0000000000
120950259,35,0.9069767442
120950259,37,0.0930232558
120950260,40,0.0002018760
120950260,41,0.9891342580
120950260,42,0.0106638661
120950261,41,1.0000000000
120950262,40,1.0000000000
120950263,40,0.0444629940
120950263,41,0.9555370060
120950264,41,1.0000000000
120950265,41,1.0000000000
120950266,41,1.0000000000
120950267,41,1.0000000000
120950268,41,0.8650793651
120950268,44,0.1349206349
120950269,41,0.3534634104
120950269,44,0.6465365896
120950270,41,1.0000000000
120950271,41,1.0000000000
120950272,40,1.0000000000
120950273,40,1.0000000000
120950274,41,1.0000000000
120950275,41,1.0000000000
120950276,41,1.0000000000
120950277,40,1.0000000000
120950278,40,1.0000000000
120950279,40,1.0000000000
120950280,40,1.0000000000
120950281,41,1.0000000000
120950282,41,1.0000000000
120950283,41,1.0000000000
120950284,41,1.0000000000
120950285,41,1.0000000000
120950286,41,1.0000000000
120950287,41,1.0000000000
120950288,40,0.0012528228
120950288,41,0.9987471772
120950289,40,1.0000000000
120950290,41,0.6852180278
120950290,42,0.3147819722
120970001,45,1.0000000000
120970002,45,1.0000000000
120970003,45,1.0000000000
120970004,45,0.9572656130
120970004,46,0.0427343870
120970005,46,1.0000000000
120970006,45,0.2105263158
120970006,46,0.7894736842
120970007,46,1.0000000000
120970008,46,1.0000000000
120970009,46,1.0000000000
120970010,46,1.0000000000
120970011,46,1.0000000000
120970012,46,1.0000000000
120970013,46,1.0000000000
120970014,46,1.0000000000
120970015,46,1.0000000000
120970016,46,1.0000000000
120970017,46,1.0000000000
120970018,46,1.0000000000
120970019,46,1.0000000000
120970020,46,1.0000000000
120970021,46,1.0000000000
120970022,46,1.0000000000
120970023,46,1.0000000000
120970024,46,1.0000000000
120970025,46,1.0000000000
120970026,46,1.0000000000
120970027,46,1.0000000000
120970028,46,1.0000000000
120970029,45,0.0025510204
120970029,46,0.9974489796
120970030,46,1.0000000000
120970031,46,1.0000000000
120970032,46,1.0000000000
120970033,46,1.0000000000
120970034,46,1.0000000000
120970035,46,1.0000000000
120970036,46,1.0000000000
120970037,46,1.0000000000
120970038,46,1.0000000000
120970039,46,1.0000000000
120970040,46,1.0000000000
120970041,46,1.0000000000
120970042,46,1.0000000000
120970043,46,1.0000000000
120970044,46,1.0000000000
120970045,46,1.0000000000
120970046,46,1.0000000000
120970047,46,1.0000000000
120970048,46,1.0000000000
120970049,46,1.0000000000
120970050,46,1.0000000000
120970051,46,1.0000000000
120970052,46,1.0000000000
120970054,46,1.0000000000
120970055,46,1.0000000000
120970056,46,1.0000000000
120970057,46,1.0000000000
120970058,46,1.0000000000
120970059,46,0.9733333333
120970059,47,0.0266666667
120970060,46,0.9586906604
120970060,47,0.0413093396
120970061,46,1.0000000000
120970062,46,1.0000000000
120970063,47,1.0000000000
120970064,46,1.0000000000
120970065,46,1.0000000000
120970066,46,1.0000000000
120970067,46,1.0000000000
120970068,46,1.0000000000
120970069,46,1.0000000000
120970070,46,1.0000000000
120970071,46,1.0000000000
120970072,46,1.0000000000
120970073,46,1.0000000000
120970074,46,0.5714285714
120970074,47,0.4285714286
120970075,46,1.0000000000
120970076,46,1.0000000000
120970077,46,1.0000000000
120970078,46,1.0000000000
120970079,46,1.0000000000
120970080,46,1.0000000000
120970081,46,0.9791666667
120970081,47,0.0208333333
120970082,46,0.5085855928
120970082,47,0.4914144072
120970083,46,0.4722222222
120970083,47,0.5277777778
120970084,47,1.0000000000
120970085,47,1.0000000000
120970086,46,1.0000000000
120970087,47,1.0000000000
120970088,47,1.0000000000
120970089,47,1.0000000000
120970090,47,1.0000000000
120970091,47,1.0000000000
120970092,47,1.0000000000
120970093,47,1.0000000000
120970094,47,1.0000000000
120970095,47,1.0000000000
120970096,47,1.0000000000
120970097,46,1.0000000000
120970098,46,1.0000000000
120970099,35,0.2194376066
120970099,47,0.7805623934
120970100,35,0.5348837209
120970100,47,0.4651162791
120970101,47,1.0000000000
120970102,47,1.0000000000
120970103,47,1.0000000000
120970104,47,1.0000000000
120970105,47,1.0000000000
120970106,47,1.0000000000
120970107,47,1.0000000000
120970108,47,1.0000000000
120970109,47,1.0000000000
120970110,47,1.0000000000
120970111,47,1.0000000000
120970112,47,1.0000000000
120970113,47,1.0000000000
120970114,47,1.0000000000
120970115,35,0.0769230769
120970115,47,0.9230769231
120970116,47,1.0000000000
120970117,47,1.0000000000
120970118,47,1.0000000000
120970119,35,0.0001318289
120970119,47,0.9998681711
120970120,47,1.0000000000
120970121,47,1.0000000000
120970122,47,1.0000000000
120970123,47,1.0000000000
120970124,47,1.0000000000
120970125,47,1.0000000000
120970126,47,1.0000000000
120970127,47,1.0000000000
120970128,47,1.0000000000
120970129,47,1.0000000000
120970130,47,1.0000000000
120970131,47,1.0000000000
120970132,47,1.0000000000
120970133,47,1.0000000000
120970134,47,1.0000000000
120970135,35,1.0000000000
120970136,35,1.0000000000
120970137,47,1.0000000000
120970138,47,1.0000000000
120970139,47,1.0000000000
120970140,47,1.0000000000
120970141,47,1.0000000000
120970142,47,1.0000000000
120970143,47,1.0000000000
120970144,47,1.0000000000
120970145,47,1.0000000000
120970146,47,1.0000000000
120970147,47,1.0000000000
120970148,47,1.0000000000
120970149,47,1.0000000000
120970150,47,1.0000000000
120970151,35,1.0000000000
120970152,47,1.0000000000
120970153,47,1.0000000000
120970154,47,1.0000000000
120970155,47,1.0000000000
120970157,47,1.0000000000
120970158,47,1.0000000000
120970159,47,1.0000000000
120970160,47,1.0000000000
120970161,47,1.0000000000
120970162,47,1.0000000000
120970163,47,1.0000000000
120970164,47,1.0000000000
120970165,47,1.0000000000
120970166,47,1.0000000000
120970167,47,1.0000000000
120970168,47,1.0000000000
120970169,35,0.6565211481
120970169,47,0.3434788519
120970170,35,1.0000000000
120970171,35,0.9994844475
120970171,47,0.0005155525
120970172,35,1.0000000000
120970173,35,0.9519087722
120970173,47,0.0480912278
120970174,35,0.3249413046
120970174,47,0.6750586954
120970175,35,0.9929839183
120970175,47,0.0070160817
120970176,46,1.0000000000
120970177,45,0.8275862069
120970177,46,0.1724137931
120970178,47,1.0000000000
120970179,47,1.0000000000
120970180,47,1.0000000000
120970181,46,1.0000000000
120970182,47,1.0000000000
120970183,47,1.0000000000
120970184,47,1.0000000000
120970185,45,1.0000000000
120970186,45,1.0000000000
120970187,45,1.0000000000
120970188,46,1.0000000000
120970189,46,1.0000000000
120970190,46,1.0000000000
120970191,46,1.0000000000
120970192,46,1.0000000000
120970193,46,1.0000000000
120970194,46,1.0000000000
120970195,46,1.0000000000
120970196,46,1.0000000000
120970197,35,1.0000000000
120970198,45,1.0000000000
120970199,45,1.0000000000
120970200,45,1.0000000000
120970201,45,1.0000000000
120970202,45,1.0000000000
120970203,45,1.0000000000
120970204,45,1.0000000000
120970205,44,0.3000000000
120970205,45,0.7000000000
120970206,46,1.0000000000
120970207,46,1.0000000000
120970208,47,1.0000000000
120970209,46,1.0000000000
120970210,47,1.0000000000
120970211,47,1.0000000000
120970212,47,1.0000000000
120970213,47,1.0000000000
120970214,46,1.0000000000
120970215,47,1.0000000000
120970216,47,1.0000000000
120990001,94,1.0000000000
120990002,94,1.0000000000
120990003,94,1.0000000000
120990004,94,1.0000000000
120990005,94,1.0000000000
120990006,94,1.0000000000
120990007,94,1.0000000000
120990008,94,1.0000000000
120990009,94,1.0000000000
120990010,94,1.0000000000
120990011,94,1.0000000000
120990012,94,1.0000000000
120990013,94,1.0000000000
120990014,94,1.0000000000
120990015,94,1.0000000000
120990016,94,1.0000000000
120990017,94,1.0000000000
120990018,94,1.0000000000
120990019,94,1.0000000000
120990020,94,1.0000000000
120990021,94,1.0000000000
120990022,94,1.0000000000
120990023,94,1.0000000000
120990024,94,1.0000000000
120990025,94,1.0000000000
120990026,94,1.0000000000
120990027,94,1.0000000000
120990028,94,1.0000000000
120990029,94,1.0000000000
120990030,94,1.0000000000
120990031,94,1.0000000000
120990032,94,1.0000000000
120990033,87,1.0000000000
120990034,94,1.0000000000
120990035,94,1.0000000000
120990036,94,1.0000000000
120990037,94,1.0000000000
120990038,86,1.0000000000
120990039,86,1.0000000000
120990040,87,0.0429338078
120990040,94,0.9570661922
120990041,94,1.0000000000
120990042,86,1.0000000000
120990043,94,1.0000000000
120990044,87,0.1818181818
120990044,94,0.8181818182
120990045,94,1.0000000000
120990046,94,1.0000000000
120990047,94,1.0000000000
120990048,87,0.0079366655
120990048,94,0.9920633345
120990049,94,1.0000000000
120990050,87,0.3863636364
120990050,94,0.6136363636
120990051,87,1.0000000000
120990052,87,1.0000000000
120990053,87,1.0000000000
120990054,87,1.0000000000
120990055,87,1.0000000000
120990056,87,1.0000000000
120990057,87,1.0000000000
120990058,87,1.0000000000
120990059,87,1.0000000000
120990060,87,1.0000000000
120990061,87,1.0000000000
120990062,87,1.0000000000
120990063,94,1.0000000000
120990064,87,1.0000000000
120990065,87,1.0000000000
120990066,87,1.0000000000
120990067,86,1.0000000000
120990069,86,1.0000000000
120990070,86,1.0000000000
120990071,86,1.0000000000
120990072,86,1.0000000000
120990073,86,1.0000000000
120990074,86,1.0000000000
120990075,86,1.0000000000
120990076,86,1.0000000000
120990077,86,1.0000000000
120990078,86,1.0000000000
120990079,86,1.0000000000
120990080,86,1.0000000000
120990081,86,1.0000000000
120990082,86,1.0000000000
120990083,86,1.0000000000
120990084,86,1.0000000000
120990085,86,1.0000000000
120990086,86,1.0000000000
120990087,86,1.0000000000
120990088,86,1.0000000000
120990089,86,1.0000000000
120990090,86,1.0000000000
120990091,86,1.0000000000
120990092,86,1.0000000000
120990093,86,1.0000000000
120990094,86,1.0000000000
120990095,86,1.0000000000
120990096,86,1.0000000000
120990097,86,1.0000000000
120990098,86,1.0000000000
120990099,86,1.0000000000
120990100,86,1.0000000000
120990101,86,1.0000000000
120990102,86,1.0000000000
120990103,86,1.0000000000
120990104,86,1.0000000000
120990105,86,1.0000000000
120990106,86,1.0000000000
120990107,86,1.0000000000
120990108,87,1.0000000000
120990109,87,1.0000000000
120990110,86,0.7201380502
120990110,87,0.2798619498
120990111,87,1.0000000000
120990112,86,0.6666666667
120990112,87,0.3333333333
120990113,86,0.9507144213
120990113,87,0.0492855787
120990114,87,1.0000000000
120990115,87,1.0000000000
120990116,87,1.0000000000
120990117,87,1.0000000000
120990118,87,1.0000000000
120990119,87,1.0000000000
120990120,87,1.0000000000
120990121,87,1.0000000000
120990122,87,1.0000000000
120990123,87,1.0000000000
120990124,87,1.0000000000
120990125,87,1.0000000000
120990126,87,1.0000000000
120990127,87,1.0000000000
120990128,87,1.0000000000
120990129,87,1.0000000000
120990130,87,1.0000000000
120990131,87,1.0000000000
120990132,87,1.0000000000
120990133,87,1.0000000000
120990134,87,1.0000000000
120990135,87,1.0000000000
120990136,87,1.0000000000
120990137,87,1.0000000000
120990139,87,1.0000000000
120990140,87,1.0000000000
120990141,87,1.0000000000
120990142,87,1.0000000000
120990143,87,1.0000000000
120990144,87,1.0000000000
120990145,87,1.0000000000
120990146,87,1.0000000000
120990147,87,1.0000000000
120990148,87,1.0000000000
120990149,87,1.0000000000
120990150,87,1.0000000000
120990151,87,1.0000000000
120990152,94,1.0000000000
120990153,94,1.0000000000
120990154,87,1.0000000000
120990155,87,1.0000000000
120990156,87,1.0000000000
120990157,87,1.0000000000
120990158,87,1.0000000000
120990159,87,1.0000000000
120990160,87,1.0000000000
120990161,87,1.0000000000
120990162,87,1.0000000000
120990163,87,1.0000000000
120990164,87,1.0000000000
120990165,87,1.0000000000
120990166,87,1.0000000000
120990167,87,1.0000000000
120990168,87,1.0000000000
120990169,87,1.0000000000
120990170,87,1.0000000000
120990171,87,1.0000000000
120990172,87,1.0000000000
120990173,87,1.0000000000
120990174,87,1.0000000000
120990175,87,1.0000000000
120990176,87,0.9000000000
120990176,88,0.1000000000
120990177,87,1.0000000000
120990178,87,1.0000000000
120990179,87,0.0333730482
120990179,88,0.9666269518
120990180,87,0.5000000000
120990180,88,0.5000000000
120990181,87,1.0000000000
120990182,87,1.0000000000
120990183,87,1.0000000000
120990184,87,0.9972470024
120990184,88,0.0027529976
120990185,88,1.0000000000
120990186,88,1.0000000000
120990187,87,0.2034894606
120990187,88,0.7965105394
120990188,88,1.0000000000
120990189,87,1.0000000000
120990190,88,1.0000000000
120990191,87,0.9761904762
120990191,88,0.0238095238
120990192,87,1.0000000000
120990193,87,1.0000000000
120990194,87,1.0000000000
120990195,87,1.0000000000
120990196,87,1.0000000000
120990197,87,1.0000000000
120990198,87,1.0000000000
120990199,86,0.2413793103
120990199,87,0.7586206897
120990200,87,1.0000000000
120990201,87,1.0000000000
120990202,87,1.0000000000
120990203,87,1.0000000000
120990204,87,1.0000000000
120990205,88,0.8750000000
120990205,94,0.1250000000
120990206,88,1.0000000000
120990207,88,0.3918190175
120990207,94,0.6081809825
120990208,88,0.0750000000
120990208,94,0.9250000000
120990209,94,1.0000000000
120990210,88,1.0000000000
120990211,88,1.0000000000
120990212,88,1.0000000000
120990213,88,1.0000000000
120990214,88,1.0000000000
120990215,94,1.0000000000
120990216,94,1.0000000000
120990217,88,0.0666666667
120990217,94,0.9333333333
120990218,94,1.0000000000
120990219,94,1.0000000000
120990220,94,1.0000000000
120990221,94,1.0000000000
120990222,88,1.0000000000
120990223,88,1.0000000000
120990224,88,1.0000000000
120990225,88,1.0000000000
120990226,88,1.0000000000
120990227,88,1.0000000000
120990228,88,1.0000000000
120990229,88,1.0000000000
120990230,88,1.0000000000
120990232,88,0.1333819189
120990232,94,0.8666180811
120990233,88,0.8074672372
120990233,94,0.1925327628
120990234,88,0.7222222222
120990234,94,0.2777777778
120990235,88,0.2500000000
120990235,94,0.7500000000
120990236,88,0.6071428571
120990236,94,0.3928571429
120990237,88,0.5539574090
120990237,94,0.4460425910
120990238,88,0.7906976744
120990238,94,0.2093023256
120990239,87,0.1486486486
120990239,88,0.8513513514
120990240,87,0.2061068702
120990240,88,0.7938931298
120990241,87,0.6250000000
120990241,88,0.3750000000
120990242,87,1.0000000000
120990243,87,1.0000000000
120990244,87,1.0000000000
120990245,87,1.0000000000
120990246,87,1.0000000000
120990247,89,1.0000000000
120990248,89,1.0000000000
120990249,87,1.0000000000
120990250,89,1.0000000000
120990251,87,1.0000000000
120990252,88,1.0000000000
120990254,88,0.0344827586
120990254,89,0.9655172414
120990255,88,0.6666666667
120990255,89,0.3333333333
120990256,89,1.0000000000
120990257,93,1.0000000000
120990258,93,1.0000000000
120990259,89,0.2758620690
120990259,93,0.7241379310
120990260,88,0.6666666667
120990260,89,0.3333333333
120990261,89,1.0000000000
120990262,89,1.0000000000
120990263,89,1.0000000000
120990264,89,1.0000000000
120990265,89,1.0000000000
120990266,89,1.0000000000
120990267,89,1.0000000000
120990268,89,1.0000000000
120990269,93,1.0000000000
120990270,93,1.0000000000
120990271,89,0.7105263158
120990271,93,0.2894736842
120990272,89,1.0000000000
120990273,89,0.5384615385
120990273,93,0.4615384615
120990274,89,1.0000000000
120990275,89,1.0000000000
120990276,93,1.0000000000
120990277,93,1.0000000000
120990278,89,1.0000000000
120990279,89,1.0000000000
120990280,89,1.0000000000
120990281,93,1.0000000000
120990282,93,1.0000000000
120990283,93,1.0000000000
120990284,93,1.0000000000
120990285,89,1.0000000000
120990286,89,1.0000000000
120990287,93,1.0000000000
120990288,93,1.0000000000
120990289,89,0.4375000000
120990289,93,0.5625000000
120990290,89,1.0000000000
120990291,89,0.3600000000
120990291,93,0.6400000000
120990292,89,1.0000000000
120990293,89,1.0000000000
120990294,89,1.0000000000
120990295,89,1.0000000000
120990296,89,1.0000000000
120990297,89,1.0000000000
120990298,93,1.0000000000
120990299,93,1.0000000000
120990300,93,1.0000000000
120990301,93,1.0000000000
120990302,93,1.0000000000
120990303,88,1.0000000000
120990304,89,1.0000000000
120990305,89,1.0000000000
120990307,89,1.0000000000
120990308,89,1.0000000000
120990309,89,1.0000000000
120990310,89,1.0000000000
120990311,89,1.0000000000
120990312,89,1.0000000000
120990313,89,1.0000000000
120990314,89,1.0000000000
120990315,89,1.0000000000
120990316,89,1.0000000000
120990317,89,1.0000000000
120990318,89,1.0000000000
120990319,89,1.0000000000
120990320,89,1.0000000000
120990321,87,1.0000000000
120990322,87,1.0000000000
120990323,87,1.0000000000
120990324,89,1.0000000000
120990325,89,1.0000000000
120990326,89,1.0000000000
120990327,89,1.0000000000
120990328,89,1.0000000000
120990329,89,1.0000000000
120990330,89,1.0000000000
120990331,89,1.0000000000
120990332,89,1.0000000000
120990333,89,1.0000000000
120990334,89,1.0000000000
120990335,89,1.0000000000
120990336,89,1.0000000000
120990337,89,1.0000000000
120990338,89,1.0000000000
120990339,87,0.0032543332
120990339,89,0.9967456668
120990340,89,1.0000000000
120990341,89,1.0000000000
120990342,93,1.0000000000
120990343,93,1.0000000000
120990344,89,1.0000000000
120990345,89,0.1920454424
120990345,93,0.8079545576
120990346,89,0.7483811755
120990346,93,0.2516188245
120990347,89,1.0000000000
120990348,89,0.9482758621
120990348,90,0.0517241379
120990349,89,1.0000000000
120990350,89,1.0000000000
120990351,89,0.4444444444
120990351,90,0.5555555556
120990352,93,1.0000000000
120990353,92,0.0294117647
120990353,93,0.9705882353
120990354,93,1.0000000000
120990355,93,1.0000000000
120990356,93,1.0000000000
120990357,93,1.0000000000
120990358,93,1.0000000000
120990359,93,1.0000000000
120990360,93,1.0000000000
120990361,93,1.0000000000
120990362,93,1.0000000000
120990363,89,0.6666666667
120990363,92,0.3333333333
120990364,92,1.0000000000
120990365,90,1.0000000000
120990366,90,1.0000000000
120990367,89,1.0000000000
120990368,90,1.0000000000
120990369,89,1.0000000000
120990370,90,1.0000000000
120990371,90,1.0000000000
120990372,90,1.0000000000
120990373,92,0.0666666667
120990373,93,0.9333333333
120990374,93,1.0000000000
120990375,92,0.9565217391
120990375,93,0.0434782609
120990376,93,1.0000000000
120990377,93,1.0000000000
120990378,92,1.0000000000
120990379,92,1.0000000000
120990380,92,1.0000000000
120990381,92,1.0000000000
120990382,92,1.0000000000
120990383,92,1.0000000000
120990384,90,1.0000000000
120990385,90,1.0000000000
120990386,90,1.0000000000
120990387,90,1.0000000000
120990388,90,1.0000000000
120990389,90,1.0000000000
120990390,90,1.0000000000
120990391,90,1.0000000000
120990392,90,1.0000000000
120990393,90,1.0000000000
120990394,90,1.0000000000
120990395,90,1.0000000000
120990396,90,1.0000000000
120990397,90,1.0000000000
120990398,90,1.0000000000
120990399,90,1.0000000000
120990400,90,1.0000000000
120990401,90,1.0000000000
120990402,90,1.0000000000
120990403,90,1.0000000000
120990404,90,1.0000000000
120990405,90,1.0000000000
120990406,90,1.0000000000
120990407,90,1.0000000000
120990408,90,1.0000000000
120990409,90,1.0000000000
120990410,90,1.0000000000
120990411,90,1.0000000000
120990412,90,1.0000000000
120990413,90,1.0000000000
120990414,90,1.0000000000
120990415,90,1.0000000000
120990416,90,1.0000000000
120990417,90,1.0000000000
120990418,90,1.0000000000
120990419,90,1.0000000000
120990420,90,1.0000000000
120990421,90,1.0000000000
120990422,90,1.0000000000
120990423,90,1.0000000000
120990424,87,1.0000000000
120990425,87,1.0000000000
120990426,87,0.8666666667
120990426,90,0.1333333333
120990427,87,1.0000000000
120990428,90,1.0000000000
120990429,90,1.0000000000
120990430,90,1.0000000000
120990431,90,1.0000000000
120990432,90,1.0000000000
120990433,90,1.0000000000
120990434,90,1.0000000000
120990435,90,1.0000000000
120990436,90,1.0000000000
120990437,90,1.0000000000
120990438,90,1.0000000000
120990439,90,1.0000000000
120990440,90,1.0000000000
120990441,90,1.0000000000
120990442,90,1.0000000000
120990443,90,1.0000000000
120990444,90,1.0000000000
120990445,90,1.0000000000
120990446,90,1.0000000000
120990447,90,1.0000000000
120990448,90,0.9996201437
120990448,91,0.0003798563
120990449,91,1.0000000000
120990450,91,1.0000000000
120990451,90,1.0000000000
120990452,91,1.0000000000
120990453,90,1.0000000000
120990454,90,1.0000000000
120990455,90,0.9629629630
120990455,91,0.0370370370
120990456,91,1.0000000000
120990457,91,1.0000000000
120990458,91,1.0000000000
120990459,91,1.0000000000
120990460,91,1.0000000000
120990461,91,1.0000000000
120990462,91,1.0000000000
120990463,91,1.0000000000
120990464,91,1.0000000000
120990465,91,1.0000000000
120990466,91,1.0000000000
120990467,91,1.0000000000
120990468,91,1.0000000000
120990469,91,1.0000000000
120990470,91,1.0000000000
120990471,91,1.0000000000
120990472,91,1.0000000000
120990473,91,1.0000000000
120990474,91,1.0000000000
120990475,91,1.0000000000
120990476,91,1.0000000000
120990477,91,1.0000000000
120990478,91,1.0000000000
120990479,91,1.0000000000
120990480,91,1.0000000000
120990481,91,1.0000000000
120990482,91,1.0000000000
120990483,91,1.0000000000
120990484,91,1.0000000000
120990485,91,1.0000000000
120990486,91,1.0000000000
120990487,91,1.0000000000
120990488,91,1.0000000000
120990489,91,1.0000000000
120990490,91,1.0000000000
120990491,91,1.0000000000
120990492,91,1.0000000000
120990493,91,1.0000000000
120990494,91,1.0000000000
120990495,91,1.0000000000
120990496,91,1.0000000000
120990497,91,1.0000000000
120990498,91,1.0000000000
120990499,91,1.0000000000
120990500,90,1.0000000000
120990501,91,1.0000000000
120990502,91,1.0000000000
120990503,91,1.0000000000
120990504,91,1.0000000000
120990505,91,1.0000000000
120990506,91,1.0000000000
120990507,91,1.0000000000
120990508,91,1.0000000000
120990509,91,1.0000000000
120990510,91,1.0000000000
120990511,90,0.9948954950
120990511,92,0.0051045050
120990512,90,1.0000000000
120990513,90,1.0000000000
120990514,90,1.0000000000
120990515,90,1.0000000000
120990516,90,1.0000000000
120990517,92,1.0000000000
120990518,92,0.8571428571
120990518,93,0.1428571429
120990519,92,1.0000000000
120990520,92,1.0000000000
120990521,92,1.0000000000
120990522,92,1.0000000000
120990523,92,1.0000000000
120990524,92,1.0000000000
120990525,92,1.0000000000
120990526,92,1.0000000000
120990527,92,1.0000000000
120990528,92,1.0000000000
120990529,92,1.0000000000
120990530,92,1.0000000000
120990531,92,1.0000000000
120990532,92,1.0000000000
120990533,92,1.0000000000
120990534,92,1.0000000000
120990535,92,1.0000000000
120990536,92,1.0000000000
120990537,92,1.0000000000
120990538,92,1.0000000000
120990539,92,1.0000000000
120990540,92,1.0000000000
120990541,92,1.0000000000
120990542,92,1.0000000000
120990543,92,1.0000000000
120990544,92,1.0000000000
120990545,92,1.0000000000
120990546,92,1.0000000000
120990547,92,1.0000000000
120990548,92,1.0000000000
120990549,92,1.0000000000
120990550,92,1.0000000000
120990551,92,1.0000000000
120990552,92,1.0000000000
120990553,92,1.0000000000
120990554,92,1.0000000000
120990555,92,1.0000000000
120990556,90,1.0000000000
120990557,92,1.0000000000
120990558,92,1.0000000000
120990559,90,1.0000000000
120990560,90,0.8877167044
120990560,92,0.1122832956
120990561,92,1.0000000000
120990562,92,1.0000000000
120990563,92,1.0000000000
120990564,92,1.0000000000
120990565,92,1.0000000000
120990566,92,1.0000000000
120990567,92,1.0000000000
120990568,92,1.0000000000
120990569,92,1.0000000000
120990570,92,1.0000000000
120990571,90,0.0782497080
120990571,92,0.9217502920
120990572,92,1.0000000000
120990573,92,1.0000000000
120990574,92,1.0000000000
120990575,92,1.0000000000
120990576,92,1.0000000000
120990577,92,1.0000000000
120990578,90,1.0000000000
120990579,90,1.0000000000
120990580,90,0.7777777778
120990580,92,0.2222222222
120990581,92,1.0000000000
120990582,92,1.0000000000
120990583,91,1.0000000000
120990584,91,0.7209302326
120990584,92,0.2790697674
120990585,92,1.0000000000
120990586,91,1.0000000000
120990587,92,1.0000000000
120990588,92,1.0000000000
120990589,92,1.0000000000
120990590,92,1.0000000000
120990591,92,1.0000000000
120990592,92,1.0000000000
120990593,91,0.0004166862
120990593,92,0.9995833138
120990594,92,1.0000000000
120990595,91,1.0000000000
120990596,91,1.0000000000
120990597,91,1.0000000000
120990598,91,1.0000000000
120990599,91,1.0000000000
120990600,92,1.0000000000
120990601,92,1.0000000000
120990602,91,1.0000000000
120990603,92,1.0000000000
120990604,91,1.0000000000
120990605,91,1.0000000000
120990606,92,1.0000000000
120990607,92,1.0000000000
120990608,92,1.0000000000
120990609,92,1.0000000000
120990610,92,1.0000000000
120990611,91,1.0000000000
120990612,91,1.0000000000
120990613,91,1.0000000000
120990614,92,1.0000000000
120990615,91,0.5151515152
120990615,92,0.4848484848
120990616,92,1.0000000000
120990617,92,1.0000000000
120990618,91,1.0000000000
120990619,91,1.0000000000
120990620,91,1.0000000000
120990621,91,1.0000000000
120990622,91,1.0000000000
120990623,92,1.0000000000
120990624,94,1.0000000000
120990625,94,1.0000000000
120990626,94,1.0000000000
120990627,94,1.0000000000
120990628,94,1.0000000000
120990629,94,1.0000000000
120990630,94,1.0000000000
120990631,94,1.0000000000
120990632,94,1.0000000000
120990633,94,1.0000000000
120990634,94,1.0000000000
120990635,94,1.0000000000
120990636,94,1.0000000000
120990637,94,1.0000000000
120990638,94,1.0000000000
120990639,94,1.0000000000
120990640,94,1.0000000000
120990641,94,1.0000000000
120990642,94,1.0000000000
120990643,94,1.0000000000
120990644,94,1.0000000000
120990645,94,1.0000000000
120990646,94,1.0000000000
120990647,94,1.0000000000
120990648,94,1.0000000000
120990649,94,1.0000000000
120990650,94,1.0000000000
120990651,94,1.0000000000
120990652,94,1.0000000000
120990653,94,1.0000000000
120990654,94,1.0000000000
120990655,94,1.0000000000
120990656,94,1.0000000000
120990657,94,1.0000000000
120990658,94,1.0000000000
120990659,94,1.0000000000
120990660,94,1.0000000000
120990661,94,1.0000000000
120990662,94,1.0000000000
120990663,94,1.0000000000
120990664,94,1.0000000000
120990665,94,1.0000000000
120990666,94,1.0000000000
120990667,94,1.0000000000
120990668,94,1.0000000000
120990669,94,1.0000000000
120990670,94,1.0000000000
120990671,94,1.0000000000
120990672,94,1.0000000000
120990673,94,1.0000000000
120990674,94,1.0000000000
120990675,94,1.0000000000
120990676,94,1.0000000000
120990677,94,1.0000000000
120990678,94,1.0000000000
120990679,94,1.0000000000
120990680,94,1.0000000000
120990681,94,1.0000000000
120990682,94,1.0000000000
120990683,94,1.0000000000
120990684,88,0.8750000000
120990684,94,0.1250000000
120990685,88,0.6666666667
120990685,94,0.3333333333
120990686,94,1.0000000000
120990687,94,1.0000000000
120990688,94,1.0000000000
120990689,94,1.0000000000
120990690,94,1.0000000000
120990691,94,1.0000000000
120990692,94,1.0000000000
120990693,88,0.1219512195
120990693,94,0.8780487805
120990694,94,1.0000000000
120990695,94,1.0000000000
120990696,93,0.0172910684
120990696,94,0.9827089316
120990697,88,0.2500000000
120990697,94,0.7500000000
120990698,88,0.9657018194
120990698,93,0.0342981806
120990699,88,1.0000000000
120990700,88,0.4615384615
120990700,94,0.5384615385
120990701,88,1.0000000000
120990702,88,1.0000000000
120990704,88,0.6423202269
120990704,93,0.3576797731
120990705,88,0.5256327516
120990705,93,0.4743672484
120990706,88,1.0000000000
120990707,88,1.0000000000
120990708,88,1.0000000000
120990709,93,1.0000000000
120990710,93,1.0000000000
120990711,93,0.5000000000
120990711,94,0.5000000000
120990712,93,1.0000000000
120990713,93,1.0000000000
120990714,93,1.0000000000
120990715,93,1.0000000000
120990716,93,1.0000000000
120990717,93,1.0000000000
120990718,93,1.0000000000
120990719,93,1.0000000000
120990720,93,1.0000000000
120990721,93,1.0000000000
120990722,93,1.0000000000
120990723,93,1.0000000000
120990724,93,1.0000000000
120990725,93,1.0000000000
120990726,93,1.0000000000
120990727,88,0.6961304577
120990727,93,0.3038695423
120990728,93,1.0000000000
120990729,93,1.0000000000
120990730,93,1.0000000000
120990731,88,0.0645161290
120990731,93,0.9354838710
120990732,88,0.1086956522
120990732,93,0.8913043478
120990733,93,1.0000000000
120990734,93,1.0000000000
120990735,93,1.0000000000
120990736,88,0.1666666667
120990736,93,0.8333333333
120990737,88,0.8461538462
120990737,89,0.1538461538
120990738,88,0.7108139800
120990738,93,0.2891860200
120990739,93,1.0000000000
120990740,93,1.0000000000
120990741,93,1.0000000000
120990742,93,1.0000000000
120990743,93,1.0000000000
120990744,93,1.0000000000
120990745,93,1.0000000000
120990746,93,1.0000000000
120990747,93,1.0000000000
120990748,93,1.0000000000
120990749,93,1.0000000000
120990750,93,1.0000000000
120990751,93,1.0000000000
120990752,93,1.0000000000
120990753,93,1.0000000000
120990754,93,1.0000000000
120990755,94,1.0000000000
120990756,94,1.0000000000
120990757,88,1.0000000000
120990758,88,1.0000000000
120990759,88,1.0000000000
120990760,88,1.0000000000
120990761,88,1.0000000000
120990762,88,1.0000000000
120990763,88,1.0000000000
120990764,88,1.0000000000
120990765,87,0.8458653378
120990765,88,0.1541346622
120990766,87,1.0000000000
120990767,88,1.0000000000
120990768,88,1.0000000000
120990769,88,1.0000000000
120990770,87,0.0909090909
120990770,88,0.9090909091
120990771,87,1.0000000000
120990772,87,0.1882352941
120990772,88,0.8117647059
120990773,88,1.0000000000
120990774,88,1.0000000000
120990775,88,1.0000000000
120990776,88,1.0000000000
120990777,88,1.0000000000
120990778,87,0.6250000000
120990778,88,0.3750000000
120990779,87,0.4492753623
120990779,88,0.5507246377
120990780,88,1.0000000000
120990781,88,1.0000000000
120990782,88,1.0000000000
120990783,87,0.2941176471
120990783,88,0.7058823529
120990784,87,1.0000000000
120990785,88,1.0000000000
120990786,88,1.0000000000
120990787,87,1.0000000000
120990788,88,1.0000000000
120990789,88,1.0000000000
120990790,88,1.0000000000
120990791,88,1.0000000000
120990792,88,1.0000000000
120990793,87,0.7500000000
120990793,88,0.2500000000
120990794,87,1.0000000000
120990795,87,1.0000000000
120990796,87,1.0000000000
120990797,87,1.0000000000
120990798,87,1.0000000000
120990799,87,1.0000000000
120990800,89,1.0000000000
120990801,87,1.0000000000
120990802,89,1.0000000000
120990803,87,0.4159292035
120990803,89,0.5840707965
120990804,87,1.0000000000
120990805,87,1.0000000000
120990806,87,0.9861111111
120990806,89,0.0138888889
120990807,87,1.0000000000
120990808,87,1.0000000000
120990809,87,0.9513762823
120990809,90,0.0486237177
120990810,90,1.0000000000
120990811,90,1.0000000000
120990813,90,1.0000000000
120990814,90,1.0000000000
120990815,90,1.0000000000
120990816,90,1.0000000000
120990817,90,1.0000000000
120990818,90,1.0000000000
120990819,90,1.0000000000
120990820,90,1.0000000000
120990821,90,1.0000000000
120990822,90,1.0000000000
120990823,90,1.0000000000
120990824,90,1.0000000000
120990825,90,1.0000000000
120990826,90,1.0000000000
120990827,90,1.0000000000
120990828,90,1.0000000000
120990829,90,1.0000000000
120990830,90,1.0000000000
120990831,90,1.0000000000
120990832,87,0.3539823009
120990832,89,0.6460176991
120990833,86,0.2142857143
120990833,87,0.4047619048
120990833,90,0.2261904762
120990833,91,0.1547619048
120990834,94,1.0000000000
120990836,94,1.0000000000
120990837,94,1.0000000000
120990838,88,1.0000000000
120990839,94,1.0000000000
120990840,94,1.0000000000
120990841,87,1.0000000000
120990842,92,0.0476399437
120990842,93,0.1695258193
120990842,94,0.7828342370
120990843,94,1.0000000000
120990844,88,1.0000000000
120990845,86,1.0000000000
120990846,87,1.0000000000
120990847,88,1.0000000000
120990848,88,0.1666666667
120990848,94,0.8333333333
120990849,90,1.0000000000
120990850,94,1.0000000000
120990851,93,0.0285152891
120990851,94,0.9714847109
121010001,54,1.0000000000
121010002,54,1.0000000000
121010003,54,1.0000000000
121010004,54,1.0000000000
121010005,54,1.0000000000
121010006,54,1.0000000000
121010007,54,1.0000000000
121010008,54,1.0000000000
121010009,54,1.0000000000
121010010,54,1.0000000000
121010011,55,1.0000000000
121010012,55,1.0000000000
121010013,55,1.0000000000
121010014,54,1.0000000000
121010015,55,1.0000000000
121010016,53,1.0000000000
121010017,55,1.0000000000
121010018,55,1.0000000000
121010019,56,1.0000000000
121010020,54,1.0000000000
121010021,54,1.0000000000
121010022,54,1.0000000000
121010023,54,1.0000000000
121010024,56,1.0000000000
121010025,54,1.0000000000
121010026,54,1.0000000000
121010027,54,1.0000000000
121010028,54,1.0000000000
121010029,54,1.0000000000
121010030,54,1.0000000000
121010031,54,1.0000000000
121010032,54,1.0000000000
121010033,54,1.0000000000
121010034,54,1.0000000000
121010035,54,1.0000000000
121010036,54,1.0000000000
121010037,56,1.0000000000
121010038,56,1.0000000000
121010039,54,1.0000000000
121010040,54,1.0000000000
121010041,54,1.0000000000
121010042,56,1.0000000000
121010043,53,1.0000000000
121010044,53,1.0000000000
121010045,53,1.0000000000
121010046,53,1.0000000000
121010047,53,1.0000000000
121010048,53,0.7337340240
121010048,55,0.2662659760
121010049,56,1.0000000000
121010050,56,1.0000000000
121010051,56,1.0000000000
121010052,56,1.0000000000
121010053,56,1.0000000000
121010054,56,1.0000000000
121010055,56,1.0000000000
121010056,56,1.0000000000
121010057,56,1.0000000000
121010058,56,1.0000000000
121010059,56,1.0000000000
121010060,56,1.0000000000
121010061,56,1.0000000000
121010062,56,1.0000000000
121010063,56,1.0000000000
121010064,56,1.0000000000
121010065,56,1.0000000000
121010066,55,1.0000000000
121010067,55,1.0000000000
121010068,54,1.0000000000
121010069,56,1.0000000000
121010070,54,1.0000000000
121010071,56,1.0000000000
121010072,55,1.0000000000
121010073,56,1.0000000000
121010074,56,1.0000000000
121010075,56,1.0000000000
121010076,56,1.0000000000
121010077,55,1.0000000000
121010078,56,1.0000000000
121010079,56,1.0000000000
121010080,56,1.0000000000
121010081,55,1.0000000000
121010082,56,1.0000000000
121010083,56,1.0000000000
121010084,56,1.0000000000
121010085,56,1.0000000000
121010086,56,1.0000000000
121010087,56,1.0000000000
121010088,56,1.0000000000
121010089,56,1.0000000000
121010090,56,1.0000000000
121010091,56,1.0000000000
121010092,56,1.0000000000
121010093,56,1.0000000000
121010094,56,1.0000000000
121010095,56,1.0000000000
121010096,56,1.0000000000
121010097,56,1.0000000000
121010098,56,1.0000000000
121010099,56,1.0000000000
121010100,56,1.0000000000
121010101,56,1.0000000000
121010102,56,1.0000000000
121010103,56,1.0000000000
121010104,56,1.0000000000
121010105,53,0.3614823815
121010105,56,0.6385176185
121010106,54,0.1458333333
121010106,55,0.8541666667
121010107,54,1.0000000000
121010108,54,1.0000000000
121010109,54,1.0000000000
121010110,54,1.0000000000
121010111,54,1.0000000000
121010112,56,1.0000000000
121010113,56,1.0000000000
121010114,56,1.0000000000
121010115,56,1.0000000000
121010116,56,1.0000000000
121010117,56,1.0000000000
121010118,56,1.0000000000
121010119,54,1.0000000000
121010120,54,1.0000000000
121010121,54,1.0000000000
121010122,55,1.0000000000
121010123,53,1.0000000000
121010124,56,1.0000000000
121010125,54,1.0000000000
121010126,56,1.0000000000
121010127,56,1.0000000000
121010128,53,1.0000000000
121010129,55,1.0000000000
121010130,54,1.0000000000
121010131,55,1.0000000000
121010132,55,1.0000000000
121010133,55,1.0000000000
121010134,56,1.0000000000
121010135,56,1.0000000000
121010136,56,1.0000000000
121010137,54,1.0000000000
121010138,54,1.0000000000
121010139,54,1.0000000000
121010140,54,1.0000000000
121010141,54,1.0000000000
121010142,54,1.0000000000
121010143,54,1.0000000000
121010144,54,1.0000000000
121010145,54,1.0000000000
121010146,54,1.0000000000
121010147,54,0.1470588235
121010147,55,0.8529411765
121010148,54,1.0000000000
121010149,54,1.0000000000
121010150,56,1.0000000000
121010151,53,0.2075471698
121010151,55,0.7924528302
121010152,56,1.0000000000
121010153,55,1.0000000000
121010154,56,1.0000000000
121010155,56,1.0000000000
121010156,53,1.0000000000
121010157,55,1.0000000000
121010158,56,1.0000000000
121010159,56,1.0000000000
121010160,56,1.0000000000
121010161,55,0.2187500000
121010161,56,0.7812500000
121010162,55,1.0000000000
121010163,55,1.0000000000
121010164,55,1.0000000000
121010165,55,1.0000000000
121010166,55,1.0000000000
121010167,56,1.0000000000
121010168,53,1.0000000000
121010169,53,0.0073142104
121010169,55,0.9926857896
121010170,54,0.6896551724
121010170,55,0.3103448276
121010171,55,1.0000000000
121010172,54,0.9743589744
121010172,67,0.0256410256
121010173,54,1.0000000000
121010174,54,1.0000000000
121010175,54,1.0000000000
121010176,54,1.0000000000
121010177,54,1.0000000000
121010178,54,1.0000000000
121010179,56,1.0000000000
121010180,53,0.9148936170
121010180,55,0.0851063830
121010181,56,1.0000000000
121010182,54,1.0000000000
121010183,56,1.0000000000
121010184,56,1.0000000000
121010185,56,1.0000000000
121010186,55,1.0000000000
121010187,53,1.0000000000
121010188,56,1.0000000000
121010189,56,1.0000000000
121010190,55,1.0000000000
121010191,54,1.0000000000
121010192,53,1.0000000000
121010193,54,0.8333333333
121010193,55,0.1666666667
121010194,53,1.0000000000
121010195,55,0.9870129870
121010195,56,0.0129870130
121010196,54,1.0000000000
121010197,55,1.0000000000
121010198,54,1.0000000000
121010199,56,1.0000000000
121010200,56,1.0000000000
121010201,56,1.0000000000
121010202,55,1.0000000000
121010203,55,1.0000000000
121010204,54,1.0000000000
121010205,55,1.0000000000
121010206,54,0.0714285714
121010206,55,0.9285714286
121010207,54,1.0000000000
121010208,54,1.0000000000
121010209,54,1.0000000000
121010210,55,1.0000000000
121010211,56,1.0000000000
121010212,54,1.0000000000
121010213,55,1.0000000000
121010214,56,1.0000000000
121010215,54,1.0000000000
121010216,55,1.0000000000
121010217,56,1.0000000000
121010218,53,0.3601139349
121010218,56,0.6398860651
121010219,53,1.0000000000
121010222,56,1.0000000000
121010223,56,1.0000000000
121010224,56,1.0000000000
121010225,56,1.0000000000
121010226,54,1.0000000000
121010227,54,1.0000000000
121030001,61,0.0000136969
121030001,62,0.9999863031
121030002,62,1.0000000000
121030003,62,1.0000000000
121030004,62,1.0000000000
121030005,62,1.0000000000
121030006,61,0.0147012214
121030006,62,0.9852987786
121030007,62,1.0000000000
121030008,62,1.0000000000
121030009,62,1.0000000000
121030010,62,1.0000000000
121030011,62,1.0000000000
121030012,62,1.0000000000
121030013,62,1.0000000000
121030014,62,1.0000000000
121030015,62,1.0000000000
121030016,62,1.0000000000
121030017,62,1.0000000000
121030018,60,0.4464988558
121030018,62,0.5535011442
121030019,60,0.1041666667
121030019,62,0.8958333333
121030020,62,1.0000000000
121030021,62,1.0000000000
121030022,62,1.0000000000
121030023,62,1.0000000000
121030024,60,0.0123456790
121030024,62,0.9876543210
121030025,62,1.0000000000
121030026,60,0.8571428571
121030026,62,0.1428571429
121030027,60,0.9545454545
121030027,62,0.0454545455
121030028,60,0.8448275862
121030028,62,0.1551724138
121030029,60,0.1403508772
121030029,62,0.8596491228
121030030,60,0.8588235294
121030030,62,0.1411764706
121030031,60,1.0000000000
121030032,60,1.0000000000
121030033,60,1.0000000000
121030034,60,1.0000000000
121030035,60,0.9739130435
121030035,62,0.0260869565
121030036,60,1.0000000000
121030037,60,1.0000000000
121030038,60,1.0000000000
121030039,60,1.0000000000
121030040,60,1.0000000000
121030041,60,1.0000000000
121030042,60,0.9866666667
121030042,62,0.0133333333
121030043,60,0.9655172414
121030043,62,0.0344827586
121030044,60,0.9736842105
121030044,62,0.0263157895
121030045,60,1.0000000000
121030046,60,1.0000000000
121030047,60,1.0000000000
121030048,60,1.0000000000
121030049,60,1.0000000000
121030050,60,1.0000000000
121030051,60,1.0000000000
121030052,60,1.0000000000
121030053,60,1.0000000000
121030054,60,1.0000000000
121030055,60,1.0000000000
121030056,60,1.0000000000
121030057,60,1.0000000000
121030058,60,1.0000000000
121030059,60,1.0000000000
121030060,60,1.0000000000
121030061,60,1.0000000000
121030062,60,1.0000000000
121030063,60,1.0000000000
121030064,60,1.0000000000
121030065,60,1.0000000000
121030066,60,1.0000000000
121030067,60,1.0000000000
121030068,60,1.0000000000
121030069,60,1.0000000000
121030070,60,1.0000000000
121030071,60,1.0000000000
121030072,60,1.0000000000
121030073,60,1.0000000000
121030074,60,1.0000000000
121030075,60,1.0000000000
121030076,60,1.0000000000
121030077,60,1.0000000000
121030078,61,1.0000000000
121030079,61,0.9983078722
121030079,62,0.0016921278
121030080,61,1.0000000000
121030081,62,1.0000000000
121030082,62,1.0000000000
121030083,62,1.0000000000
121030084,61,1.0000000000
121030085,61,1.0000000000
121030086,61,1.0000000000
121030087,61,1.0000000000
121030088,61,1.0000000000
121030089,61,1.0000000000
121030090,61,1.0000000000
121030091,61,1.0000000000
121030092,61,1.0000000000
121030093,61,0.3750000000
121030093,62,0.6250000000
121030094,61,1.0000000000
121030095,61,0.9615384615
121030095,62,0.0384615385
121030096,61,1.0000000000
121030097,61,1.0000000000
121030098,61,1.0000000000
121030099,61,1.0000000000
121030100,62,1.0000000000
121030101,62,1.0000000000
121030102,61,0.0085470085
121030102,62,0.9914529915
121030103,61,0.6460176991
121030103,62,0.3539823009
121030104,62,1.0000000000
121030105,61,0.1000000000
121030105,62,0.9000000000
121030106,61,1.0000000000
121030107,61,1.0000000000
121030108,61,1.0000000000
121030109,61,1.0000000000
121030110,62,1.0000000000
121030111,59,1.0000000000
121030112,61,1.0000000000
121030113,61,1.0000000000
121030114,61,1.0000000000
121030115,61,1.0000000000
121030116,61,1.0000000000
121030117,61,1.0000000000
121030118,61,1.0000000000
121030119,61,1.0000000000
121030120,61,1.0000000000
121030121,61,1.0000000000
121030122,61,1.0000000000
121030123,61,1.0000000000
121030124,61,1.0000000000
121030125,59,1.0000000000
121030126,61,1.0000000000
121030127,61,1.0000000000
121030128,59,1.0000000000
121030129,61,1.0000000000
121030130,61,1.0000000000
121030131,61,1.0000000000
121030132,61,1.0000000000
121030133,61,1.0000000000
121030134,61,1.0000000000
121030135,60,0.3800000000
121030135,61,0.6200000000
121030136,61,1.0000000000
121030137,61,1.0000000000
121030138,61,1.0000000000
121030139,61,1.0000000000
121030140,61,1.0000000000
121030141,61,1.0000000000
121030142,61,1.0000000000
121030143,61,1.0000000000
121030144,60,0.8688524590
121030144,61,0.1311475410
121030145,60,1.0000000000
121030146,61,1.0000000000
121030147,59,0.0373215041
121030147,61,0.9626784959
121030148,59,0.9123383052
121030148,61,0.0876616948
121030149,59,0.9344262295
121030149,61,0.0655737705
121030150,60,0.9425287356
121030150,61,0.0574712644
121030151,60,1.0000000000
121030152,60,1.0000000000
121030153,60,1.0000000000
121030154,60,1.0000000000
121030155,59,0.0006506502
121030155,60,0.9993493498
121030156,59,0.9805825243
121030156,61,0.0194174757
121030157,60,0.3372093023
121030157,61,0.6627906977
121030158,60,1.0000000000
121030159,60,0.4065934066
121030159,61,0.5934065934
121030160,59,1.0000000000
121030161,59,1.0000000000
121030162,59,1.0000000000
121030163,59,1.0000000000
121030164,59,1.0000000000
121030165,59,0.4374835715
121030165,60,0.5625164285
121030166,61,1.0000000000
121030167,61,1.0000000000
121030168,61,1.0000000000
121030169,61,1.0000000000
121030170,61,1.0000000000
121030171,59,0.0425531915
121030171,61,0.9574468085
121030172,59,0.4843750000
121030172,61,0.5156250000
121030173,59,0.6857142857
121030173,61,0.3142857143
121030174,59,1.0000000000
121030175,59,1.0000000000
121030176,59,1.0000000000
121030177,59,0.8860759494
121030177,61,0.1139240506
121030178,59,1.0000000000
121030179,59,1.0000000000
121030180,59,1.0000000000
121030181,59,0.9500000000
121030181,61,0.0500000000
121030182,59,1.0000000000
121030183,59,1.0000000000
121030184,59,1.0000000000
121030185,59,1.0000000000
121030186,59,1.0000000000
121030187,59,1.0000000000
121030188,59,1.0000000000
121030189,59,1.0000000000
121030190,59,1.0000000000
121030191,59,1.0000000000
121030192,59,1.0000000000
121030193,59,1.0000000000
121030194,59,1.0000000000
121030195,59,1.0000000000
121030196,59,1.0000000000
121030197,59,1.0000000000
121030198,58,0.0019887198
121030198,59,0.9980112802
121030199,59,1.0000000000
121030200,59,1.0000000000
121030201,59,1.0000000000
121030202,59,1.0000000000
121030203,59,1.0000000000
121030204,59,1.0000000000
121030205,59,1.0000000000
121030206,59,1.0000000000
121030207,59,1.0000000000
121030208,59,1.0000000000
121030209,59,1.0000000000
121030210,58,0.0580004285
121030210,59,0.9419995715
121030211,58,0.9473684211
121030211,59,0.0526315789
121030212,58,0.0967303683
121030212,59,0.9032696317
121030213,59,1.0000000000
121030214,59,1.0000000000
121030215,59,1.0000000000
121030216,58,0.0339549857
121030216,59,0.9660450143
121030217,58,0.0294117647
121030217,59,0.9705882353
121030218,58,0.0107361963
121030218,59,0.9892638037
121030219,58,0.8220224716
121030219,59,0.1779775284
121030220,59,1.0000000000
121030221,58,1.0000000000
121030222,58,1.0000000000
121030223,59,1.0000000000
121030224,59,1.0000000000
121030225,58,0.9985682168
121030225,59,0.0014317832
121030226,61,1.0000000000
121030227,61,1.0000000000
121030228,61,1.0000000000
121030229,61,1.0000000000
121030230,61,1.0000000000
121030231,61,1.0000000000
121030232,61,1.0000000000
121030233,61,1.0000000000
121030234,61,1.0000000000
121030235,61,1.0000000000
121030236,61,1.0000000000
121030237,61,1.0000000000
121030238,61,1.0000000000
121030239,58,0.0048777995
121030239,59,0.0005240615
121030239,61,0.9945981390
121030240,58,1.0000000000
121030241,58,1.0000000000
121030242,58,1.0000000000
121030243,58,0.9995355631
121030243,59,0.0004644369
121030244,58,1.0000000000
121030245,58,0.9418047929
121030245,59,0.0581952071
121030246,58,1.0000000000
121030247,58,1.0000000000
121030248,58,1.0000000000
121030249,58,1.0000000000
121030250,58,1.0000000000
121030251,58,1.0000000000
121030252,58,1.0000000000
121030253,58,1.0000000000
121030254,58,1.0000000000
121030255,58,1.0000000000
121030256,58,1.0000000000
121030257,58,1.0000000000
121030258,58,1.0000000000
121030259,58,1.0000000000
121030260,58,1.0000000000
121030261,58,1.0000000000
121030262,57,0.0056244536
121030262,58,0.9943755464
121030263,57,0.0071412365
121030263,58,0.9928587635
121030264,58,1.0000000000
121030265,58,1.0000000000
121030266,58,1.0000000000
121030267,58,1.0000000000
121030268,58,1.0000000000
121030269,58,1.0000000000
121030270,58,1.0000000000
121030271,58,1.0000000000
121030272,58,1.0000000000
121030273,58,1.0000000000
121030274,58,1.0000000000
121030275,58,1.0000000000
121030276,58,1.0000000000
121030277,57,0.0977522788
121030277,58,0.9022477212
121030278,58,1.0000000000
121030279,57,1.0000000000
121030280,57,1.0000000000
121030281,58,1.0000000000
121030282,57,1.0000000000
121030283,57,1.0000000000
121030284,57,1.0000000000
121030285,57,1.0000000000
121030286,57,1.0000000000
121030287,57,1.0000000000
121030288,57,1.0000000000
121030289,58,1.0000000000
121030290,58,1.0000000000
121030291,57,1.0000000000
121030292,57,1.0000000000
121030293,57,1.0000000000
121030294,57,1.0000000000
121030295,57,1.0000000000
121030296,57,1.0000000000
121030297,57,1.0000000000
121030298,57,1.0000000000
121030299,57,1.0000000000
121030300,58,1.0000000000
121030301,57,1.0000000000
121030302,57,1.0000000000
121030303,58,1.0000000000
121030304,59,1.0000000000
121030305,59,0.1249952377
121030305,60,0.8750047623
121030306,59,1.0000000000
121030307,58,0.1235545500
121030307,59,0.7587983912
121030307,60,0.1176470588
121030308,58,0.8625248080
121030308,60,0.1374751920
121030309,57,0.0190974526
121030309,58,0.9371923899
121030309,60,0.0437101575
121030310,58,1.0000000000
121030311,57,0.0308537320
121030311,58,0.9691462680
121030312,58,1.0000000000
121030313,58,1.0000000000
121030314,58,1.0000000000
121030315,58,1.0000000000
121030316,58,1.0000000000
121030317,57,1.0000000000
121030318,57,1.0000000000
121030319,57,1.0000000000
121030320,57,1.0000000000
121030321,58,1.0000000000
121030322,57,1.0000000000
121030323,57,0.9976133787
121030323,58,0.0023866213
121030324,57,1.0000000000
121030325,57,1.0000000000
121030326,57,1.0000000000
121030327,57,1.0000000000
121030328,57,1.0000000000
121030329,57,1.0000000000
121030330,57,1.0000000000
121030331,57,1.0000000000
121030332,57,1.0000000000
121030333,57,1.0000000000
121030334,57,1.0000000000
121030335,57,1.0000000000
121030336,57,1.0000000000
121030337,58,1.0000000000
121030338,57,0.1333333333
121030338,58,0.8666666667
121030339,59,0.9560439560
121030339,60,0.0439560440
121030340,57,1.0000000000
121030341,57,1.0000000000
121030342,57,1.0000000000
121030343,57,1.0000000000
121030344,57,1.0000000000
121030345,57,1.0000000000
121030346,57,1.0000000000
121030347,57,1.0000000000
121030348,57,0.0859893525
121030348,58,0.9140106475
121030349,58,1.0000000000
121030350,57,1.0000000000
121030351,58,0.8750000000
121030351,60,0.1250000000
121030352,59,1.0000000000
121030353,57,0.8962765431
121030353,58,0.1037234569
121030354,57,1.0000000000
121030355,59,0.9548698070
121030355,60,0.0451301930
121030356,57,1.0000000000
121030357,57,1.0000000000
121030358,57,1.0000000000
121030359,57,1.0000000000
121030360,57,1.0000000000
121030361,57,1.0000000000
121030362,57,1.0000000000
121030363,57,1.0000000000
121030364,57,1.0000000000
121030365,57,1.0000000000
121030366,57,1.0000000000
121050001,51,1.0000000000
121050002,51,1.0000000000
121050003,51,1.0000000000
121050004,51,1.0000000000
121050005,50,1.0000000000
121050006,50,0.0169180271
121050006,51,0.9830819729
121050007,50,1.0000000000
121050008,50,0.1142857143
121050008,51,0.8857142857
121050009,50,0.9814814815
121050009,51,0.0185185185
121050010,50,0.9855072464
121050010,51,0.0144927536
121050011,50,1.0000000000
121050012,50,1.0000000000
121050013,50,1.0000000000
121050014,50,1.0000000000
121050015,50,1.0000000000
121050016,50,1.0000000000
121050017,50,1.0000000000
121050018,50,1.0000000000
121050019,50,1.0000000000
121050020,49,0.4760535452
121050020,50,0.5239464548
121050021,50,1.0000000000
121050022,50,1.0000000000
121050023,49,0.9859154930
121050023,50,0.0140845070
121050024,49,0.7998792889
121050024,51,0.2001207111
121050025,50,1.0000000000
121050026,50,1.0000000000
121050027,49,0.3248748549
121050027,50,0.6751251451
121050028,50,1.0000000000
121050029,50,1.0000000000
121050030,49,0.1304347826
121050030,50,0.8695652174
121050031,50,1.0000000000
121050032,50,1.0000000000
121050033,49,0.6859671524
121050033,50,0.3140328476
121050034,50,1.0000000000
121050035,50,1.0000000000
121050036,49,1.0000000000
121050037,50,1.0000000000
121050038,50,1.0000000000
121050039,49,0.0156250000
121050039,50,0.9843750000
121050040,49,1.0000000000
121050041,49,0.8059277213
121050041,51,0.1940722787
121050042,50,1.0000000000
121050043,50,1.0000000000
121050044,50,1.0000000000
121050045,49,0.7296751614
121050045,50,0.2703248386
121050046,49,0.3260534341
121050046,50,0.6739465659
121050047,49,0.0410869627
121050047,50,0.9589130373
121050048,49,1.0000000000
121050049,49,0.3114754098
121050049,50,0.6885245902
121050050,49,1.0000000000
121050051,49,1.0000000000
121050052,49,1.0000000000
121050053,49,1.0000000000
121050054,49,1.0000000000
121050055,49,1.0000000000
121050056,49,1.0000000000
121050057,49,1.0000000000
121050058,49,1.0000000000
121050059,49,1.0000000000
121050060,49,1.0000000000
121050061,49,1.0000000000
121050062,49,1.0000000000
121050063,50,0.2759927012
121050063,51,0.7240072988
121050064,51,1.0000000000
121050065,49,0.0106951872
121050065,50,0.2620320856
121050065,51,0.7272727273
121050066,51,1.0000000000
121050067,51,1.0000000000
121050068,48,0.0543933054
121050068,51,0.9456066946
121050069,48,0.9512195122
121050069,51,0.0487804878
121050070,48,0.2099232831
121050070,51,0.7900767169
121050071,48,0.0135135135
121050071,51,0.9864864865
121050072,51,1.0000000000
121050073,49,0.4594594595
121050073,51,0.5405405405
121050074,48,0.1125906980
121050074,49,0.0096153846
121050074,51,0.8777939174
121050075,48,0.3333333333
121050075,49,0.6666666667
121050076,48,1.0000000000
121050077,48,1.0000000000
121050078,49,1.0000000000
121050079,48,0.0625000000
121050079,49,0.9375000000
121050080,51,1.0000000000
121050081,48,0.1308411215
121050081,51,0.8691588785
121050082,51,1.0000000000
121050083,51,1.0000000000
121050084,48,0.0094339623
121050084,51,0.9905660377
121050085,48,0.5599836304
121050085,51,0.4400163696
121050086,48,1.0000000000
121050087,48,0.9909909910
121050087,51,0.0090090090
121050088,48,1.0000000000
121050089,48,1.0000000000
121050090,48,1.0000000000
121050091,48,1.0000000000
121050092,49,1.0000000000
121050093,49,1.0000000000
121050094,49,1.0000000000
121050095,49,1.0000000000
121050096,49,1.0000000000
121050097,49,1.0000000000
121050098,49,1.0000000000
121050099,49,1.0000000000
121050100,49,1.0000000000
121050101,49,1.0000000000
121050102,49,1.0000000000
121050103,48,0.0314960630
121050103,49,0.9685039370
121050104,49,1.0000000000
121050105,49,1.0000000000
121050106,48,0.0077220077
121050106,49,0.9922779923
121050107,48,0.9421487603
121050107,49,0.0578512397
121050108,48,0.3018190106
121050108,49,0.6981809894
121050109,48,1.0000000000
121050110,48,1.0000000000
121050111,48,1.0000000000
121050112,48,1.0000000000
121050113,48,1.0000000000
121050114,48,1.0000000000
121050115,48,1.0000000000
121050116,48,1.0000000000
121050118,48,1.0000000000
121050119,48,1.0000000000
121050120,48,0.9836065574
121050120,49,0.0163934426
121050121,48,0.6724201379
121050121,49,0.3275798621
121050122,48,0.9962121212
121050122,49,0.0037878788
121050123,48,1.0000000000
121050124,48,1.0000000000
121050125,48,1.0000000000
121050126,48,0.9131832797
121050126,49,0.0868167203
121050127,48,1.0000000000
121050128,48,0.9604307089
121050128,51,0.0395692911
121050129,48,1.0000000000
121050130,48,0.0811576988
121050130,51,0.9188423012
121050131,48,0.7048835168
121050131,51,0.2951164832
121050132,48,0.7416467417
121050132,51,0.2583532583
121050133,49,1.0000000000
121050134,48,1.0000000000
121050135,49,1.0000000000
121050136,48,1.0000000000
121050137,48,1.0000000000
121050138,48,1.0000000000
121050139,50,1.0000000000
121050140,48,1.0000000000
121050141,48,1.0000000000
121050142,51,1.0000000000
121050143,51,1.0000000000
121050144,48,1.0000000000
121050145,48,0.2200396868
121050145,51,0.7799603132
121050146,50,1.0000000000
121070001,20,1.0000000000
121070002,20,1.0000000000
121070003,20,1.0000000000
121070004,20,1.0000000000
121070005,20,1.0000000000
121070006,20,1.0000000000
121070007,20,1.0000000000
121070008,20,1.0000000000
121070009,20,1.0000000000
121070010,20,1.0000000000
121070011,20,1.0000000000
121070012,20,1.0000000000
121070013,20,1.0000000000
121070014,20,1.0000000000
121070015,20,1.0000000000
121070016,20,1.0000000000
121070017,20,1.0000000000
121070018,20,1.0000000000
121070019,20,1.0000000000
121070020,20,1.0000000000
121070021,20,1.0000000000
121070022,20,1.0000000000
121070023,20,1.0000000000
121070024,20,1.0000000000
121070025,20,1.0000000000
121070026,20,1.0000000000
121070027,20,1.0000000000
121070028,20,1.0000000000
121070029,20,1.0000000000
121070030,20,1.0000000000
121070031,20,1.0000000000
121070033,20,1.0000000000
121070034,20,1.0000000000
121070035,20,1.0000000000
121070036,20,1.0000000000
121070037,20,1.0000000000
121070038,20,1.0000000000
121070039,20,1.0000000000
121070040,20,1.0000000000
121070041,20,1.0000000000
121070042,20,1.0000000000
121070043,20,1.0000000000
121070044,20,1.0000000000
121070045,20,1.0000000000
121070046,20,1.0000000000
121070047,20,1.0000000000
121070048,20,1.0000000000
121070049,20,1.0000000000
121070050,20,1.0000000000
121070051,20,1.0000000000
121070052,20,1.0000000000
121070053,20,1.0000000000
121070054,20,1.0000000000
121070055,20,1.0000000000
121070056,20,1.0000000000
121070057,20,1.0000000000
121070058,20,1.0000000000
121070059,20,1.0000000000
121070060,20,1.0000000000
121070061,20,1.0000000000
121070062,20,1.0000000000
121070063,20,1.0000000000
121070064,20,1.0000000000
121070065,20,1.0000000000
121070067,20,1.0000000000
121070068,20,1.0000000000
121070069,20,1.0000000000
121070070,20,1.0000000000
121070071,20,1.0000000000
121070072,20,1.0000000000
121070073,20,1.0000000000
121070074,20,1.0000000000
121070075,20,1.0000000000
121070076,20,1.0000000000
121070077,20,1.0000000000
121070078,20,1.0000000000
121070079,20,1.0000000000
121070080,20,1.0000000000
121070081,20,1.0000000000
121070082,20,1.0000000000
121070083,20,1.0000000000
121070084,20,1.0000000000
121070085,20,1.0000000000
121070086,20,1.0000000000
121070087,20,1.0000000000
121070088,20,1.0000000000
121070089,20,1.0000000000
121070090,20,1.0000000000
121070091,20,1.0000000000
121070092,20,1.0000000000
121070093,20,1.0000000000
121070094,20,1.0000000000
121070095,20,1.0000000000
121070096,20,1.0000000000
121070097,20,1.0000000000
121070098,20,1.0000000000
121070099,20,1.0000000000
121070100,20,1.0000000000
121070101,20,1.0000000000
121070102,20,1.0000000000
121070103,20,1.0000000000
121070104,20,1.0000000000
121070105,20,1.0000000000
121070106,20,1.0000000000
121070107,20,1.0000000000
121070108,20,1.0000000000
121090001,18,1.0000000000
121090002,18,1.0000000000
121090003,18,1.0000000000
121090004,18,1.0000000000
121090005,18,1.0000000000
121090006,18,1.0000000000
121090007,18,1.0000000000
121090008,18,1.0000000000
121090009,18,1.0000000000
121090010,18,1.0000000000
121090011,18,1.0000000000
121090012,18,1.0000000000
121090013,18,1.0000000000
121090014,18,0.9017485090
121090014,19,0.0982514910
121090015,18,1.0000000000
121090016,18,1.0000000000
121090017,18,0.5598612115
121090017,19,0.3801387885
121090017,20,0.0600000000
121090018,18,0.2380952381
121090018,20,0.7619047619
121090019,18,0.6108534530
121090019,20,0.3891465470
121090020,19,1.0000000000
121090021,19,0.9624887580
121090021,20,0.0375112420
121090022,19,0.8924555554
121090022,20,0.1075444446
121090023,19,1.0000000000
121090024,20,1.0000000000
121090025,20,1.0000000000
121090026,20,1.0000000000
121090027,20,1.0000000000
121090028,19,0.0129347434
121090028,20,0.9870652566
121090029,19,0.7360000000
121090029,20,0.2640000000
121090030,19,1.0000000000
121090031,19,1.0000000000
121090032,19,0.5802013277
121090032,20,0.4197986723
121090033,19,1.0000000000
121090034,20,1.0000000000
121090035,18,1.0000000000
121090036,18,1.0000000000
121090037,18,1.0000000000
121090038,18,1.0000000000
121090039,18,1.0000000000
121090040,18,1.0000000000
121090041,18,0.8928571429
121090041,19,0.1071428571
121090042,19,1.0000000000
121090043,19,1.0000000000
121090044,19,1.0000000000
121090045,19,1.0000000000
121090046,19,1.0000000000
121090047,19,1.0000000000
121090048,19,1.0000000000
121110001,84,1.0000000000
121110002,84,1.0000000000
121110003,84,1.0000000000
121110004,84,1.0000000000
121110005,84,1.0000000000
121110006,84,1.0000000000
121110007,84,1.0000000000
121110008,84,1.0000000000
121110009,84,1.0000000000
121110010,84,1.0000000000
121110011,84,1.0000000000
121110012,84,1.0000000000
121110013,84,1.0000000000
121110014,84,1.0000000000
121110015,84,1.0000000000
121110016,84,1.0000000000
121110017,84,1.0000000000
121110018,85,1.0000000000
121110019,84,1.0000000000
121110020,84,1.0000000000
121110021,84,1.0000000000
121110022,85,1.0000000000
121110023,84,1.0000000000
121110024,84,1.0000000000
121110025,84,1.0000000000
121110026,84,1.0000000000
121110027,84,1.0000000000
121110028,84,1.0000000000
121110029,84,1.0000000000
121110030,85,1.0000000000
121110031,85,1.0000000000
121110032,84,0.6428571429
121110032,85,0.3571428571
121110033,84,1.0000000000
121110034,84,1.0000000000
121110035,84,1.0000000000
121110036,85,1.0000000000
121110037,84,1.0000000000
121110038,84,1.0000000000
121110039,85,1.0000000000
121110040,84,0.0283475486
121110040,85,0.9716524514
121110041,85,1.0000000000
121110042,84,0.0909090909
121110042,85,0.9090909091
121110043,85,1.0000000000
121110044,85,1.0000000000
121110045,85,1.0000000000
121110046,84,1.0000000000
121110047,85,1.0000000000
121110048,84,1.0000000000
121110049,84,1.0000000000
121110050,84,1.0000000000
121110051,84,1.0000000000
121110052,84,1.0000000000
121110053,84,1.0000000000
121110054,84,1.0000000000
121110055,84,1.0000000000
121110056,85,1.0000000000
121110057,85,1.0000000000
121110058,84,1.0000000000
121110059,84,1.0000000000
121110060,84,1.0000000000
121110061,85,1.0000000000
121110062,85,1.0000000000
121110063,85,1.0000000000
121110064,84,1.0000000000
121110065,84,1.0000000000
121110066,84,0.0655559443
121110066,85,0.9344440557
121110067,85,1.0000000000
121110068,84,1.0000000000
121110069,84,1.0000000000
121110070,84,1.0000000000
121110071,84,1.0000000000
121110072,84,1.0000000000
121110073,85,1.0000000000
121110074,85,1.0000000000
121110075,84,1.0000000000
121110076,84,0.9981705423
121110076,85,0.0018294577
121110077,84,1.0000000000
121110078,84,1.0000000000
121110079,84,0.0727726877
121110079,85,0.9272273123
121110080,84,1.0000000000
121130001,3,1.0000000000
121130002,3,1.0000000000
121130003,3,1.0000000000
121130004,3,1.0000000000
121130005,3,1.0000000000
121130006,3,1.0000000000
121130007,3,1.0000000000
121130008,3,1.0000000000
121130009,3,1.0000000000
121130010,3,1.0000000000
121130011,3,1.0000000000
121130012,3,1.0000000000
121130013,3,1.0000000000
121130014,3,1.0000000000
121130015,3,1.0000000000
121130016,3,1.0000000000
121130017,3,1.0000000000
121130018,3,1.0000000000
121130019,3,1.0000000000
121130020,3,1.0000000000
121130021,3,1.0000000000
121130022,2,1.0000000000
121130023,2,0.7789473684
121130023,3,0.2210526316
121130024,3,1.0000000000
121130025,2,1.0000000000
121130026,2,0.2063492063
121130026,3,0.7936507937
121130027,3,1.0000000000
121130028,2,1.0000000000
121130029,2,0.1769911504
121130029,3,0.8230088496
121130030,3,1.0000000000
121130031,3,1.0000000000
121130032,2,1.0000000000
121130033,3,1.0000000000
121130034,2,0.0756972112
121130034,3,0.9243027888
121130035,2,0.3239436620
121130035,3,0.6760563380
121130036,3,1.0000000000
121130037,2,0.9787234043
121130037,3,0.0212765957
121130038,2,1.0000000000
121130039,2,0.0109864976
121130039,3,0.9890135024
121130040,2,0.9411764706
121130040,3,0.0588235294
121130041,2,1.0000000000
121130042,3,1.0000000000
121150001,73,1.0000000000
121150002,73,1.0000000000
121150003,73,0.7274069396
121150003,74,0.2725930604
121150004,73,1.0000000000
121150005,73,1.0000000000
121150006,73,1.0000000000
121150007,73,1.0000000000
121150008,73,1.0000000000
121150009,74,1.0000000000
121150010,72,0.0000238201
121150010,73,0.9999761799
121150011,73,1.0000000000
121150012,73,1.0000000000
121150013,73,1.0000000000
121150014,73,1.0000000000
121150015,74,1.0000000000
121150016,74,1.0000000000
121150017,73,0.5272727273
121150017,74,0.4727272727
121150018,73,1.0000000000
121150019,73,0.8031914894
121150019,74,0.1968085106
121150020,73,0.9682580733
121150020,74,0.0317419267
121150021,74,1.0000000000
121150022,73,1.0000000000
121150023,75,1.0000000000
121150024,74,1.0000000000
121150025,73,1.0000000000
121150026,73,1.0000000000
121150027,75,1.0000000000
121150028,74,1.0000000000
121150029,73,0.9698492462
121150029,74,0.0150753769
121150029,75,0.0150753769
121150030,73,1.0000000000
121150031,73,1.0000000000
121150032,74,1.0000000000
121150033,74,1.0000000000
121150034,73,0.9519230769
121150034,74,0.0480769231
121150035,75,1.0000000000
121150036,74,1.0000000000
121150037,74,1.0000000000
121150038,74,1.0000000000
121150039,73,1.0000000000
121150040,73,1.0000000000
121150041,74,1.0000000000
121150042,73,1.0000000000
121150043,73,1.0000000000
121150044,73,0.6249311680
121150044,74,0.3750688320
121150045,73,1.0000000000
121150046,73,1.0000000000
121150047,73,1.0000000000
121150048,73,0.9575289575
121150048,75,0.0424710425
121150049,74,1.0000000000
121150050,75,1.0000000000
121150051,75,1.0000000000
121150052,73,1.0000000000
121150053,74,1.0000000000
121150054,74,1.0000000000
121150055,73,1.0000000000
121150056,73,0.7321428571
121150056,74,0.2678571429
121150057,73,1.0000000000
121150058,74,1.0000000000
121150059,73,0.5063291139
121150059,74,0.4936708861
121150060,73,0.4629629630
121150060,74,0.5370370370
121150061,73,0.7142857143
121150061,74,0.2857142857
121150062,74,0.0023246651
121150062,75,0.9976753349
121150063,75,1.0000000000
121150064,74,1.0000000000
121150065,73,1.0000000000
121150066,74,1.0000000000
121150067,74,1.0000000000
121150068,73,1.0000000000
121150069,74,1.0000000000
121150070,72,0.0001609620
121150070,74,0.9998390380
121150071,74,1.0000000000
121150072,73,1.0000000000
121150073,75,1.0000000000
121150074,74,1.0000000000
121150075,74,0.1144067797
121150075,75,0.8855932203
121150076,73,1.0000000000
121150077,75,1.0000000000
121150078,74,1.0000000000
121150079,74,1.0000000000
121150080,74,1.0000000000
121150081,74,1.0000000000
121150082,73,1.0000000000
121150083,74,1.0000000000
121150084,73,1.0000000000
121150085,73,1.0000000000
121150086,73,1.0000000000
121150087,73,1.0000000000
121150088,74,1.0000000000
121150089,73,1.0000000000
121150090,75,1.0000000000
121150091,75,1.0000000000
121150092,74,0.0819672131
121150092,75,0.9180327869
121150093,74,1.0000000000
121150094,73,1.0000000000
121150095,74,1.0000000000
121150096,74,1.0000000000
121150097,74,1.0000000000
121150098,73,1.0000000000
121150099,73,1.0000000000
121150100,73,1.0000000000
121150101,73,0.0165745856
121150101,75,0.9834254144
121150102,73,1.0000000000
121150103,73,1.0000000000
121150104,74,1.0000000000
121150105,74,1.0000000000
121150106,74,1.0000000000
121150107,73,1.0000000000
121150108,75,1.0000000000
121150109,73,0.9500000000
121150109,75,0.0500000000
121150110,73,1.0000000000
121170001,39,1.0000000000
121170002,39,1.0000000000
121170003,39,1.0000000000
121170004,39,1.0000000000
121170005,36,1.0000000000
121170006,36,1.0000000000
121170007,36,1.0000000000
121170008,36,1.0000000000
121170009,36,1.0000000000
121170010,36,0.0186916257
121170010,38,0.9813083743
121170011,36,0.0492839206
121170011,38,0.9507160794
121170012,36,0.4444444444
121170012,37,0.5555555556
121170013,37,1.0000000000
121170014,37,1.0000000000
121170015,37,1.0000000000
121170016,37,1.0000000000
121170017,37,1.0000000000
121170018,37,1.0000000000
121170019,37,1.0000000000
121170020,37,1.0000000000
121170022,36,1.0000000000
121170023,36,1.0000000000
121170024,36,1.0000000000
121170025,37,1.0000000000
121170026,37,1.0000000000
121170027,37,1.0000000000
121170028,37,1.0000000000
121170029,37,1.0000000000
121170030,37,1.0000000000
121170031,38,1.0000000000
121170032,38,1.0000000000
121170033,38,1.0000000000
121170034,38,1.0000000000
121170035,38,1.0000000000
121170036,38,1.0000000000
121170037,38,1.0000000000
121170038,38,1.0000000000
121170039,38,1.0000000000
121170040,39,1.0000000000
121170041,36,1.0000000000
121170042,36,1.0000000000
121170043,36,1.0000000000
121170044,36,1.0000000000
121170045,36,1.0000000000
121170046,36,1.0000000000
121170047,36,1.0000000000
121170048,36,1.0000000000
121170049,36,1.0000000000
121170050,38,0.9808381880
121170050,42,0.0191618120
121170051,38,1.0000000000
121170052,38,1.0000000000
121170053,38,1.0000000000
121170054,38,1.0000000000
121170055,38,1.0000000000
121170056,38,1.0000000000
121170057,38,1.0000000000
121170058,38,1.0000000000
121170059,39,1.0000000000
121170060,38,1.0000000000
121170061,38,1.0000000000
121170062,38,1.0000000000
121170063,36,0.9375000000
121170063,38,0.0625000000
121170064,36,1.0000000000
121170065,36,1.0000000000
121170066,36,1.0000000000
121170067,36,1.0000000000
121170068,36,1.0000000000
121170069,36,0.4444444444
121170069,38,0.5555555556
121170070,36,0.2000000000
121170070,38,0.8000000000
121170071,36,1.0000000000
121170072,36,1.0000000000
121170073,36,1.0000000000
121170074,36,1.0000000000
121170075,36,1.0000000000
121170076,36,1.0000000000
121170077,36,1.0000000000
121170078,39,1.0000000000
121170079,39,1.0000000000
121170080,38,1.0000000000
121170081,36,1.0000000000
121170082,36,1.0000000000
121170083,36,1.0000000000
121170084,36,1.0000000000
121170085,36,1.0000000000
121170086,36,1.0000000000
121170087,36,1.0000000000
121170088,36,1.0000000000
121170089,36,1.0000000000
121170090,36,1.0000000000
121170091,36,1.0000000000
121170092,36,1.0000000000
121170093,36,1.0000000000
121170094,36,1.0000000000
121170095,36,1.0000000000
121170096,36,1.0000000000
121170097,36,1.0000000000
121170098,36,1.0000000000
121170099,36,1.0000000000
121170100,36,1.0000000000
121170101,36,1.0000000000
121170102,38,1.0000000000
121170103,38,1.0000000000
121170104,38,1.0000000000
121170105,38,1.0000000000
121170106,38,1.0000000000
121170107,38,1.0000000000
121170108,38,1.0000000000
121170109,38,1.0000000000
121170110,36,1.0000000000
121170111,36,1.0000000000
121170112,36,1.0000000000
121170113,36,1.0000000000
121170114,36,1.0000000000
121170115,36,1.0000000000
121170116,36,1.0000000000
121170117,36,1.0000000000
121170118,36,1.0000000000
121170119,36,1.0000000000
121170120,36,1.0000000000
121170121,36,1.0000000000
121170122,36,1.0000000000
121170123,36,1.0000000000
121170124,36,1.0000000000
121170125,36,1.0000000000
121170126,36,1.0000000000
121170127,36,1.0000000000
121170128,36,1.0000000000
121170129,38,1.0000000000
121170130,38,1.0000000000
121170131,38,1.0000000000
121170132,36,1.0000000000
121170133,36,1.0000000000
121170134,36,1.0000000000
121170135,36,1.0000000000
121170136,36,1.0000000000
121170137,36,1.0000000000
121170138,38,1.0000000000
121170139,38,1.0000000000
121170140,38,1.0000000000
121170141,38,1.0000000000
121170142,38,0.2631578947
121170142,39,0.7368421053
121170143,36,1.0000000000
121170144,36,1.0000000000
121170145,36,1.0000000000
121170146,36,1.0000000000
121170147,38,1.0000000000
121170148,38,1.0000000000
121170149,38,1.0000000000
121170150,38,1.0000000000
121170151,38,1.0000000000
121170152,38,1.0000000000
121170153,38,1.0000000000
121170154,36,1.0000000000
121170155,36,1.0000000000
121170156,36,1.0000000000
121170157,36,1.0000000000
121170158,36,1.0000000000
121170159,36,1.0000000000
121170160,36,1.0000000000
121170161,36,1.0000000000
121170162,38,1.0000000000
121170163,38,1.0000000000
121170164,38,1.0000000000
121170165,38,1.0000000000
121170166,38,1.0000000000
121170167,38,1.0000000000
121170168,38,1.0000000000
121170169,38,1.0000000000
121170170,38,1.0000000000
121170171,38,1.0000000000
121170172,38,1.0000000000
121170173,38,1.0000000000
121170174,38,1.0000000000
121170175,38,1.0000000000
121170176,36,0.9910714286
121170176,38,0.0089285714
121170177,38,1.0000000000
121170178,36,1.0000000000
121170179,36,1.0000000000
121170180,36,1.0000000000
121170181,36,1.0000000000
121170182,36,1.0000000000
121170183,38,1.0000000000
121170184,38,1.0000000000
121170185,38,1.0000000000
121170186,38,1.0000000000
121170187,38,1.0000000000
121170188,38,1.0000000000
121170189,38,1.0000000000
121170190,38,1.0000000000
121170191,38,1.0000000000
121170192,38,1.0000000000
121170193,38,1.0000000000
121170194,38,1.0000000000
121170195,36,1.0000000000
121170196,36,1.0000000000
121170197,39,1.0000000000
121170198,39,1.0000000000
121170199,39,1.0000000000
121170200,37,1.0000000000
121170201,37,1.0000000000
121170202,37,1.0000000000
121170203,38,1.0000000000
121170204,38,1.0000000000
121170205,38,1.0000000000
121170206,38,1.0000000000
121170207,38,1.0000000000
121170208,38,1.0000000000
121170209,38,1.0000000000
121170210,36,1.0000000000
121170211,36,1.0000000000
121170212,36,1.0000000000
121170213,38,1.0000000000
121170214,38,1.0000000000
121170215,38,0.0038005865
121170215,39,0.9961994135
121170216,39,1.0000000000
121170217,39,1.0000000000
121170218,39,1.0000000000
121170219,36,1.0000000000
121170220,36,1.0000000000
121170221,36,1.0000000000
121170222,36,1.0000000000
121170223,36,1.0000000000
121170224,36,1.0000000000
121170225,36,1.0000000000
121170226,36,1.0000000000
121170227,36,1.0000000000
121170228,36,1.0000000000
121170229,36,1.0000000000
121170230,36,1.0000000000
121170231,38,1.0000000000
121170232,38,1.0000000000
121170233,38,0.2962962963
121170233,39,0.7037037037
121170234,38,1.0000000000
121170235,38,1.0000000000
121170236,38,0.9000000000
121170236,39,0.1000000000
121170237,39,1.0000000000
121170238,39,1.0000000000
121170239,39,1.0000000000
121170240,39,1.0000000000
121170241,39,1.0000000000
121170242,39,1.0000000000
121170243,39,1.0000000000
121170244,38,1.0000000000
121170245,38,1.0000000000
121170246,38,1.0000000000
121170247,38,1.0000000000
121170248,38,1.0000000000
121170249,38,1.0000000000
121170250,38,1.0000000000
121170251,38,1.0000000000
121170252,38,1.0000000000
121170253,38,1.0000000000
121170254,38,1.0000000000
121170255,39,1.0000000000
121170256,39,1.0000000000
121170257,39,1.0000000000
121170258,39,1.0000000000
121170259,36,1.0000000000
121170260,37,1.0000000000
121170261,38,1.0000000000
121170262,38,1.0000000000
121170263,38,1.0000000000
121170264,38,1.0000000000
121170265,38,1.0000000000
121170266,38,1.0000000000
121170267,38,1.0000000000
121170268,38,1.0000000000
121170269,38,1.0000000000
121170270,36,0.1995799838
121170270,38,0.8004200162
121170271,36,1.0000000000
121170272,36,1.0000000000
121170273,36,1.0000000000
121170274,36,1.0000000000
121170275,36,1.0000000000
121170276,38,1.0000000000
121170277,38,1.0000000000
121170278,38,1.0000000000
121170279,39,1.0000000000
121170280,39,1.0000000000
121170281,39,1.0000000000
121170282,39,1.0000000000
121170283,39,1.0000000000
121170284,38,1.0000000000
121170285,38,1.0000000000
121170286,36,1.0000000000
121170287,36,1.0000000000
121170288,36,1.0000000000
121170289,36,1.0000000000
121170290,36,1.0000000000
121170291,37,1.0000000000
121170292,36,0.9487179487
121170292,39,0.0512820513
121170293,36,1.0000000000
121170294,38,1.0000000000
121170295,38,1.0000000000
121170296,38,1.0000000000
121170297,38,1.0000000000
121170298,38,1.0000000000
121170299,38,1.0000000000
121170300,38,1.0000000000
121170301,38,1.0000000000
121170302,38,1.0000000000
121170303,38,1.0000000000
121170304,38,1.0000000000
121170305,38,1.0000000000
121170306,39,1.0000000000
121170307,36,0.0555555556
121170307,39,0.9444444444
121170308,39,1.0000000000
121170309,37,0.2000000000
121170309,38,0.8000000000
121170310,36,0.0595320062
121170310,38,0.9404679938
121170311,37,0.3333333333
121170311,38,0.6666666667
121170312,37,1.0000000000
121170313,36,0.0285714286
121170313,38,0.9714285714
121170314,36,0.6074996463
121170314,37,0.1511210433
121170314,38,0.2413793103
121170315,36,0.0004727179
121170315,38,0.9995272821
121170316,36,1.0000000000
121170317,36,1.0000000000
121170318,38,1.0000000000
121170319,38,1.0000000000
121170320,38,1.0000000000
121170321,37,0.7307993773
121170321,38,0.2692006227
121170322,37,1.0000000000
121170323,37,1.0000000000
121170324,37,1.0000000000
121170325,37,1.0000000000
121170326,37,1.0000000000
121170327,37,1.0000000000
121170328,36,0.7600000000
121170328,37,0.2400000000
121170329,36,0.4695399118
121170329,37,0.5304600882
121170330,36,1.0000000000
121170331,37,0.9980399706
121170331,38,0.0019600294
121170332,37,1.0000000000
121170333,36,0.0024902027
121170333,38,0.9975097973
121170334,38,1.0000000000
121170335,36,1.0000000000
121170336,36,1.0000000000
121170337,36,1.0000000000
121170338,39,1.0000000000
121170339,36,1.0000000000
121170340,36,1.0000000000
121170341,36,1.0000000000
121170342,37,1.0000000000
121170343,37,1.0000000000
121170344,37,1.0000000000
121170345,37,1.0000000000
121170346,36,1.0000000000
121170347,36,1.0000000000
121170348,36,1.0000000000
121170349,36,1.0000000000
121170350,38,1.0000000000
121170351,38,1.0000000000
121170352,38,1.0000000000
121170353,37,1.0000000000
121170354,37,1.0000000000
121170355,38,0.0400000000
121170355,39,0.9600000000
121170356,39,1.0000000000
121170357,37,1.0000000000
121170358,37,1.0000000000
121170359,38,1.0000000000
121170360,36,1.0000000000
121170361,36,1.0000000000
121170362,36,1.0000000000
121170363,36,1.0000000000
121170364,36,1.0000000000
121170365,36,1.0000000000
121170366,36,1.0000000000
121170367,37,1.0000000000
121170368,37,1.0000000000
121170369,37,1.0000000000
121170370,37,1.0000000000
121170371,37,1.0000000000
121170372,37,1.0000000000
121170373,39,1.0000000000
121170374,36,0.4166666667
121170374,39,0.5833333333
121170375,36,1.0000000000
121170376,36,1.0000000000
121170377,36,1.0000000000
121170378,36,1.0000000000
121170379,36,1.0000000000
121170380,36,1.0000000000
121170381,36,1.0000000000
121170382,36,1.0000000000
121170383,36,1.0000000000
121170384,36,1.0000000000
121170385,36,1.0000000000
121170386,36,1.0000000000
121190001,52,1.0000000000
121190002,52,1.0000000000
121190003,52,1.0000000000
121190004,52,1.0000000000
121190005,52,1.0000000000
121190006,52,1.0000000000
121190007,52,1.0000000000
121190008,52,1.0000000000
121190009,52,1.0000000000
121190010,52,1.0000000000
121190011,52,1.0000000000
121190012,52,1.0000000000
121190013,52,1.0000000000
121190014,52,1.0000000000
121190015,52,1.0000000000
121190016,52,1.0000000000
121190017,52,1.0000000000
121190018,52,1.0000000000
121190019,52,1.0000000000
121190020,52,1.0000000000
121190021,52,1.0000000000
121190022,52,1.0000000000
121190023,52,1.0000000000
121190024,52,1.0000000000
121190025,52,1.0000000000
121190026,52,1.0000000000
121190027,52,1.0000000000
121190028,52,1.0000000000
121190029,52,1.0000000000
121190030,52,1.0000000000
121190031,52,1.0000000000
121190032,52,1.0000000000
121190033,52,1.0000000000
121190034,52,1.0000000000
121190035,52,1.0000000000
121190036,52,1.0000000000
121190037,52,1.0000000000
121190038,52,1.0000000000
121190039,52,1.0000000000
121190040,52,1.0000000000
121190041,52,1.0000000000
121190042,52,1.0000000000
121190043,52,1.0000000000
121190044,52,1.0000000000
121210001,7,1.0000000000
121210002,7,1.0000000000
121210003,7,1.0000000000
121210004,7,1.0000000000
121210005,7,1.0000000000
121210006,7,1.0000000000
121210007,7,1.0000000000
121210008,7,1.0000000000
121210009,7,1.0000000000
121210010,7,1.0000000000
121210011,7,1.0000000000
121210012,7,1.0000000000
121210013,7,1.0000000000
121210014,7,1.0000000000
121210015,7,1.0000000000
121210016,7,1.0000000000
121230001,7,1.0000000000
121230002,7,1.0000000000
121230003,7,1.0000000000
121230004,7,1.0000000000
121230005,7,1.0000000000
121230006,7,1.0000000000
121230007,7,1.0000000000
121230008,7,1.0000000000
121230009,7,1.0000000000
121230010,7,1.0000000000
121230011,7,1.0000000000
121230012,7,1.0000000000
121230013,7,1.0000000000
121230014,7,1.0000000000
121250001,10,1.0000000000
121250002,10,1.0000000000
121250003,10,1.0000000000
121250004,10,1.0000000000
121250005,10,1.0000000000
121250006,10,1.0000000000
121250007,10,1.0000000000
121250008,10,1.0000000000
121250009,10,1.0000000000
121250010,10,1.0000000000
121270001,27,1.0000000000
121270002,27,1.0000000000
121270003,27,1.0000000000
121270004,27,1.0000000000
121270005,27,0.9573170732
121270005,28,0.0426829268
121270006,27,1.0000000000
121270007,27,1.0000000000
121270008,27,0.6923076923
121270008,28,0.3076923077
121270009,27,1.0000000000
121270010,27,0.5272727273
121270010,29,0.4727272727
121270011,28,0.0892857143
121270011,29,0.9107142857
121270012,28,0.1707317073
121270012,29,0.8292682927
121270013,29,1.0000000000
121270014,29,1.0000000000
121270015,29,1.0000000000
121270017,27,0.1076923077
121270017,29,0.8923076923
121270018,29,1.0000000000
121270019,29,1.0000000000
121270020,29,1.0000000000
121270021,29,1.0000000000
121270022,27,0.9193548387
121270022,29,0.0806451613
121270023,29,1.0000000000
121270024,29,1.0000000000
121270025,29,1.0000000000
121270026,27,0.0062893082
121270026,29,0.9937106918
121270027,29,1.0000000000
121270028,29,1.0000000000
121270029,29,1.0000000000
121270030,29,1.0000000000
121270031,29,1.0000000000
121270032,29,1.0000000000
121270033,29,1.0000000000
121270034,29,1.0000000000
121270035,29,1.0000000000
121270036,29,1.0000000000
121270037,27,0.0066666667
121270037,29,0.9933333333
121270038,29,1.0000000000
121270039,29,1.0000000000
121270040,29,1.0000000000
121270041,29,1.0000000000
121270042,29,1.0000000000
121270043,29,1.0000000000
121270044,29,1.0000000000
121270045,29,1.0000000000
121270046,29,1.0000000000
121270047,29,1.0000000000
121270048,29,1.0000000000
121270049,27,0.1442505636
121270049,29,0.8557494364
121270050,29,1.0000000000
121270051,29,1.0000000000
121270052,27,0.4721341834
121270052,29,0.5278658166
121270053,27,1.0000000000
121270054,27,1.0000000000
121270055,27,1.0000000000
121270056,27,1.0000000000
121270057,27,1.0000000000
121270058,27,1.0000000000
121270059,27,1.0000000000
121270060,27,1.0000000000
121270061,27,1.0000000000
121270062,27,1.0000000000
121270063,27,1.0000000000
121270064,27,1.0000000000
121270065,27,1.0000000000
121270066,27,1.0000000000
121270067,27,1.0000000000
121270069,27,1.0000000000
121270070,27,1.0000000000
121270071,27,1.0000000000
121270072,27,1.0000000000
121270073,27,1.0000000000
121270074,27,1.0000000000
121270075,27,1.0000000000
121270076,27,1.0000000000
121270077,27,0.0163934426
121270077,29,0.9836065574
121270078,29,1.0000000000
121270079,29,1.0000000000
121270080,29,0.6666666667
121270080,30,0.3333333333
121270081,29,1.0000000000
121270082,29,1.0000000000
121270083,27,0.0270674182
121270083,29,0.9729325818
121270084,29,1.0000000000
121270085,29,1.0000000000
121270086,29,1.0000000000
121270087,29,1.0000000000
121270088,29,1.0000000000
121270089,29,1.0000000000
121270090,29,1.0000000000
121270091,29,1.0000000000
121270092,29,1.0000000000
121270093,27,0.0180180564
121270093,29,0.9819819436
121270094,29,1.0000000000
121270095,29,1.0000000000
121270096,29,1.0000000000
121270097,30,1.0000000000
121270098,27,0.0375000000
121270098,29,0.9625000000
121270099,29,1.0000000000
121270100,29,1.0000000000
121270101,28,1.0000000000
121270102,28,1.0000000000
121270103,28,1.0000000000
121270104,28,1.0000000000
121270105,28,1.0000000000
121270106,28,1.0000000000
121270107,28,1.0000000000
121270108,28,1.0000000000
121270109,28,1.0000000000
121270110,28,1.0000000000
121270111,28,1.0000000000
121270112,28,1.0000000000
121270113,28,1.0000000000
121270114,28,1.0000000000
121270115,28,1.0000000000
121270116,28,1.0000000000
121270118,28,1.0000000000
121270119,28,1.0000000000
121270120,28,1.0000000000
121270121,28,1.0000000000
121270122,28,1.0000000000
121270123,28,1.0000000000
121270124,28,1.0000000000
121270125,28,1.0000000000
121270126,28,1.0000000000
121270127,28,1.0000000000
121270128,28,1.0000000000
121270129,28,1.0000000000
121270130,28,1.0000000000
121270131,28,1.0000000000
121270132,28,1.0000000000
121270133,28,1.0000000000
121270134,28,1.0000000000
121270135,28,1.0000000000
121270136,28,1.0000000000
121270137,28,1.0000000000
121270138,28,1.0000000000
121270139,28,1.0000000000
121270140,28,1.0000000000
121270141,28,1.0000000000
121270142,28,1.0000000000
121270143,28,1.0000000000
121270144,28,1.0000000000
121270145,28,1.0000000000
121270146,28,1.0000000000
121270147,28,1.0000000000
121270148,28,1.0000000000
121270149,28,1.0000000000
121270150,28,1.0000000000
121270151,28,1.0000000000
121270152,28,1.0000000000
121270153,28,1.0000000000
121270154,28,1.0000000000
121270155,28,1.0000000000
121270156,28,1.0000000000
121270157,28,1.0000000000
121270158,28,1.0000000000
121270159,28,1.0000000000
121270160,28,1.0000000000
121270161,28,1.0000000000
121270162,28,1.0000000000
121270163,28,1.0000000000
121270164,28,1.0000000000
121270165,28,1.0000000000
121270166,28,1.0000000000
121270167,28,1.0000000000
121270168,28,1.0000000000
121270169,28,1.0000000000
121270170,28,0.9996332878
121270170,30,0.0003667122
121270171,28,1.0000000000
121270172,28,0.0795082156
121270172,30,0.9204917844
121270173,28,1.0000000000
121270174,28,1.0000000000
121270175,28,1.0000000000
121270176,28,0.9916666667
121270176,30,0.0083333333
121270177,28,0.0163405793
121270177,30,0.9836594207
121270178,28,0.0445945870
121270178,30,0.9554054130
121270179,30,1.0000000000
121270180,30,1.0000000000
121270181,30,1.0000000000
121270182,28,0.3137271345
121270182,29,0.5903399577
121270182,30,0.0959329079
121270183,30,1.0000000000
121270184,30,1.0000000000
121270185,30,1.0000000000
121270186,30,1.0000000000
121270187,30,1.0000000000
121270188,30,1.0000000000
121270189,28,1.0000000000
121270190,30,1.0000000000
121270191,30,1.0000000000
121270192,30,1.0000000000
121270193,30,1.0000000000
121270194,30,1.0000000000
121270195,29,0.0539196712
121270195,30,0.9460803288
121270196,28,0.0222222222
121270196,30,0.9777777778
121270197,30,1.0000000000
121270198,30,1.0000000000
121270199,30,1.0000000000
121270200,29,0.5384599694
121270200,30,0.4615400306
121270201,30,1.0000000000
121270202,30,1.0000000000
121270203,30,1.0000000000
121270204,30,1.0000000000
121270205,30,1.0000000000
121270206,30,1.0000000000
121270207,30,1.0000000000
121270208,30,1.0000000000
121270209,30,1.0000000000
121270210,30,1.0000000000
121270211,30,1.0000000000
121270212,30,1.0000000000
121270213,30,1.0000000000
121270214,30,1.0000000000
121270215,30,1.0000000000
121270216,30,1.0000000000
121270217,30,1.0000000000
121270218,30,1.0000000000
121270219,30,1.0000000000
121270220,30,1.0000000000
121270221,30,1.0000000000
121270222,30,1.0000000000
121270223,30,1.0000000000
121270224,30,1.0000000000
121270225,30,1.0000000000
121270226,30,1.0000000000
121270227,30,1.0000000000
121270228,30,1.0000000000
121270229,30,1.0000000000
121270230,30,1.0000000000
121270231,30,1.0000000000
121270232,30,1.0000000000
121270233,30,1.0000000000
121270234,30,1.0000000000
121270235,30,1.0000000000
121270236,30,1.0000000000
121270237,30,1.0000000000
121270238,30,1.0000000000
121270239,30,1.0000000000
121270240,30,1.0000000000
121270241,30,1.0000000000
121270242,30,1.0000000000
121270243,30,1.0000000000
121270244,30,1.0000000000
121270245,30,1.0000000000
121270246,30,1.0000000000
121270248,30,1.0000000000
121270249,30,1.0000000000
121270250,30,1.0000000000
121270251,30,1.0000000000
121270252,30,1.0000000000
121270253,30,1.0000000000
121270254,30,1.0000000000
121270255,30,1.0000000000
121270256,30,1.0000000000
121270257,30,1.0000000000
121270258,30,1.0000000000
121270259,30,1.0000000000
121270260,30,1.0000000000
121270261,30,1.0000000000
121270262,30,1.0000000000
121270263,30,1.0000000000
121270264,30,1.0000000000
121270265,30,1.0000000000
121270266,30,1.0000000000
121270267,30,1.0000000000
121270268,30,1.0000000000
121270270,30,1.0000000000
121270271,27,1.0000000000
121290001,7,1.0000000000
121290002,7,1.0000000000
121290003,7,1.0000000000
121290004,7,1.0000000000
121290005,7,1.0000000000
121290006,7,1.0000000000
121290007,7,1.0000000000
121290008,7,1.0000000000
121290009,7,1.0000000000
121290010,7,1.0000000000
121290011,7,1.0000000000
121290012,7,1.0000000000
121310001,5,1.0000000000
121310002,5,1.0000000000
121310003,5,1.0000000000
121310004,5,1.0000000000
121310005,5,1.0000000000
121310006,5,1.0000000000
121310007,5,1.0000000000
121310008,5,1.0000000000
121310009,5,1.0000000000
121310010,5,1.0000000000
121310011,5,1.0000000000
121310012,5,1.0000000000
121310013,5,1.0000000000
121310014,5,1.0000000000
121310015,5,1.0000000000
121310016,5,1.0000000000
121310017,5,1.0000000000
121310018,5,1.0000000000
121310019,5,1.0000000000
121310020,5,1.0000000000
121310021,5,1.0000000000
121310022,5,1.0000000000
121310023,5,1.0000000000
121310024,5,1.0000000000
121310025,5,1.0000000000
121310026,5,1.0000000000
121310027,5,1.0000000000
121310028,5,1.0000000000
121310029,5,1.0000000000
121310030,5,1.0000000000
121310031,5,1.0000000000
121310032,5,1.0000000000
121310033,5,1.0000000000
121310034,5,1.0000000000
121330001,5,1.0000000000
121330002,5,1.0000000000
121330003,5,1.0000000000
121330004,5,1.0000000000
121330005,5,1.0000000000
121330006,5,1.0000000000
121330007,5,1.0000000000
121330008,5,1.0000000000
121330009,5,1.0000000000
121330010,5,1.0000000000
121330011,5,1.0000000000
121330012,5,1.0000000000
121330013,5,1.0000000000
121330014,5,1.0000000000
121330015,5,1.0000000000
121330016,5,1.0000000000
121330017,5,1.0000000000
121330018,5,1.0000000000
121330019,5,1.0000000000
121330020,5,1.0000000000
121330021,5,1.0000000000
121330022,5,1.0000000000
121330023,5,1.0000000000
121330024,5,1.0000000000
121330025,5,1.0000000000
121330026,5,1.0000000000
121330027,5,1.0000000000
121330028,5,1.0000000000
